ProductId,UserId,Score,Summary
B0009XLVG0,A2725IB4YY9JEB,5,"My cats LOVE this ""diet"" food better than their regular food"
B001GVISJM,A18ECVX2RJ7HUE,4,fresh and greasy!
B001GVISJM,A2MUGFV2TDQ47K,5,Strawberry Twizzlers - Yummy
B001GVISJM,A2A9X58G2GTBLP,5,GREAT SWEET CANDY!
B001EO5QW8,AOVROBZ8BNTP7,4,Best of the Instant Oatmeals
B001EO5QW8,A1MYS9LFFBIYKM,5,Love Gluten Free Oatmeal!!!
B001EO5QW8,A2G7B7FKP2O2PU,5,Great taste and convenience
B001EO5QW8,A39Z97950MCTQE,3,Hearty Oatmeal
B001EO5QW8,AQLL2R1PPR46X,5,good
B001EO5QW8,ALOR97KTZTK1P,4,Very good but next time I won't order the Variety Pack
B001EO5QW8,A276999Y6VRSCQ,3,Same stuff
B000G6RPMY,A9L6L5H9BPEBO,4,You'll go nuts over Ass-Kickin' Peanuts.
B004X2KR36,A2W3ABLWMJ84NS,5,Good
B004X2KR36,A26M5O53PHZTKN,5,Taste great
B004K2IHUO,AVCA516CFZ9HF,4,TART!
B001REEG6C,AY12DBB0U420B,5,My Idea of a Good Diet Food.
B003SE19UK,A1QAJ948PN36II,5,Wonderful food - perfect for allergic kitties
B002SRYRE8,A198FU6P1BVUNZ,5,Tastes awesome & looks beautiful
B001GVISJW,A2YIO225BTKVPU,4,Good Licorice
B001GVISJW,A1Z54EM24Y40LL,5,Great for the kids!
B001GVISJW,A281387UUS2IN5,3,Bite sized
B000ITVLE2,A3NID9D9WMIV01,5,tastes very fresh
B000ITVLE2,A5X6PJANY4XW4,5,"Right size, taste"
B0025VRCJY,A3L9ZT7SRJYLVH,4,ReaLemon Juice from Amazon.
B005CJVVJ8,A3BSTFFIKK5YTW,4,Never paid that much !
B004V6AH34,A3POAWC2JPQQQP,5,great taste and has health benefits!
B0028C44Z0,A3BJ9NS09YGQT5,1,These just don't do it for me as breath mints
B0009XLVGA,A1NHQNQ3TVXTZF,1,CHANGED FORMULA MAKES CATS SICK!!!!
B003SO503C,A3OXRFCJI67IMN,5,Really Nice Taste!
B003ZFXJDW,AJ94Y22SUFCGU,5,Big tub o' salt
B001EO5ZMY,AF72GTWZGAC61,5,Excellent loose tea.
B007TFONH0,AMRNVZKWF6519,5,Wonderful!
B000LKZK7C,A2NP8RNW9T5BQF,1,Lie!!!!
B000LKZK7C,A1L4RDILGM7D9E,4,Excellent but not perfect
B000LKZK7C,A2582KMXLK2P06,5,great
B001D07IPG,A27UE9HJRZ22YI,1,Over priced chips and lack rice taste
B000H13270,A1YLOZQKBX3J1S,3,too expensive
B000H13270,AVQIRN6E7J7UA,3,Not mild enough for me lol
B001UJEN6C,A37AO20OXS51QA,5,"The best energy shot out there, smooth and organic!"
B001UJEN6C,AREOHWLWVX0A8,3,Doesn't taste that good but provides you the energy
B001UJEN6C,ATN552TF5V40Z,1,So awful I can barely describe
B003YDP5PA,AAZ084UMH8VZ2,5,One of my Favoritte foods
B003VTN95K,A3GLQSR6MTHXGL,5,coffee-mate creamer
B0067LDV66,A26EQ8U96JA92T,5,"Tasty, tasty tasty!"
B0041QJSJS,A1KZUXE70GYNGO,4,"Love Weavers, I am a fan."
B0041QJSJS,A20B2BU1ZPY9AW,1,Bitter
B0041QJSJS,A2T68P9I05KBFT,5,"Drinking it now, love the latin america ""aroma"""
B00437JI8Q,A2SLZMD0UYRT5X,5,GREAT SNACK
B00437JI8Q,A1J87LOAYSMHO9,5,Another Husband Favorite
B002O3VHXU,A3OXHLG6DIBRW8,5,Very Smooth Coffee - Highly Recommended
B002O3VHXU,A2TJG4N8LNJW23,4,A saving grace for Green Mountain Coffee...
B000UXA3L8,A25C2M3QF9G7OQ,5,"Excellent flavor, mostly large pieces"
B001ELL6O8,A13T2G4T8LR8XA,5,Delisious Pancakes
B001ELL6O8,ALSAOZ1V546VT,5,Arrowhead Mills whole grain buttermilk Pancakes are easy!
B004X8TK8I,A3U2QAY7SVE9AI,5,Hey!
B004X8TK8I,A3GIMXLOEPFJBV,4,These are Famous for a reason.
B004X8TK8I,AMRMK86X3PKXD,5,Wow
B000G6RYNE,A2NO1TXXS9T0EE,4,Hard
B000G6RYNE,A1IRN1M05TPOVT,5,Kettle potato chips:  Fully loaded baked potato
B000G6RYNE,ARONI7W0W677H,5,"Fresh, Lightly-Spiced, Crunchy Kettle Chips. Good Value, Good Product."
B000G6RYNE,A1Y3XPZK9ZADFW,4,glad to find them in 1 oz size
B000G6RYNE,A1Y3XPZK9ZADFW,4,"pretty good, could be better"
B000G6RYNE,A1ELZC3WXWILX2,5,a slight taste of jalapeno
B000G6RYNE,A1X5RAIMX4ZSLJ,5,Best chips ever
B000G6RYNE,A1IRN1M05TPOVT,5,Kettle potato chips:  Sweet onion
B000G6RYNE,A1S8ELUE383P8E,5,Ridiculously Good
B000G6RYNE,A2OEUROGZDTXUJ,5,Delicious!
B000G6RYNE,A17V3UVYMI69TE,4,PUCKER UP
B000G6RYNE,A22PUBSSNP54L,5,I love these chips.  They are thick and crunchy!
B000G6RYNE,A15USNEAJUXOSH,4,Quite good
B000G6RYNE,A15USNEAJUXOSH,5,Delicious
B000G6RYNE,A2BLJGGWN8GTXQ,5,Salty and vinegary!!!
B000G6RYNE,A1FXCNUVQ6FOMC,5,WOW!!!!
B000G6RYNE,A926YP1BSD72Y,5,Best gluten-free dairy-free chips
B000G6RYNE,A33PLZ7SD5MCG0,4,A unique flavor for fans of Thai food
B000G6RYNE,A3EEBE82C3HYRD,3,"Honey Dijon leaves bad aftertaste, NY Cheddar are pretty good"
B000G6RYNE,A35JPD8Q492FJC,5,Yowzah!!
B000G6RYNE,A391CLP4UMXJQG,4,Very good.
B000G6RYNE,AYB4ELCS5AM8P,5,Excellent!
B000G6RYNE,A2GOE7ITDGYVE,5,Tangy goodness.
B000G6RYNE,A19G8B2QYETD7W,3,Heavy on the Vinegar
B000G6RYNE,A3PZ4AXTY9J1DZ,4,"A delicious, crisp chip with good flavor"
B000G6RYNE,ACFPHOYVB71V4,5,BEST BUY in BBQ Chips
B000G6RYNE,A1H80WDFOR94Q5,5,Love Them!
B000G6RYNE,A3Q5YZNYGGUP8W,5,Crunchy and Tasty
B000G6RYNE,AKRLMISQPL8QW,5,Convenience at low cost
B000G6RYNE,A2MUGFV2TDQ47K,3,An Acquired Taste
B000G6RYNE,A1465JH39KR5O5,5,Best deal ever!
B000G6RYNE,A1L17QW3R7A519,5,Yum!
B000G6RYNE,AOSFLVLMAG0N5,5,Barbeque perfection
B000G6RYNE,A2H2Q5RW1K56AI,5,Excellent Thai-flavored chip
B000G6RYNE,A13VD7TJDWVOEC,5,Best Kettle Chips!
B000G6RYNE,AKKQKYX8ODUAF,5,The Supreme Salt & Vinegar
B000G6RYNE,A3RB0YBBYGXBYE,5,Delicious as always!
B000G6RYNE,A3492ZW10B65ON,5,OooH Yummy!
B000G6RYNE,A2ZEFDVX4X5TPX,4,Not quite the best...
B000G6RYNE,A2MMTWKCJET6S,4,want to gaain twenty pounds with no control whatsoever? Buy this!
B000G6RYNE,A3RMGIKUWGPZOK,5,One of Their Best Flavors
B000G6RYNE,A1E2Y40TTPL8YK,5,Love these chips!
B000G6RYNE,A56JFSLUCHI4J,5,Highly addicitive chips
B000G6RYNE,A1DW1FK1H3F2TM,5,These are AWESOME!
B000G6RYNE,A3PJZ8TU8FDQ1K,5,"One bite and you'll become a ""chippoisseur"""
B000G6RYNE,A3PJZ8TU8FDQ1K,5,"Crunchy, salty, sweet...finally, a Superbowl snack that scooores!"
B000G6RYNE,AU3VZDTQH0J4M,5,These chips make me weak at the knees
B000G6RYNE,A3B0HXAUWCLSZO,5,By far my favorite chips
B000G6RYNE,A17UR3NRLARXCH,4,"Good chips, more cheese"
B000G6RYNE,A31N6KB160O508,4,Pretty good tasting chip
B000G6RYNE,A339FKUBFG0VLX,4,Yummy chips
B000G6RYNE,A3MLESXA2VGWJC,4,Best sour cream & onion chip I've had
B000G6RYNE,A3UCO7B9HP42BG,5,Great chips
B000G6RYNE,A1DOBB5XZ1KMZ5,5,Fabulous!
B000G6RYNE,A3I96LKK3S15D0,5,Box-o-Chips
B000G6RYNE,A2LS9RBSI8SDZF,5,fantastic!you can not beat this taste and you can not resist to it only one if you are spice lover
B000G6RYNE,A324FVIOYCWNSB,4,An addictive potato chip
B000G6RYNE,A1RRHET1QIP1YK,5,Great Chip!
B000G6RYNE,A12OF4IM7A8YS,5,"Excellent balance of taste, crunchiness, and moisture"
B000G6RYNE,AUHS7PQNAHNDI,5,Yum
B000G6RYNE,A26ONAQEIUEMV4,5,Very good chips at a great price.
B000G6RYNE,AOHRHPJP38LLT,2,70% of the chips in the bag are over cooked
B000G6RYNE,A1AXXMJQ3NDIFK,5,Great chips!
B000G6RYNE,A31N6KB160O508,4,Not bad but a little hard to get used to
B000G6RYNE,A31N6KB160O508,4,Firm quality chip
B000G6RYNE,A1WQ3UGXPT15VI,2,Not  Very Creamy or Chivey...
B000G6RYNE,A1B05INWIDZ74O,3,Prefer other flavors
B000G6RYNE,A1B05INWIDZ74O,5,These will be habit forming!
B000G6RYNE,A3TEMXOLE1APPZ,2,Good and tangy
B000G6RYNE,A2OAYIM13WIXCH,5,the best chips ever
B000G6RYNE,A2BFFXK7TEINBE,5,I do not even like kettle chips and I love these
B000G6RYNE,A3N9DN0V2YXAXA,5,You have to love sea salt and vinegar already
B000G6RYNE,A2C5BWOM7329UD,5,Addictive
B000G6RYNE,APGAA43E3WPN7,5,amazing chips
B000G6RYNE,ABR7HU5H1KNE,5,Best Chip Ever
B000G6RYNE,AJQD2WWJYOYFQ,4,"Tangy, spicy, and sweet- oh my!"
B000G6RYNE,A16YH487W9ZYO0,4,An indulgence with a bite
B000G6RYNE,A83YQC1XOU4CS,5,The best I've had
B000G6RYNE,A2LGWBIT9WCTVA,5,Excellent chip!
B000G6RYNE,A3TX8RH943OLBM,2,salt and vinegar chips
B000G6RYNE,A3L4OZ0U0A5UDH,5,Delicious!!
B000G6RYNE,A2OEUROGZDTXUJ,4,I like them.
B000G6RYNE,A30H2335OM7RD6,5,Love Kettle Chips
B000G6RYNE,A2SYKMR242D0X6,5,Best unsalted chips
B000G6RYNE,A27YPCR3ZXWVFE,5,So Delicious...Yet my companions wont touch them.
B000G6RYNE,A39Y59C6FTC0GL,2,"Love Kettle Chips, but not this flavor!"
B000G6RYNE,A3I5AT1101AS3A,1,Maybe the worst chips ever.
B000G6RYNE,A22LENLDTGQIU7,1,Surprise 1  It's different...
B000G6RYNE,A2ZCD6KO2YY9IZ,5,Tasty
B000G6RYNE,A2C18CH1YC6BYT,4,Crisp
B000G6RYNE,A2M8JQ3AME7878,3,Vinegar... Not my taste!
B000G6RYNE,A3B6TOEXSQVO24,5,spicy thai chips
B000G6RYNE,A16S0NQ3MWJXFL,5,"Delicious, what else did you expect?"
B000G6RYNE,A1UM73T71CFPSY,5,Great Value
B000G6RYNE,A38KP1POQ191WT,1,"I have had better ""Jalapeno Kettle Chips"""
B000G6RYNE,A1AVLKAXW55QQA,4,Spicy but good
B000G6RYNE,A2DQBXU2LEVWWA,3,boulder salt and malt vinegar chips are way better
B000G6RYNE,A4NDPXCYKRCY2,2,POTATO CHIPS
B000G6RYNE,A3TK2IOP8UQ087,5,"Lightly Salted, Heavily Delicious!"
B000G6RYNE,AYBYYDVV5ABJE,3,Too Much Flavor
B000G6RYNE,A3MFU0GVZUVH3K,5,Love at first bite!  Tongue-puckering tang and crunch!
B000G6RYNE,A27C44BIRQH3QW,5,The Best Chips...PERIOD!
B000G6RYNE,ACYR6O588USK,5,Delicious Extra Crunchy
B000G6RYNE,A13SOXNMWXQVNU,5,Chip snob alert!
B000G6RYNE,A1MFG9E45RX5OW,5,Best Salt & Vinegar!
B000G6RYNE,A2L9028WTVFL1I,5,Gourmet powerful Salt & Vinegar chips!
B000G6RYNE,A1BXG0K7UD9CTD,1,They changed the Chips now they taste horrible
B000G6RYNE,AY1EF0GOH80EK,5,Do not miss the salt!
B000G6RYNE,AWLK6NSSV0YNA,5,Great deal
B000G6RYNE,A15U6JW86FB9OV,5,Best Chips out there!!!
B000G6RYNE,ALCKGM3XF391,4,"Great price, but not as tangy as I expected."
B000G6RYNE,A1LERBW69A3FDS,3,burnt
B000G6RYNE,A3CN9CCJUNIPKT,3,"Gaaak!  An ""extreme"" potato chip...!"
B000G6RYNE,A3P8OWYR65G9UF,2,Kettle Chips
B000G6RYNE,A2EMS62FCYODRS,5,"Absotively, Posilutely Delicious"
B000G6RYNE,A18VDAH788BOAC,1,Gone down hill
B000G6RYNE,A2NI99G9BANORP,1,completely ripped off
B000G6RYNE,A2A1XYSB692L6J,5,C H I P.....C H I P.....H O O R A Y....!!!!!  :  )  ( B A C K Y A R D.....B A R B E C U E )
B000G6RYNE,A3RMGIKUWGPZOK,3,Not the Best
B000G6RYNE,A2TN9C5E4A0I3F,1,STALE.  Beware buying these on special!
B000G6RYNE,A2LN5DDGT21310,4,THESE ARE VERY GOOD
B000G6RYNE,A3GJQ3W0T0KWEO,1,USED to be my favorite chips
B000G6RYNE,A1PGMT8XLL4FPM,1,"Stale, Rancid Oil Taste, And if You Like Even the Tiniest Bit of Salt Flavor on Your Chips..."
B000G6RYNE,A4XCTURC8URLE,1,Disgusting
B000G6RYNE,A21D8LH2CD2EIZ,2,"Taste terrible, way too strong"
B000G6RYNE,A14SOW889A4TAT,1,Over-fried
B000G6RYNE,A6UFSCD6O8JMT,4,No salt Kettle chips.
B000G6RYNE,A14HZ5EMD2WCG,3,Not as good as the English sell
B000G6RYNE,A3ARC3UIY3Z1KQ,1,VERY DISAPPOINTED
B000G6RYNE,A2B5OI74EHGVH1,1,dripping in oil
B000G6RYNE,ATZ0P4653KL13,2,Not so good.
B000G6RYNE,A2GDBBZMMBX1L,2,Bags O' Salt with chips added.
B000G6RYNE,A35KU4XNOVV194,1,Chips
B000G6RYNE,A3D7FUBG14QWKX,1,Garbage
B000G6RYNE,APA1GLNHF6K9H,1,They're Not Madhouse Munchies!!!
B000G6RYNE,A31MZR41SM9JU5,1,Too SOUR!
B000G6RYNE,A1RUS8VOWCIC28,1,AWFUL TASTE
B000G6RYNE,A10RJEQN64ATXU,5,delicious
B000G6RYNE,A2OLJKXJBAYBTY,1,"Kettle has sold out, the chips are horrible now"
B000G6RYNE,A3UFRBCC1CSCSJ,1,The bags were damaged with holes and stains.
B000G6RYNE,AR7TAEEUDHMUB,1,Kettle Chips Make Great Mouse Food
B000G6RYNE,A320QA9HJFUOZO,5,orgasmic
B000G6RYNE,A1GBZCL326K4GN,5,A tang that packs a punch!
B000G6RYNE,ADS5APY1NKTL4,5,great (hot) new flavor....
B000G6RYNE,A3ARZW7S96SESC,1,HORRIBLE I CANT BELIEVE THIS!
B000G6RYNE,A2JFHMA59G55MJ,5,Favorite Kettle flavor and a great value!
B000G6RYNE,AJWLSDYCSQNBL,1,Kettle Brand Potato Chips - New York Cheddar
B000G6RYNE,AG7EF0SVBQOUX,5,My favorite flavor
B000G6RYNE,A1FAHUMEJO9S1K,5,So much flavor your farts will smell like sweet onions
B000G6RYNE,A3RMGIKUWGPZOK,5,Great Chip!
B000G6RYNE,AWM1SL1PYY3A3,5,Awesome and delicious!
B000G6RYNE,AW11YEHZRZ4D1,5,The only thing I have ever been addicted too...these chips!
B000G6RYNE,AX7K82LNPVATT,5,Good chips
B000G6RYNE,A2VQWV1HMW99AS,1,what happened? the recipe has changed
B000G6RYNE,A1Q7A78VSQ5GQ4,5,"YUM! If you want a snack, have something REALLY good!"
B000G6RYNE,AV51MFS5XJXFP,5,a good buy
B000G6RYNE,A20K6K9TZGX7RQ,5,Yoli
B000G6RYNE,A2A8KWCE8RKB9T,4,Good chips
B000G6RYNE,A27GRVH9ZJGXLT,5,Awesome
B000G6RYNE,A2E74M662DXAAR,1,burns the skin off your lips
B000G6RYNE,A3JJI4J8XAMK5Y,5,Great chips with very low sodium
B000G6RYNE,A1CMTRQCJFV8L3,5,Kettle Chips
B000G6RYNE,A2R9GBWL1CDBN1,4,Spicy Thai
B000G6RYNE,A3PSJEB2O37G8U,5,smiles
B000G6RYNE,A2OEUROGZDTXUJ,5,My favorite Kettle Chip
B000G6RYNE,A2933AO5D7O1T6,5,Best salt & vinegar chips out there!
B000G6RYNE,A2NO1TXXS9T0EE,5,Amazing Service
B000G6RYNE,A2II09GQGWOMTQ,5,Crunchy and spicy.
B000G6RYNE,AQQLWCMRNDFGI,4,Pretty tasty and decently spiced. . . .
B000G6RYNE,A24ZV048V7J0MT,5,Great Tasting Chips
B000G6RYNE,A3L5L1NZIKLSJU,2,"Kettle Chips, Sea Salt"
B000G6RYNE,A5U1K1NRQEZW9,3,Good deal but close expiration date!
B000G6RYNE,A216YA3CYXIOGI,5,GREAT TASTING CHIPS
B000G6RYNE,A20FQULBVVWA8B,5,"Buy These, Eat These, Be Happy!"
B000G6RYNE,A1LFB8KRBI9IE2,5,Eating them for years.
B000G6RYNE,A2N10M1J3KJZK4,5,These chips will make you fat
B000G6RYNE,A3NXBP212KFH5X,5,Like Spice? Get these
B000G6RYNE,A3RMGIKUWGPZOK,5,Fantastic
B000G6RYNE,A3PM9DMVYG9HDK,5,"Sweet, salty, tangy: the way a snack should be"
B000G6RYNE,A2TMSO255FQBBU,5,Some of the best chips anywhere
B000G6RYNE,A20ORC60J05BP3,5,the defacto standard for Salt and Vinegar chips
B000G6RYNE,AYSEXV27DPQ3E,5,Yummy!
B000G6RYNE,AX668BUQRHI7C,4,Delicious!
B000G6RYNE,A3MPHBL698EET7,5,"Lightly salted, yet tasty"
B000G6RYNE,A1LA5T5SXLGFZQ,5,YUMMY!
B000G6RYNE,A2YKWYC3WQJX5J,5,Caution: Kettle Chips are addictive!
B000G6RYNE,A1JBB01LAK69LV,4,The chip with a kiss of salt
B000G6RYNE,AKMEY1BSHSDG7,5,Crunch. Wow!
B000G6RYNE,A2F7GUZ4UMVHFL,5,Great strong flavor
B000G6RYNE,A3RO3CGZ9MWA1I,5,yummy for your tummy
B000G6RYNE,A37D5847LN3WQ,4,Best Chips Out There!
B000G6RYNE,A1GV4HEM6XZC06,5,These chips tasted good
B000G6RYNE,ABCXJIXC6Q6EB,5,awesome chips
B000G6RYNE,A3MTY0ZE9WYJHL,3,I dont know if...
B000G6RYNE,A3E9OJWHMXMYYF,5,Delicious!
B000G6RYNE,A2PYL0PSX5MQYQ,2,Kettle Foods Spicy Thai Chips
B000G6RYNE,A2J4K5SCKZH38C,1,Expired stock
B000G6RYNE,ADS5APY1NKTL4,5,these potato chips are yummy....
B000G6RYNE,AKGQ6RM68SQY1,1,ONLY awful because SOMETIMES they are awful
B000G6RYNE,A3TA1UJWRJF9NC,4,4 Stars for price and taste
B000G6RYNE,A3M174IC0VXOS2,5,"CRISPY, CRUNCHY, AND ROBUST"
B000G6RYNE,A2FVD05Z2FYW1P,4,Tangy and delicious snack
B000G6RYNE,A3M2VGWFJGRUOH,5,Best Chip
B000G6RYNE,A28HKCWJ7YF2AI,3,Not low salt
B000G6RYNE,A36QQYEW0AMJEO,5,Best Chips I've Ever Tasted
B000G6RYNE,A1IVFBJA9KAI1M,4,Tasty!
B000G6RYNE,A16Q0OV7CIPQC0,5,Love the smaller bags!
B000G6RYNE,A2OL5WLCNZVD9K,3,Things you need to know
B000G6RYNE,A1I29JSIGJNWKH,5,I made a mistake.....
B000G6RYNE,A28870VSBU9LDQ,3,Ok but Miss Vickie's Are Better
B000G6RYNE,A2Y0FKOY6WE0NQ,3,"Do they have to ""bite back""?"
B000G6RYNE,ACJW2YSBG2HA1,4,These chips are awesome if not best but....
B000G6RYNE,A1J5HHOPXZ6UNF,4,kettle chips
B000G6RYNE,A2W1A5GK4A03ZT,5,GREAT DEAL
B002HQH04O,A2ZP7F2XXKGUCR,5,A HUGE Success
B001EPPCNK,AY1EF0GOH80EK,4,Do not taste from bottle! Mix with vanilla for true flavor.
B002U56JXU,AR1T36GLLAFFX,5,The oldest soft drink is still the best!
B002U56JXU,A6GMEO3VRY51S,5,Made in Michigan since 1866
B002BCD2OG,A3U58GFUQAOZLE,5,Agave syrup
B002BCD2OG,AUI3N3A5AYO3M,5,Sugar Substitute
B002BCD2OG,AAZ084UMH8VZ2,5,My Go to sweetner
B002BCD2OG,A3042WJDYJ22S8,5,Sweet success
B000G6MBX2,A1IRCA0BTW0LLD,5,That's a spicy!
B000G6MBX2,A2UFC8M91UFRX9,5,Who needs salsa when chips taste this good?
B000G6MBX2,A3QFVEQNX2FQ8P,5,Delicious!
B000G6MBX2,A181BEPNIVQWB1,4,Organic yummy chips what more can you ask for
B000G6MBX2,A1UJ6I72N22HT7,4,Very different flavor
B000G6MBX2,A386PFEJWL73X5,5,These are the best widely available bbq chips!
B000G6MBX2,A2MIJOZVTWEXP2,5,My favorite chips from Kettle!!
B000G6MBX2,A4AYT6I29WTPY,5,"Amazing Taste, Best Chip Ever!"
B000G6MBX2,A1UDFKEKTO70NX,4,tasty
B000G6MBX2,A471XPKNUEJGU,4,Plocky's Sweet Smokey Chipotle Whole Grain Tortill...
B000G6MBX2,A3UCO7B9HP42BG,5,Yummy chips
B000G6MBX2,A28A3KLKV22OAJ,5,Tasty!
B000G6MBX2,A1WX42M589VAMQ,5,So Faboo: Dangerous for those prone to Chips Binges!!!
B000G6MBX2,ARUQJLJBXS88,5,The spice will grow!
B000G6MBX2,A3MKD1JZEYH8J3,5,The best tortilla chips I have ever eaten!!
B000G6MBX2,A1ZH9LWMX5UCFJ,5,Such an excellent chip
B000G6MBX2,AK5DB61C13CN7,1,WRONG FLAVOR - got Country BBQ instead of Chili Chipotle
B000G6MBX2,A3AIHN7XBD816P,5,Great
B000G6MBX2,AWZG8HXBE8PNB,5,Plocky's Rice and Beans Tortilla Chips
B000G6MBX2,A3QAZDJ7NYH2C6,5,Huge fan of these chips!
B000G6MBX2,A2OPEDFVLL22TP,4,Plocky's tortilla chips--tasty and healthy
B000G6MBX2,A2M7DO3ICXZWF1,5,Plocky's Three Grain Tortilla Chips
B000G6MBX2,A1KTR92SDR33GZ,4,"Tasty, but make sure you have gum"
B000G6MBX2,A1DMR4TXV10JBB,5,Don't stop carrying these chips
B000G6MBX2,A15UN7OK3WRFXE,5,OM NOM NOM NOM!
B000G6MBX2,A31UITXO8QXG3H,5,delicious and healthy
B000G6MBX2,AQAEOMJX8ON8A,5,Unique schrumshist and tasty Tortilla Chips
B000G6MBX2,A4FVWK4UTFQVT,5,Music to My Palate
B000G6MBX2,A2D8K0GPVMMSER,5,yummy!
B000G6MBX2,A2U3DAB0WI8BLZ,5,Kettle Organic Chipotle potato chips
B000G6MBX2,A3SV6IWK26XK6B,5,Best kept secret.
B000G6MBX2,ACNON4BZACUUL,5,Delicious and additive
B000G6MBX2,A1UDZGQRPFHB5Y,5,FANFREAKINTASTIC
B000G6MBX2,A2ZCD6KO2YY9IZ,5,Smokin'
B000G6MBX2,A34ZI3K5DNDSNE,5,really good chips
B000G6MBX2,A1Y1O4GJA3HXQF,5,"Plocky's Tortilla Chips, Red Beans 'N Rice"
B000G6MBX2,A2TW6FWJYTF8QM,5,"""Simply THE BEST"""
B000G6MBX2,AISIJIUHHZNHQ,5,Addicted
B000G6MBX2,AC82F5LXJCR22,5,Perfect tortilla chip goodness!
B000G6MBX2,A3I7NZC5LUVPPW,5,These chips are addictive!
B000G6MBX2,A14B8M117EUBLK,5,Best tortilla chips ever!!!
B000G6MBX2,A228P3VH7SFBHG,2,Meh
B000G6MBX2,A1AQ2W2R4SOVGN,1,"The ""Organic"" Label is Misleading"
B000G6MBX2,A3NCTCNAUYCH6H,3,Kind of Bland
B000G6MBX2,ADD87VB66Y0DQ,5,Delicious chips
B000G6MBX2,A2GS0QUCV2KVMP,4,Broken chips but tasty
B000G6MBX2,A1D0P49A1MQO1O,5,The best chips ever!!!
B000G6MBX2,A3J6N95DIJTPVH,5,Excellent Tortilla chips
B000G6MBX2,A3MALNCOVF5COP,5,Black Beans Never Tasted So Good!!!
B000G6MBX2,A1ABDQ02BCIGYQ,2,"Not, my favorite chip"
B000G6MBX2,A1KBNKFKAWYV7L,5,Very Timely Delivery
B000G6MBX2,ARLTWKV2AUJ2F,2,Very Tasty - BUT BEWARE
B001HTKZ5S,A3KJ6JZ8MWERPG,1,Big Disappointment
B001LO4ZWI,A1K7OUOZGT6EG3,5,Anti-Oxidant Smoothie
B001LO4ZWI,A2M687HYOW9JFW,1,Perversion of taste
B006JWQFC0,A2C9XE9I8RSKNX,5,Amazingly true to flavors...
B009HINRX8,ATNQNZEHWMR9U,3,Note: Rating both coffee and seller
B0018DQFPC,A36MP37DITBU6F,4,"My sons 9 & 11 loved making this, as easy enough to do by themselves. With adult supervision any age can do this neat project."
B0018DQFPC,AAX6FRNBEU9PK,4,Fun to paint
B00285FF6O,A2FOXRMJA0T9M7,5,Caramel chocolate
B00285FF6O,ARXORJX86X1J2,5,Chocolate heaven
B0030C9A60,A3BH49ZKESHDID,5,Specialty party item
B004ET7MG8,A3OXHLG6DIBRW8,2,Odd Fake Flavor - Not Recommended
B001ELL9X6,A397CWU6DM3O5G,3,"Mediocre, but cheap"
B000UWSQT0,AHYRTWABDAG1H,5,Great caramels
B000VKYKTG,A1WX42M589VAMQ,5,"Fun ""popping-crispy"" sticks dipped in chocolate, special treat for manga fans, but find local or wait till fall"
B000HDMUQ2,A2E3WMF9RWW2X2,5,"Good berry flavor, excellent price."
B000HDMUQ2,A2D293ADQ5HCLF,4,small but good
B000HDMUQ2,AR37BG23UFBF6,5,Highly recomended!
B000HDMUQ2,A1B1QMGK8VYG80,1,ABSOLUTELY VILE!!!
B0041QIHC2,AK09TO4RIP6IR,5,Strictly the Best!
B001ELL9XG,A2W9I628I6SE1U,4,Beautiful presentation ...and a pretty good tea too!
B000ER6YO0,A3NHUQ33CFH3VM,3,"Our twins love this one. With the subscription, the price is fair"
B000ER6YO0,A3NHUQ33CFH3VM,4,Dessert to Them.  But is it Nutritional Enough?
B000ER6YO0,A3NHUQ33CFH3VM,3,Repeated deliveries of broken jars.  Great product though
B000ER6YO0,A6LAMY7Z10BBJ,4,"Good flavor, too runny though"
B000ER6YO0,A3NHUQ33CFH3VM,3,12% Protein and 50% Vitamin A
B000ER6YO0,AWBKE3QTB3BWX,4,My baby's favorite 2nd stage food so far and great for constipation!
B000ER6YO0,ACM3Z9NLSE8S9,5,Sons Favorite Dinner!!!
B000ER6YO0,A3TUTIAVU7Q2E2,3,Too thin
B000ER6YO0,AH5GCNH82ZU0C,3,Too runny...
B000ER6YO0,A3SFS8R1T6JJM9,3,Meh.  My daughter eats most everything else... this isn't her thing.
B000ER6YO0,AWBKE3QTB3BWX,3,Not as yummy as Earth's Best's other flavors
B000ER6YO0,ACM3Z9NLSE8S9,5,Son's 2nd Favorite Dish
B000ER6YO0,A2NQKBC54RAZL5,4,Our Baby Likes it
B000ER6YO0,A2NQKBC54RAZL5,5,Our Baby's Favorite Dinner
B000ER6YO0,A2UY1O1FBGKIE6,5,yum
B000ER6YO0,A3NXCL9NJTL3TF,5,50 calories of yumminess
B000ER6YO0,ATIHDHZYNQ0EI,5,Organic and tasty.
B000ER6YO0,A2RERXI7RH3CIA,5,A favorite
B000ER6YO0,A6LAMY7Z10BBJ,5,Baby likes this one
B000ER6YO0,ATIHDHZYNQ0EI,5,Organic and Tasty
B001EQ4DVQ,A3RB2ZB2KGRZVE,5,No-Pot Fresh Coffee
B002XG21MO,A19DSLQN7O8UF7,3,Not healthy but they taste good
B001E6KBSK,A1V1EP514B5H7Y,5,Wonderful for breakfast AND snacks!
B0018AMWES,A3T8J8FZ6R8B3W,4,Good product - better price elsewhere
B0018AMWES,A1286MWY9ZAMDN,1,Yuk!
B0018AMWES,A1818NWEJP4RND,5,Great color
B0017ZBPTW,A1TIVD0Y3KJSCN,5,Worth the cost due to the unique flavor - my favorite sugar!
B0017ZBPTW,ALYF3U1ERAREB,3,Too pricey
B0028PDGQA,A2DHG1HP5MCGMI,5,Excellent green tea!
B0030N5K1I,A2058UP7ATXFOF,2,No reaction....
B0030N5K1I,A2058UP7ATXFOF,3,Not for my dogs...
B0025ULYKI,ACYR6O588USK,5,Zesty and Spiced
B0025ULYKI,A2GEZJHBV92EVR,5,Sooo Good!!
B0025ULYKI,A3TD1O4EC26NT2,5,college student gourmet
B0025ULYKI,A291HTT117RVS9,1,These sure don't taste like ketchup to me!
B0025ULYKI,A3FRWBGL8TSOY7,2,"Ketchup powdery coating excessive, overdone gritty"
B0025ULYKI,A2ZEFDVX4X5TPX,3,Good chips--nothing special
B002N2XXUC,A1K0TEFCRCKU9B,5,Metallic & Pearl Sheen Airbrush colors
B0028SWACS,A3N1XZUZOTIOT8,5,Delicious
B002OHOC6A,AFMB9JPLQNWVT,5,Cats love it
B001HTI226,A2OWR5G2OAQF7C,5,Next best thing to fresh tomatoes
B001HTI226,AMZCZBK1EF1PV,5,Excellent tomatoes
B005O072PC,A2BJTZ5JZHAJ9B,4,yum yum yum!
B005O072PC,A37REIKYSHU4ZF,5,Very Good
B005O072PC,A37REIKYSHU4ZF,3,Yum
B005O072PC,AVCA516CFZ9HF,5,so good!
B005O072PC,A36TDCR3BJZNS6,5,So Good!
B005O072PC,AWFA4158DDDWC,5,Easy for a single lifestyle
B000K296BW,A2WKQ9LUO7IRBE,3,"Shipping by price, not weight?"
B002CTJG02,A2X5PQ4WZBM0SZ,5,My yorkiepoo loves these.
B001FA1L7A,A1DJ9FOEOA0WF1,5,"The true, the classic custard for authentic, yummy English trifle"
B000WNJ73Q,A1I4UIBK83VV1Q,5,My Dogs Love This Treat
B000WNJ73Q,A3E3YJO2V3YZUM,1,Waste of money
B001FA1L7U,A37XRRE5STW4IV,1,The flavor is gone
B000FAMUO4,A2WVF9ZQ068DN0,5,Beautiful and Delicious
B000FAMUO4,A1YUL9PCJR3JTY,5,Superb Pasta!
B003MCEV0I,A1QAJ948PN36II,5,One of the best sweet hot sauces out there
B004EKO2HE,A3J30T6XOU0BWS,4,The Price is Right
B000ODRY9I,AX5JZLRL9KN9B,5,"Good price, good product"
B005151BV6,A1HOXKR7OKJ1X1,5,Cherry good!
B0013JQON4,A2N3BRPS0NS7FF,5,Another favorite!
B0013JQON4,AYGJ96W5KQMUJ,5,Good flour for gluten-free baking
B00068PCTU,A281NPSIMI1C2R,5,Also look for the packets
B00068PCTU,A28RREP03HJZGU,4,Tastes great in iced drinks
B00068PCTU,A2T7GZ74MZI0MN,4,Sweetly satisfying...
B001EO7GAI,A29QXI9MWCVO7Q,5,"Great red caviar, tasty and attractive on eggs"
B001EO7GAI,A1IATV65IYNK96,2,Yuck!
B005LURDB8,AOY6MHTS66YMW,4,"For the price, these are great for all. Even a crowd. Much better than the smaller FlavorIce."
B001E50UEQ,A22Z9R91N8L7IQ,3,It's Fast.  It's Food.
B001E50UEQ,A3IYSIAKYOMKTO,3,Not Bad
B001E50UEQ,A2I1DIUGYJAIWL,4,"Tasty, Quick Meal"
B001E50UEQ,A2RL1RS6PWUHWI,3,Neither great nor bad
B001E50UEQ,AAUICTIUBVU7R,3,THICK SOUP
B001E50UEQ,ABTUNH7645QJL,2,"Not a lot of flavor, not a lot of chicken"
B003OB2EP6,ADFYGTU2B7I1R,5,A Good Choice
B003OB2EP6,A2P1YV1633ZX8W,5,fantastic  hot meal
B0040WHJQM,A3NID9D9WMIV01,5,why is this soup/entree so unpopular????
B0040WHJQM,A362X1G4N4R9S9,3,It's OK
B0040WHJQM,ANYAQ3TVKP69E,3,Glorified Cup of Noodles
B002BKTWL0,A103EZCS9H8WW1,5,Delicious
B000YZTAS4,AYGIIQGSHKZNI,5,BEST Licorice Jelly Beans EVER!
B002JLT6QC,ART6IV50G99VR,3,Just OK
B002JLT6QC,A1E7G56OX03JKO,5,Nice to have in the pantry
B003UIDAHY,A3UCN2RGY7O6S1,5,Good!
B003UIDAHY,A23QCWKO0IXK8G,5,FiberGourmet light penne
B001LQNX8S,A212MDP6K4VJS5,5,Rich and Flavorful.
B0045TDE4Q,AZV26LP92E6WU,5,easy to make also
B000E7WM0K,A2DYW9Y2D8E43L,3,Good flavor but...
B000E7WM0K,ADFYGTU2B7I1R,2,Not so much...
B000E7WM0K,A3BSTFFIKK5YTW,3,OKAY IN A PINCH...
B000E7WM0K,A3NITES609Z2LN,3,Now containing gluten!
B000E7WM0K,A3EL8P50JQ5OIF,2,"not bad, but I won't reorder"
B000E7WM0K,A3BJ9NS09YGQT5,5,Easy and delicious
B000E7WM0K,A2PNOU7NXB1JE4,3,For $2.00 a box it's okay
B000E7WM0K,A1MJSWI87ZME83,1,Tasteless mess
B000E7WM0U,A1WOMXOEX90ARI,4,Very Good Thai Green Curry!!!
B000E7WM0U,AH6BI8F3EE6K1,5,"Tons of flavor, very spicy, excellent."
B001EU5S9S,A3042WJDYJ22S8,5,Delicious Cup o' Tea
B001CWZXIY,A2MUGFV2TDQ47K,5,High Quality My Dog Enjoys and My Budget Does Too!
B001CWZXIY,A2V10DEH7G5AY2,5,I would give Harmony Farms extra stars if I could!
B001CWZXIY,A37VANHHWZ4MV8,5,Quality dog food delivered to your door!
B001CWZXIY,A76CBKP9PQXJ3,5,Both formulas are excellent for my dogs!
B001CWZXIY,A1QHEKVEXOR0AH,1,No good . . .
B001RVFDOO,A2ZNXVTFNE6MQO,5,Perfect for WW followers
B001RVFDOO,A3PD8JD9L4WEII,4,Good as a sampler pack of the various flavors
B001RVFDOO,A2HKGQ3OBD6Q23,5,These tastes pretty good
B001RVFDOO,A375NF45A1MDWI,5,Can't beat the taste.
B001RVFDOO,A22DN96N5BEEMR,4,Great chips - and tasty too
B001RVFDOO,ATGKNPXJIBE42,4,I like all but one
B001RVFDOO,A1URVJ70108OZG,3,pretty good. not healthy like an apple but...
B001RVFDOO,AQJBTS8BXNJ9N,5,Popchips Review
B001RVFDOO,A2OG042EUQ8XG5,5,Best Chips Ever
B001RVFDOO,AQXYD1H2ZQ9NN,5,Love These Chips
B001RVFDOO,A2DG1NQM08X1EI,4,"Some are REALLY tasty, others a little ""chemical"" tasting"
B001RVFDOO,A1EDX1UZ64LA7J,5,Topchips!
B001RVFDOO,A3O9AD57QU9YSJ,4,YUM
B001RVFDOO,A1I3WLRL0AD81Y,5,Fun Game
B001RVFDOO,A254G2J906B7YD,5,Pop chips...love them!
B001RVFDOO,AD2QRU9ZXBQZ1,2,"Pringles, instant coffee, and Stephen Baldwin"
B001RVFDOO,A1ONCPHCQIWQN7,5,Chips
B001RVFDOO,A2OH0EA9PEW4FN,3,"Great chips, poor packaging"
B001RVFDOO,A2YMCPP3KW9IXU,5,Good way to try the different flavors
B001RVFDOO,A1VWY3BJOQZCGC,5,These definately are 5 stars.  Deeelicious
B001RVFDOO,A3411K5L6QNVH7,5,LOVE THIS PRODUCT
B001RVFDOO,A1I85Y08VRZ32Q,5,Fully enjoyed
B001RVFDOO,A2I5QH4F5FDKK5,5,So good!
B001RVFDOO,A1UB23942QQ7WP,5,YUM!!!
B001RVFDOO,AVP3I6MPAICQG,5,Healthy yum.
B001RVFDOO,A118FLR1Q37TGF,5,LOVE THEM
B001RVFDOO,ATL9DOGVXPOEE,5,crunch without guilt
B001RVFDOO,A1D0N7I6OHX3WU,1,Weird flavors....
B001RVFDOO,A206FFH5DBWL1H,2,Not impressed
B001RVFDOO,A132ETQPMHQ585,2,I did not like the taste!
B001RVFDOO,A33UWPTRAU4W3C,5,Popchips 6-flavor Variety Pack.
B001RVFDOO,A3OIE7IE9LTPJG,5,Great Chips - Love the Salt & Vinegar
B001RVFDOO,A30SLY6N6WKV5W,3,They're Okay.......
B001RVFDOO,A1F7YU6O5RU432,3,Cross between Pringles and a rice cake. The bonus is they're all natural
B001RVFDOO,A2RL1RS6PWUHWI,2,Too strong of flavors
B001RVFDOO,A3NKQ6NPDL9J7Q,1,"TASTE AVERAGE, INSANELY EXPENSIVE"
B001RVFDOO,A3M3CXC2I4JW9T,5,Melts In Your Mouth
B001RVFDOO,AUBGRWIAQCELR,3,I only like the plain ones
B001RVFDOO,AQLL2R1PPR46X,5,delicious
B001RVFDOO,A3A1OA237FOZFK,5,This picky eater loves them (most flavors)
B001RVFDOO,A306153FTKS9PL,5,"Tasty potato chips, low in calories, great flavor"
B001RVFDOO,A2QDOJFFLFGF18,3,Not bad But not great
B001RVFDOO,A1ANPMPOYVPMSB,3,popchips
B001RVFDOO,AHRNDSKWH1YBT,4,"Love these, good variety pack"
B001RVFDOO,A19123D9G66E0O,3,"Taste alright, but normal chips are better"
B001RVFDOO,A48939C20S0J8,5,Love it! so tasty!
B001RVFDOO,A1RJUXDK64O91A,3,Like slightly charred popcorn
B000F4EU52,A2PNOU7NXB1JE4,1,Inside of can corroded
B000F4EU52,A36WGHR8TO5DKT,5,Great Option for Keeping Fruit at Work
B000F4EU52,A2JQ1PEOZK8L9Q,3,Organic Fruit Review
B000X61Y60,A3ECE51AG6ZK4B,3,A taste that needs to be acquired...
B003FA0M1O,A3OXRFCJI67IMN,5,"Teeny, Tiny Little Treats, But Good For What They Are, A Healthy Reward For Following Commands"
B000F52NU0,A39EU3BMNEICN3,3,"Good taste, way too hard."
B001E5E29A,A35W3JQYP0M655,5,Excellent Fluffy Pancakes.....
B001E5E29A,AZ9N3928BGQ0E,5,"waffles, schmaffles !!"
B001E5E29A,A2Q8RE77HMDIK7,5,Delicious waffles!
B001E5E29A,AH6FQW533AKF1,2,Maybe it was just my batch?
B001E5E29A,A3IUW081KXD3PE,5,Great Belgian waffle batter!
B001E5E29A,A2A7AFPDGLYLHK,5,BEST
B001E5E29A,AIPBPZT9QR9CC,5,Yummy Yummy Yummy!!!
B001E5E29A,A1S7BFT0HDF3HA,4,Does wonders for one's popularity in the kitchen
B001E5E29A,A15C9JJZIFH95R,3,Nothing special for what you pay
B005HGAVGK,A2KX4741KP6G8W,3,Ok if you need to figure out what you like
B007POA176,A830NL2LWO3TV,5,Great new GMO-free snack!
B000EPP56U,A3MDETK0D5UAIN,5,Loved!
B000EPP56U,AJSTGUC7GWMWD,1,Wrong product
B004ET9OIW,A219WUOP4BNUX1,5,Healthy snack
B004ET9OIW,A5993LK5CYHAA,2,My son does not like it...
B002BB7EWI,A3QOK68RA24N9M,5,"Great invention, tasty, healthy"
B004K6781Y,ANK76360Q8YU2,5,These are amazing.
B000N5XCPM,A1LPIWKM3RHPJI,5,My dog love this!
B002SW7ZOW,ABGKH1T5ASBWW,4,Great oolong for the price
B000EPP56K,A2DYW9Y2D8E43L,2,Tasty but...
B000EPP56K,AO1HIVTUCQZQ2,3,Not Real Peanut Satay
B000LRKO9E,A2D1LPEUCTNT8X,5,Love it! I use it for so many things including my mother's secret recipe
B002C4HZ00,A2DYMDOAJURO5F,5,Best value for the genuine article IF you have PRIME
B002C4HZ00,A1DJ9FOEOA0WF1,1,BEWARE--NOT D.O.P. certified
B000ARTNR4,A3NHUQ33CFH3VM,2,Solves Colic Within One Day - But It's Corn Syrup-Based
B000E1HVF2,A3ENN12GLNTUAF,5,Great to keep on hand for desserts!
B000E1HVF2,A1K82R24ROO2I7,5,Excellent base mix
B001CWZXW0,A37VANHHWZ4MV8,5,Good stuff.
B001CWZXW0,A2PBF8V7UDJ5CP,5,Dogs Love it!
B0016D2MY2,A3HJVLNBJ6LS6M,5,Delicious tea!
B0016D2MY2,A2SKIUWJRJX9O6,5,Totally delicious
B004NC7IFQ,A3S15YGZ6W6EV2,5,WOW!  What a Deal!!
B0002Z9BF8,A383XURHVF8ON6,5,I feel good about giving these treats to my pups
B0002Z9BF8,A2ZP7F2XXKGUCR,5,The Best Training Treat
B0002Z9BF8,A29JUMRL1US6YP,5,Great Low Calorie Training Treats
B0002Z9BF8,A2JCKLHCJI1DLN,2,Dog Treats
B000E5C1YE,A316CV1WH3U5C5,5,"Exactly what I ordered, plain and simple"
B000E5C1YE,A1IL6W1NK05UW9,4,Classic Candy
B000E5C1YE,AIPBPZT9QR9CC,5,great product at a great price
B0001FQVCK,A5D06XJHDXK75,5,Chocolate Italian kisses - need I say more?
B0001FQVCK,A5D06XJHDXK75,5,"Baci's are pure heaven - great gift, stocking stuffer!"
B002SOR6VM,ALYF3U1ERAREB,5,"Great alternative to ""science diet"" allegry diets"
B002R6X1K6,A3N4KW967ZFLKM,4,Pretty Good Dough
B004VLVK4E,A3CN2OVKRVSFSF,4,YUMMY Indian DHALL
B004VLVK4E,A3UF4K552BJ1VC,5,Yellow split peas
B001LQTDBE,A2KQT4D0OZR569,4,"Good dessert for someone gluten sensitive, dairy sensitive and diabetic"
B00196U7OI,A1E7G56OX03JKO,4,Chewy and Satisfying
B00196U7OI,A2E48EJKZTCAUA,3,Ehh
B00196U7OI,A2XNJJ9TF70P4J,4,Good but not great
B0089SPDUW,AQQLWCMRNDFGI,5,Oooh. I like this!
B0089SPDUW,A2VMB1J58SUVMC,5,Amazed
B0089SPDUW,A3AZI828WJN1CD,5,Wonderful dark coffee
B0089SPDUW,A26NFIQ7KWI8Y7,4,nice flavor
B0089SPDUW,A2TJG4N8LNJW23,4,Smooth and tasty and an absolute dream come true for those who enjoy bold dark roasts...
B0089SPDUW,A311QDUHEORR5P,5,Caribou Mahogany
B0089SPDUW,AZG9NISRWJB6F,5,Best Caribou
B0089SPDUW,APWK2EKIA0PVN,5,Lives up to its appealing name
B0089SPDUW,A3N7T3Q56NR6UG,5,Yum
B0089SPDUW,A18K14K26PMZTF,5,Best coffee ever
B002JX7GVM,AHRNDSKWH1YBT,5,Sweet but not too sweet!
B002JX7GVM,A2E2PA6UNK1E05,5,Good Taste but Not for Everyone
B002JX7GVM,A35X2JJI49OBZP,5,"Lots of flavor, but not too sweet"
B002JX7GVM,A1C760KGFSRI6F,2,"Maybe I just don't ""get it"" ..."
B002JX7GVM,A3T5NSG7LMRY0A,4,Tasty.
B002JX7GVM,A1B4MIXYVIKMU2,2,Just didn't taste good to me
B002JX7GVM,A2MVPY9XVYST9H,2,Bland
B002JX7GVM,A2HTPS0JV3Q8ZD,2,Needs a bigger splash
B0027IQC5K,A123G253XL4O17,4,Great product if you are willing to do the work
B0027IQC5K,AVMDL6UUCOO4X,5,picky puppy...
B000EIE7GQ,A3NAN0AHTY46M5,5,Just like the restaurant!
B0004MZVIA,A2R6RA8FRBS608,5,"""Yep--it's a diet !!!"""
B000EH2AMA,ATL9DOGVXPOEE,4,good stuff!
B0079LSXQ6,AKE6DXEN3GWPC,5,I Want More!
B0079LSXQ6,ANEDXRFDZDL18,5,Tasty
B000G7UDPY,A1MJSWI87ZME83,5,Delicious low cal treat
B000G7UDPY,A36MP37DITBU6F,5,"Awesome fresh tasting Lobster Soup. Perfect just out of can, heat an serve."
B000G7UDPY,A1XTE3IHX65GTZ,2,Too watery
B000G7UDPY,A2PNOU7NXB1JE4,3,Lobster Tomalley=health risk
B000ED9LDU,A1IU7S4HCK1XK0,5,"Lovely seeds for your cereal, baking or yogurt"
B000ED9LDU,AEWYUPCNDV7HY,5,The best flaxseeds I've ever had
B000ED9LDU,ASCSHRBJ9Z04X,5,Healthy Goodness
B000ED9LDU,A85V7EAHDOMA4,5,They're Good Seeds.
B000ED9LDU,A3B3IB8CRSNCG0,5,good stuff
B000ED9LDU,AXO4PQU0XG3TG,4,It's bird seed.
B000EGX2EG,A27UE9HJRZ22YI,2,"Tastes great but pkg says ""Made in China"" so I won't buy it again"
B000EGX2EG,A1KLA02LZXAT46,1,"""Health food"" from China? Doubtful"
B000EGX2EG,A35LA4YL8HSM2B,4,But quality seems to be slipping
B000EGX2EG,A2T0LGPLQY2GW,5,Great Almond Crunch!!
B000EGX2EG,A2I5LVVQ7WXEH6,5,Mrs. May's Almonds make my days!
B001IZKD1W,AF5AJ5V9T6LTS,5,Wow. Excellent.
B0016FY6H6,A1EA3QWLRO24X8,5,"Finally, an affordable, delicious green tea powder"
B0016FY6H6,A1OAZUFZTEEUEC,5,great alternative to bottled green tea
B0016FY6H6,A3HPZ6BIMNXSZR,4,nice substitute for soda or sugary tea
B0016FY6H6,A1CBNUBPZPWH5D,5,Flavorful and refreshing
B0016FY6H6,A281NPSIMI1C2R,5,Very Reasonably Priced and Delicious
B0016FY6H6,A3I4PCBRENJNG2,4,lots of uses for this green tea...
B0016FY6H6,A10ZN08SMLZL1Y,2,Crushed up leaves!
B0016FY6H6,A3UN7Q9YZX1UPN,5,My Experience
B0016FY6H6,A1USEUYCTA5R4P,5,VERY CONVIENENT!
B0016FY6H6,A6OT2UHMRIXU3,3,Handy but not to tasty
B0016FY6H6,A2VHBEFX94H61R,4,Stash Instant Green Tea
B0016FY6H6,A2DWEZ8PJZR6I9,2,Stash Premium Mint Green Iced Tea Powder
B0016FY6H6,AGXKZFVU0YA4U,1,No Flavor - Not Authentic
B0016FY6H6,A1U15WYNFC412O,5,Good tea
B0016FY6H6,A1OTXOGDLHTYSR,5,Stash Green Tea Powder
B0016FY6H6,APD719S590F2U,5,Love it!
B0016FY6H6,APD719S590F2U,4,For ginger fans
B0016FY6H6,A2IOH181X1SZ3S,5,Great for on the go!  Makes water a little less boring!
B0016FY6H6,A2YQCZEHOJZLQL,5,Great health benefits
B0016FY6H6,A3TG3FPAFO0SWT,5,Good for on the go
B0016FY6H6,A2B0RUYD25KBFB,4,"Good tea taste, not sweet"
B0016FY6H6,A1B9S39FZYBGYQ,5,Tastes GREAT!!
B0016FY6H6,A2NLZ3M0OJV9NX,2,Way too weak for my tastes
B0016FY6H6,A1I6ZQUXVDG1CT,4,"Mild taste, easy to mix, will buy again"
B0016FY6H6,A2JV21UM89AIML,3,Trying this product for the first time
B0016FY6H6,A351W0BCYYUGYW,5,got me off the diet soda
B0016FY6H6,A1CBNUBPZPWH5D,5,Nice Green Iced Tea Beverage
B0016FY6H6,APAOU9269HJRL,5,"YUM....Yum, Yum!!!!"
B0016FY6H6,A1V01GIJQGJ9ID,4,Mom of 5
B0016FY6H6,A7RQ5DNXWAA74,5,Best Instant Green Tea Ever
B0016FY6H6,A3J171NBGIBYAW,2,Not for Me
B0016FY6H6,AMTGH49GWJXP7,5,ice tea
B0016FY6H6,A37BVJZJAMA83S,5,Great tea
B0016FY6H6,A2DFM26VLNVYNY,5,Great tasting and easy to use
B0016FY6H6,A14IWAGB679T86,5,Perfect summer tea
B0016FY6H6,A3GLC45MF00NFF,3,Just had a glass today
B0016FY6H6,AGY5RK3EKTFC9,1,Doesn't have taste...
B0016FY6H6,A2NLZ3M0OJV9NX,2,"Of al the Stash iced teas this is the best, and it is still not all that good"
B0016FY6H6,A2NLZ3M0OJV9NX,2,way too weak for my tastes
B0016FY6H6,A19JPOFY2O1KHD,1,Awful
B0016FY6H6,A2G4IIUA18TVCP,3,Makes great drinks but you have to use a lot!
B0016FY6H6,A1D1SP3AOXDP4H,3,Not bad.  A bit light.
B0016FY6H6,A3EKKE39YN92KZ,5,Great product!
B0016FY6H6,A31Z7ATIAL5KFB,5,First time purchaser!
B0016FY6H6,A3I4PCBRENJNG2,4,quality lightly sweetened green tea powder
B0016FY6H6,A1G12MZXFX1Q1X,5,"not too sweet, not too strong, just right"
B0016FY6H6,A1QCP3UXNAN8FJ,4,Great pick me up on the go - hot or cold!
B0016FY6H6,A1U15WYNFC412O,5,Good stuff
B0016FY6H6,ABMSXYKU0XPC,5,Wonderfully refreshing drink
B0016FY6H6,A2CHB7ZP0AL4FC,5,Easy and tasty for better health
B0016FY6H6,A14U2WTVE7B377,5,Very refreshing!
B0016FY6H6,A15D65M0NGF1T,5,Love it!
B0016FY6H6,AQ5UKHMH36LV9,5,Refreshing addition to water
B0016FY6H6,A34OXX5PQ1XEHB,4,Powdered Green Tea by Stash
B0016FY6H6,AHVF60N50361W,4,Refreshing flavor
B0016FY6H6,A32WSTQB6AVSBM,5,Just as expected
B0016FY6H6,A1R9YRTB6JQFWK,5,Great taste and convenient
B0016FY6H6,AHVF60N50361W,5,Tea
B0016FY6H6,A1CBNUBPZPWH5D,4,Refreshing summer beverage
B0016FY6H6,A32TI3XCI0KS2C,1,waste of money
B0016FY6H6,A1VQKT0EFQ3Q2K,5,Great product - at last!
B0016FY6H6,A12RI7T2PXO4JQ,5,Lightly sweet and cheeper than an Jamba Juice Matcha Shot!
B0016FY6H6,A24NRU0P0TN907,1,Terrible
B0016FY6H6,AFWA3MAM1R45K,1,"Beware, if you have a corn allergy!!"
B0016FY6H6,A2W7ZBU9A8HKR9,5,lightly sweetened green iced tea powder
B0016FY6H6,A2XMLM5S0PC2BR,5,Great Product
B0016FY6H6,A4DULCHGKEA59,1,Not So Much!
B0016FY6H6,A2VDQUOEN5SYKD,4,"Pretty good stuff, with the right sweetener"
B0016FY6H6,A37Y0WULUM9IJ5,2,Don't bother
B0016FY6H6,A37Y0WULUM9IJ5,2,Not worth it!
B0016FY6H6,A37Y0WULUM9IJ5,2,I wouldn't bother.
B0016FY6H6,AHVF60N50361W,4,powdered tea
B0016FY6H6,A1ONZ8JRPLBNUI,2,mona lisa
B0016FY6H6,A28KT7YARLG4JC,1,stash tea powder review
B0016FY6H6,A1MJYKZLAVA021,1,The mint tea I bought
B000EPQPQE,AXLYTEFUXEAJN,5,Lemonylicious
B003NDA970,A1KHOI0WVQRI2J,5,Great Popcorn
B003NDA970,A3KPT4FF3J91W4,1,Shipping is INSANE!!!
B003NDA970,A1KHOI0WVQRI2J,5,Our Favorite Popcord
B003NDA970,AAUICTIUBVU7R,5,GREAT HULL LESS POPCORN
B003NDA970,A1UP81S8OCJASL,5,wonderful
B003NDA970,A1CZLOI3W8E5JM,5,"Just a tad too small for my wife's taste, but kids and I love it"
B003NDA970,A1UP81S8OCJASL,5,Love it
B003NDA970,A2AFK8D674G3MG,4,Delicious Popcorn
B000J2DQ46,A18SPWHKMN5P86,5,"Yes, it's from a can..."
B000J2DQ46,A39EW9DLVX70B9,2,"I, too, am perplexed"
B000J2DQ46,A3U2QAY7SVE9AI,1,"What Is This ""Stuff?"""
B000J2DQ46,AVFA1JB08RG8G,5,Clam 'Chowdah' Hog Heaven!
B000J2DQ46,A2XNJJ9TF70P4J,3,Best canned Clam chowder I've ever had
B000J2DQ46,A3KUC5K5VSJNU9,5,"Very Good, Lots of Clams and Natural Recipe"
B000MBO4LI,AKZKG2Z7CNV27,2,"Decent, but not great"
B003JH91RO,A1DRKSQAJ16YZ8,1,USA Chicken Stix
B003JH91RO,A2L1E2KQLL9BS1,5,MADE IN THE USA
B003JH91RO,A2VHO3LINCOL62,5,a favorite
B003JH91RO,AUZDX389VTJ1X,5,Happy Camper!
B0085G4ACA,AGITSM4KNGD73,5,Ambrosia.
B0085G4ACA,A1P1DYV98MBXM4,5,Great coconut water in just the right size!
B0085G4ACA,AK5KVP6NX83XL,4,Good taste
B0085G4ACA,A2N2UYF083BZW0,4,"a great product, and convenient shipment"
B0085G4ACA,A22HYNTJXQHP25,5,Best tasting coconut water I have found!
B0085G4ACA,A30H61RHU6KVWG,5,like it
B0085G4ACA,A3HYF6WCIP4XXR,5,"Hydrating, Refreshing, Great-Tasting Drink"
B0085G4ACA,AXYDMSXPFUHC6,5,My favorite flavor!!
B0085G4ACA,A30YFAW61JAIWC,4,Just as advertised
B0085G4ACA,A3U5ZDYHUHGVUR,5,Awesome tasting!
B0085G4ACA,A3NUID8RJCDDR9,3,Um package change from 17oz to 16.9oz??
B0085G4ACA,AGXQRV98SWUFO,5,vita coco
B0085G4ACA,A19TRCEMTGT6JC,4,"I was addicted to this stuff for a while, but wore myself out"
B0085G4ACA,A4C1XW57S6QQQ,5,The answer to all your Cramping problems.
B0085G4ACA,A3GWT4ZI2O43SH,5,Vita Coco with Pineapple - the BEST yet!
B0085G4ACA,A1GRJ9J3GF0N5F,5,vita coco
B0085G4ACA,AXAMPK4P6TWEO,5,Refreshing and Delicious
B0085G4ACA,A1813F4EJK73HA,5,My Favorite
B0085G4ACA,A222W9OFZ65R5U,5,Best Flavor- Light but Refreshing
B0085G4ACA,A3EQ8J31671HG3,5,cold and refreshing
B0085G4ACA,A2PBF8V7UDJ5CP,2,Not the greatest.
B0085G4ACA,A2X6V87G249FL4,5,Yummy!
B0085G4ACA,A6XFUR2QJP5NL,5,"Same Great Taste, just More of it!"
B0085G4ACA,A8A616OW1Q9M5,5,Best coconut water flavor and size
B0085G4ACA,A2GL3WLEN1USDG,5,Unusual flavor......
B0085G4ACA,AK30VLNO1992F,5,My afternoon pick-up
B0085G4ACA,A18J4E9R9M1YB6,5,thirst quenching
B0085G4ACA,AR7TAEEUDHMUB,5,Coconut Water with Pineapple...Yummy!
B0085G4ACA,A291HTT117RVS9,4,"Finally, a coconut water I like"
B0085G4ACA,A1Z3XWG2W5GOHP,5,delicious!!!
B0085G4ACA,A3I03Q4PSLQMCE,5,Coconut Water
B0085G4ACA,AYLIRZL83YRAG,5,Yummy
B0085G4ACA,A88MWW63NMS18,5,Good for use in smoothies
B0085G4ACA,A7BIUZ4H7NA0Y,5,Awesome
B0085G4ACA,A3QWO6TEQPUKZ2,5,Vita Coco Water is Awsome
B0085G4ACA,A6C6N8DA1ROQI,5,EXCELLENT
B0085G4ACA,AW70V7K6Y06JY,5,Delicious and Rejuvenating
B0085G4ACA,A2TPR6CK4KGRP6,5,great taste. nice fruit flavor. serve chilled
B0085G4ACA,A2YHXAZLCLDT8D,5,Vita coco is best
B0085G4ACA,A2JBOCCC434IBZ,1,Nutritional content of this brand does not live up to what's on the label.
B0085G4ACA,A2YJVYHFFYVWHF,1,GROSS
B0085G4ACA,A3MSHDX7J6G57U,5,So Addicted
B0085G4ACA,A3D1O13V1QMTVC,1,well ...
B0085G4ACA,A186TK5S0LAZ7O,2,yuck
B007OXJLM4,A26NFIQ7KWI8Y7,4,another great Green Mountain coffee
B000F9Z1WI,A3M8R4JD1SIS76,5,Yummy Cookies
B000F9Z1WI,A2HQ8RTAJYEUJO,3,3.5* snack for a non-chocophile
B000F9Z1WI,A2R6RA8FRBS608,5,The portable and edible Oreo
B000F9Z1WI,A2YB7DLC3FOR7W,5,Very good snack!
B000F9Z1WI,A3DOPYDOS49I3T,4,These are ok.....
B000F9Z1WI,A2AOZQ3WTNVVOK,4,"Flavor in, Calories Down, Fat Nearly Out"
B000F9Z1WI,A26HFSVLAGULIM,4,THESE ARE TRUE 'MAINSTREAM' DIET SNACKS --
B000F9Z1WI,A13E0ARAXI6KJW,4,"Chocolate Wafers in an Identity Crisis as Oreos...But If Deception Helps Monitor Calories, Why Not?"
B000F9Z1WI,A2DEB8DJ3MYSN2,5,very yummy
B000F9Z1WI,A2II54B3VA45LN,4,They're not bad
B000F9Z1WI,A1LNMX0VCOU7XK,5,Yummers!
B000F9Z1WI,AHQ13I9CI4US6,5,Oreo Thin Crisps work for me
B000F9Z1WI,A3CFN1DW7YHUDP,4,I'm a fan...
B000F9Z1WI,ATDE9JYCPI0L1,3,Not impressed
B000F9Z1WI,A3M174IC0VXOS2,5,"CRISPY, CRUNCHY, AND CHOCOLATEY"
B000F9Z1WI,A2RKZ839WIWVHL,1,I agree with P. Lucas
B000F9Z1WI,A2RKZ839WIWVHL,1,Good? You CAN'T be serious
B0002TJAZK,A2VUD4SPJO4V33,1,The worst snap-lock reseal ever made?
B0002TJAZK,A3BLP7LRNCAT2Y,2,"Not minced, this is ground beef"
B000HKJNKQ,A2HKU4SOT0CWG9,1,Not happy with the product!
B000LKU03G,A3RR2P5IS3DGPR,4,Tasty
B0011X5S8Y,A1YUL9PCJR3JTY,4,"Fun, Intense Holiday Tea"
B0025UALB6,AY12DBB0U420B,4,Good Nutrition and Right Size.
B0025UALB6,AJD41FBJD9010,5,"convenient, filling, 70 calories and lots o protein = great work lunch item"
B001FA1KUS,AC8PTTE9SEU9E,5,Best Quick Cook Wild Rice.
B001FA1KUS,A3BSVEVBV9RZS2,5,Great Quality and convenient quick cooking
B000B9SFP2,AZFHSPEZUPGD2,4,"Very good corral for 1 horse, maybe 2 with additional electric tape"
B000B9SFP2,A2E3NAL9ECE7VS,4,"Easy Setup, Nice Design"
B000B9SFP2,A2OL5WLCNZVD9K,5,Works for us
B0052OI128,A2R6RA8FRBS608,5,WhoNu? Chocolate Sandwich Creme Cookies ~~ DELICIOUS AND HEALTHIER THAN THE MAJOR NAME BRAND !!!
B0052OI128,A1J52MX2YDWSU0,5,Really good cookies!
B004NNFEA6,AMRMK86X3PKXD,5,Snyder's Best Flavor
B0000E65W9,A1GYEGLX3P2Y7P,5,A favorite quick meal solution
B000EHZZMW,A2X663MMJ0XYKQ,5,My new FAVE pasta!
B000FDKQCO,A21Z0377YERLCH,5,These are grrrrrrrreat!
B000FDKQCO,A31D5HQ8EQZ293,5,Good if you like flax seed.
B000FDKQCO,A2023OTNO3QIIW,5,Best  Brownies
B000EJLWZ4,AL0I8X5J1KBDB,5,Goodness!
B001IZIC7E,A2C9XE9I8RSKNX,5,Got them for my dog with heart failure
B001IZIC7E,A348IT6M7H8A67,3,Very good but too expensive
B004JQVASM,APCSV85SWASN2,5,Better than Starbucks
B004JQVASM,AG6JWI77UMETS,5,Nice alternative to regular coffee...
B004JQVASM,A2FKNAOSP2965J,3,Wonderful substitute...
B004JQVASM,A2MSQNPTNAAGL1,4,Surprisingly good and no nausea!
B004JQVASM,A1DUSP1JJA0H7L,1,Undrinkable
B000FDKQCY,A30KCQIU856SEH,4,Can be improved easily
B000FDKQCY,A34U4Y40W1GW9I,5,An excellent bread machine mix.
B000FDKQCY,A3TIACCF9FM8PB,5,potato bread
B000FDKQCY,A130VGG4P4PW5J,5,Always a great Brand - full line of products 2 choose from
B000FDKQCY,A31N6KB160O508,5,Excellent bread mix
B000FDKQCY,A26M5O53PHZTKN,5,Excellent bread mix
B000FDKQCY,A1CNMLLMYNE26K,1,Potato Bread
B000FDKQCY,A1YLOZQKBX3J1S,3,"good, tasty and easy bread"
B003OZYUEA,AR7TAEEUDHMUB,5,Delicioius Water I Didn't Have To Carry In
B003OZYUEA,A6OLGXCVNLN3,5,Great water!
B003OZYUEA,A16KA3R9IBUO1I,5,Great Tasting Water
B003OZYUEA,A3PUZHFZZB5NW8,5,30 bottles instead of the usual 24
B003OZYUEA,A4EWLZLUCY5QR,5,excellent quality
B003OZYUEA,A52KI87KEWX39,4,Spring Water
B000FDKUSO,A35T8A43KFWD00,5,Great light cracker substitute
B000FDKUSO,A18GKCC69KPR51,5,Better than expected
B000FDKUSO,A17KUCXAV34USP,5,"Delicious, low calorie and healthy snack. Good price too!"
B000LKXQ32,A2TKKLZTJV4NLV,5,The very best organic green tea!!
B001YJ6M7Q,A2WKQ9LUO7IRBE,4,Size of can seemed bigger
B005K4Q1VI,A1BJHZE41QWBX6,5,"Grove Square Hot Cocoa Cups, Milk Chocolate, Single Serve cup for Keurig K-cup brewers, 24 Count"
B005K4Q1VI,AQ80LJNDLVZPG,5,So yummy!
B005K4Q1VI,A103U3KR4L2ZXT,5,Great cup of cocoa
B005K4Q1VI,AB094YABX21WQ,5,tastes pretty good
B005K4Q1VI,A2ALSH7ZYSVPK3,5,great taste for a great price
B005K4Q1VI,A3SEW1ECTN5D0D,5,Good cocoa
B005K4Q1VI,AKJHHD5VEH7VG,3,I like old school cocoa much better
B005K4Q1VI,AYA27SRXFOXP7,4,Very convenient and pretty good
B005K4Q1VI,A3916G6EAUK63A,5,Warms the soul........
B005K4Q1VI,AGFV9F4CI93S3,5,Not bad using CoffeeMate Chocolate Creamer
B005K4Q1VI,A3LXOMANBRFQJG,2,Too watery after multiple settings.
B005K4Q1VI,A19N2TU4D31BT6,5,Never without!
B005K4Q1VI,A1WVMU2PMQ0GXW,4,Great cocoa..
B005K4Q1VI,A1J75JJ0Q2OEJN,3,Why can't anyone make a hot cocoa without sucralose/Splenda in it?
B005K4Q1VI,A3OXHLG6DIBRW8,5,Really Good Hot Cocoa - Highly Recommended
B005K4Q1VI,A1MVN7BGX0CYKD,5,Pleasantly surprised
B005K4Q1VI,A15T9G38F589KM,4,"Not bad, not bad at all"
B005K4Q1VI,ALD467ZEFBPDF,4,Not bad for the price!
B005K4Q1VI,A19N2TU4D31BT6,4,Peppermint is our favorite
B005K4Q1VI,A1CYKFUPE5ZGBA,5,Great Tasting! Great Value
B005K4Q1VI,A3BSPXD2A2UQ2T,1,Not good!
B005K4Q1VI,A2G9JJ0EI0JVIA,5,Chocolate heaven!
B005K4Q1VI,A16KFZE04C1EAK,5,Well pleased.
B005K4Q1VI,A1CYKFUPE5ZGBA,5,"Great Deal, Great Cocoa!"
B005K4Q1VI,A30GEP1I3ZJABG,5,Good Cocoa - GREAT price
B005K4Q1VI,A32HA9IME9E88V,5,So much better than Cafe Escapes!
B005K4Q1VI,A1YCWZWOXLUAY5,5,Yummy!
B005K4Q1VI,A2E7V2OVK745M2,5,yumm!!
B005K4Q1VI,A1Q3VZH3TP8DFN,5,hot cocoa
B005K4Q1VI,A13T0V3LHOTHDL,4,Best Dark Cocoa so fat
B005K4Q1VI,A2M4TSFND0HXIG,2,Not Good
B005K4Q1VI,A2KMFRF5XD7LEO,5,Hot Chocolate
B005K4Q1VI,AWJXWD0EMKIUV,2,"Too sweet, too weak"
B005K4Q1VI,A1YU3SAW0XHQIY,5,Surprisingly Good.
B005K4Q1VI,AKY1ISIZP5DIU,5,Delicious!
B005K4Q1VI,A35R32TA60XD57,1,I wish I would've known!
B005K4Q1VI,A120BPRX233DLL,3,I like it but the cost
B005K4Q1VI,A2YHXAZLCLDT8D,5,Great cocoa !!
B005K4Q1VI,A34LILWGBUXLIJ,4,Best K-cup cocoa
B005K4Q1VI,ALD467ZEFBPDF,5,GREAT Cocoa for the price.
B005K4Q1VI,A15U64VGUV6RBF,5,Hot chocolate in seconds
B005K4Q1VI,A3Q307658TBYCR,5,Great
B005K4Q1VI,A2ALSH7ZYSVPK3,5,Love it!
B005K4Q1VI,ATVAXMCSYVATX,3,OK product...good for price
B005K4Q1VI,A1SPFZ5BOIMIXR,4,VERY PLEASED!!
B001NH40UA,AAEN2X0G9EACJ,5,Fantastic Orange Tea
B000YPKODY,ABDCYK04CL6O4,3,CRACKER JACKS(PACK OF 25)
B005ZHJI9C,AS1FCKNKY95ID,5,Great and good price!
B005ZHJI9C,A1I34N9LFOSCX7,5,Yum!
B005KDJEJK,A230PPNNJYJ6HR,5,Rancho Gordo Beans - What fun!
B000GDAVXW,A3F3B1JPACN215,4,A little too sweet
B0040PWYVO,A6KL17KKN0A5L,5,Great sweet organic corn! BPA not sure but looks like Eden's cans.
B0040PWYVO,A21T1TDO74WNTM,3,Libby's Organic Corn
B0044UT0O4,A38Q177E7KQSZK,3,good price
B0044UT0O4,A1HOXKR7OKJ1X1,5,Pink perfection!
B0044UT0O4,A2FOMCYGVURHF3,5,Fresh product!
B004X8TK9W,ABDCYK04CL6O4,5,KEEBLER SOFT BATCH CHOCOLATE CHIP COOKIES 15-OUNCE(PACK OF 6)
B004X8TK9W,A3L9ZT7SRJYLVH,5,DeeLish Cookies
B004X8TK9W,A1Z54EM24Y40LL,5,AWESOME!
B001QEF4XC,AEGO6A1AFDTAV,5,Perfect for a Great Dane
B0015D44KS,A135SZUUYGMDGQ,5,The best bean
B0009P82YM,A2EDWI5EGP4V9N,5,"Rich, Belgian Chocolate"
B000YB7XQ4,A229475ZV51AMP,5,Awesome tea!
B000G33MVK,AZV26LP92E6WU,5,Woeber's Sandwich Pal Hot & Spicy Mustard
B000G33MVK,A2LZKUARB5Y8C2,5,Woeber's makes a great product.
B000ER1DIM,A2RERXI7RH3CIA,5,A favorite
B000ER1DIM,A2WZKMNZG42JQM,5,All she ever wants to eat
B000ER1DIM,A14I86SK59DIX,4,organic honey grahams
B000ER1DIM,A14I86SK59DIX,5,organic graham crackers
B000ER1DIM,A18GKCC69KPR51,2,Well
B00113XJQW,AG3TDPB8GFE4L,5,"OMG, What a life saver"
B0045IK1CK,A35OY2ASP1MP5M,3,"""Diet"" treat"
B0045IK1CK,A21CZIJ7LXR1A1,4,Another YUMMY!
B0045IK1CK,A32HA9IME9E88V,1,Try Grove Square instead
B0045IK1CK,A13T0V3LHOTHDL,5,Absolutely Delicious
B000YSTH16,AR37BG23UFBF6,2,there are much better gluten and dairy free cookies
B00016UX0K,A22Z9R91N8L7IQ,5,What?  All These Folks Are Right?
B00016UX0K,ARYGNP5U9A4ZR,5,Really nice - sweet but with a bit of a kick
B00016UX0K,A2PR6NXG0PA3KY,5,Can't Afford a Trip to Thailand?
B00016UX0K,A31LEVBRCI0BQX,5,oh my!
B00016UX0K,AAJ1IYOUIHWF,3,Too much
B00016UX0K,A3E3YJO2V3YZUM,1,Guess I'm in the Minority
B001L1DYAA,A14738H3YYX7ZC,5,Right for me
B001L1DYAA,A2I5OC3AQBTPC1,5,Best Coffee OutThere
B000X2CWTM,A1RRHET1QIP1YK,5,Panda boxes of little licorice  pieces
B000X2CWTM,A39Q2NUVJF92X8,5,i love this licorice!
B000X2CWTM,A3M798YYM8TSQG,5,I love this licorice
B000X2CWTM,A1ZPY91VE3IDN1,5,Doesn't leave my teeth black
B000X2CWTM,AY12DBB0U420B,5,Mmmmmmmm!
B000X2CWTM,A2MSQNPTNAAGL1,3,OK but RJ's is much better!
B002979DP0,A2LXX47A0KMJVX,5,Delicious alternative to soda
B001M074MY,A25EE3X3GQ6M7L,3,Tight Fit
B001M074MY,A1ZZZT0KJR46UV,5,Good coffee
B001M074MY,ADMPF64R5C3O8,5,Melitta One Java Pods
B003159ETE,A2YMCPP3KW9IXU,5,Wonderful spices
B005GX7GVW,AS1FCKNKY95ID,5,Great and good price!
B005GX7GVW,A1I34N9LFOSCX7,5,Yum!
B000GEVGXA,A2W3D8MO3DD9CB,1,"Truffle Oil? Well, at least the oil is real."
B000CC9V42,AM3XNQU9TZBD8,5,Not all are champions
B000VSDFRG,A3OXHLG6DIBRW8,5,Great Diabetic Friendly Candy - Highly Recommended!
B001L1KH6Y,A2725IB4YY9JEB,5,LOVE this coffee.  Packs a wallop in the morning.
B005HO0ARM,A3B1360JOYS0GJ,5,Thick body wash that lathers easily--sometimes I use it for bubble bath (Deep Moisture)
B005HO0ARM,A22NU0QZBB0PDK,5,Love Love
B005HO0ARM,AO4OIK8IVUXAP,5,"Good price, great for stocking up!"
B005HO0ARM,A1BYMKR6E2EXEJ,5,fast delivery
B00110FN28,A31N6KB160O508,5,"Yummy, indulgent tasting cookie"
B00110FN28,A2WS6FMF750EI9,2,Mini Cookies with Mini Merits
B00110FN28,A3NEAETOSXDBOM,5,Our favorite grocery store chocolate chip cookie
B00110FN28,A250AXLRBVYKB4,5,Great Snack!
B00110FN28,A22Z9R91N8L7IQ,5,Are We Reviewing Our Mistakes Or These Cookies?
B000UZVPKO,AQXJM6TILVEDY,5,An excellent item for an excellent price
B000UZVPKO,A2BXMHV2B0QRCM,5,Most excellent sardines!
B000UZVPKO,A29313797NGT9L,4,I like these!
B000CMHMUC,AAX5SMAWNANMR,5,Delicious!
B000CMHMUC,A206FFH5DBWL1H,4,Excellent crisps
B001EW5YQS,A6FIAB28IS79,4,Promising--if it works. Not always a guaranteed solution.
B004391DK0,A9OKYXRTXPGDK,4,pretty good
B004391DK0,A8CKH8XB33XGN,4,Good... but still gritty!
B004391DK0,A3IWO1KYMRQWMI,3,Meh. Not bad but a little bit of a mushy texture
B004391DK0,A33AQPJYH7UUXR,4,makes a proper pancake
B004391DK0,A926YP1BSD72Y,5,Gluten Free Pancakes!
B004391DK0,A1YJMG0QJXZLD4,5,Makes a nice pakcake
B004391DK0,AGYD1ZOSM59XM,5,Happy there is a gluten free Bisquick
B004391DK0,A3UCXYEAV06AHA,5,We LOVE it!
B004391DK0,A2YLD81DDAYPVM,5,Oh MY!
B004391DK0,ABFMLM8RX10NO,2,It just doesn't taste that good.
B004391DK0,A36Z5NGBSMSPDX,1,A disappointment...
B004391DK0,ADO72DBUPFH4M,5,LOVE THIS!
B004391DK0,A2VBL3JMMB282U,4,Pretty Good
B000GPKI10,A29L15GKGGA3UO,5,I Felt Like A Thief When I Bought These!
B0025VQGHS,A2M4TSFND0HXIG,1,Use For Pound Cake
B003SWCZG4,A1GQAKL9CGQLP1,5,Great Dark Chocolate for Yourself or for Guests!
B000E5AO8O,AKMEY1BSHSDG7,5,Every BIT as good as you remembered!
B000E5AO8O,A1A99RZRDB9DUN,5,Just like when I was a kid
B000E5AO8O,A2JBZHQVQF7MV0,5,Yum!
B000E5AO8O,ABGKH1T5ASBWW,3,Not so fresh
B0002NYO98,A5DVX3B075B09,5,LOVELY JUNIPER BERRIES
B0002NYO98,A376TWN7I4HMZ8,5,Exaclty what i ordered
B0002NYO98,A29CO2S0VTT0C5,3,get a new package
B0000GGI00,A2VBTN6ZR67YOF,5,What everyone is saying here about Pico Pica is true
B002YZESWU,A35A5S6H1WROO6,5,Excellent starter set.
B002YZESWU,A2BLJGGWN8GTXQ,5,"Unique gift, surprising amount of salt!"
B002YZESWU,ATNQNZEHWMR9U,4,Pricey but nice selection of salts
B002TMV3E4,A1DC1O4VX6AHPP,5,"mellow flavor, no chemical aftertaste"
B002TMV3E4,AN81JUYW2SL24,3,"Packaging needs improvement, great taste, decaff is not my thing"
B002TMV3E4,A281NPSIMI1C2R,5,Intoxicating
B002TMV3E4,ABC68JUCPTVOE,4,coffee snob reviews pre-ground decaf
B002TMV3E4,A2UYWE97KME0M,5,Delicious & Not Bitter
B002TMV3E4,ALSAOZ1V546VT,5,Unbelievably rich flavor!
B002TMV3E4,A1UQBFCERIP7VJ,4,A good cup of decaf
B002TMV3E4,A3D1TZH619NKHN,3,Nothing Special
B002TMV3E4,A6KL17KKN0A5L,3,"Slightly acidic, not for me..."
B002TMV3E4,A34A7QEBMYTALW,4,Good Decaf
B002TMV3E4,A224KM22RQ5CD4,3,Decaf Option.. Mild Flavor
B002TMV3E4,A1AEPMPA12GUJ7,4,"A good, mellow, basic coffee"
B002TMV3E4,A1M9126YPQPS3L,3,Just can't beat fresh ground...
B002TMV3E4,A37D5847LN3WQ,4,Good but pricey
B002TMV3E4,A3H7NPNDMGLOU4,5,Decaf Never Tasted So Good---5 Stars!
B002TMV3E4,A2H2I5FY1PUHP1,5,Good Coffee!
B002TMV3E4,A1H7Y5XKPGT0OS,3,A fine coffee
B002TMV3E4,A1JAPP1CXRG57A,4,Delicious Decaffeinated
B002TMV3E4,A1XJOSJN6FHFO0,5,Good Flavor
B002TMV3E4,A3MH3QGC42XZ1U,3,gave me the jitters!
B002TMV3E4,A1BTG38XSGYLW3,3,It's okay
B002TMV3E4,A38KK0SZYEH5UD,3,Good for a mass-produced decaf
B002TMV3E4,A3L2KYOYDWSRPL,4,Like it.
B002TMV3E4,AYNAH993VDECT,4,Good for packaged ground coffee
B002TMV3E4,A14L2638XC00EZ,5,"robust, real coffee taste without the caffeine"
B002TMV3E4,A2UQIQUOAB47OT,5,Very smooth and robust
B002TMV3E4,ATLO3YXU2BC16,5,Delicious
B002TMV3E4,ADY836HK6QSYR,4,SURPRISE!
B002TMV3E4,A10ZBR6O8S8OCY,4,Great to drink after dinner
B002TMV3E4,A37JNUJSVAJKYN,4,Excellent
B002TMV3E4,A391KXVQH22CM0,3,So/so
B002TMV3E4,A3UKWQS8SRW6IO,3,"Good, nothing remarkable"
B002TMV3E4,A1AKU188I6NRF0,5,"Smooth, Rich Coffee"
B002TMV3E4,A2W4014S06NAIT,4,Nice strong blend
B002TMV3E4,A2VAD79S4A06DD,5,That's some goooood coffee
B002TMV3E4,AKCZIJ6ZHE41D,4,Good for Half-Caf Blending
B002TMV3E4,A29TZ0192IY8IZ,5,Rich with no bitterness
B002TMV3E4,AK8LOFYRZJJW0,3,"Acceptable, but nothing special."
B002TMV3E4,A235NA61RC6YC1,4,Quailty coffee for the region and price
B002TMV3E4,AJBF0L0KVJG8J,4,A nice smooth coffee.
B002TMV3E4,A3A15L96IYUO6V,4,Great coffee flavor but still you know it is decaffeinated
B002TMV3E4,ADSFKIX44X8JV,4,Surprisingly good
B002TMV3E4,A3CG6YLYZJXQG4,4,Another good product from Melitta
B002TMV3E4,AHIK7BUXFRMT8,5,One of the Best Decaffeninated Coffees I've Tasted
B002TMV3E4,A25C2M3QF9G7OQ,5,"Wonderful aroma and taste, but be careful opening the bag"
B002TMV3E4,A2NMQWBDWT3SQF,4,"smooth taste, good hot and iced"
B002TMV3E4,A3W4D8XOGLWUN5,4,Smooth For Decaf
B002TMV3E4,A2TXMYYGSZCSZ1,5,Love the Aroma/Great Taste
B002TMV3E4,A235UFZGCFN3J5,5,"Excellent tasting coffee, naturally decaffeinated"
B002TMV3E4,A30ELDPP5TCQ8J,5,Great way to start (or finish) the day
B002TMV3E4,A2FRFAQCWZJT3Q,5,Best Decaf EVER
B002TMV3E4,A2OWR5G2OAQF7C,4,Strong flavor for a decaf brand!
B002TMV3E4,A2GANR9I6XHTU9,2,Not Impressed
B002TMV3E4,A3C40PJ9YXREQ5,3,A decent cuppa
B002TMV3E4,A33VELHWFACU48,4,Reminds me of Demi-Tasse
B002TMV3E4,A16YU3GRGCD95S,5,Great coffee that won't keep you wired all night.
B002TMV3E4,A1S8FJT0AQSF60,4,"Had my doubts, but I'm impressed..."
B002TMV3E4,AF3BYMPWKWO8F,2,Meh
B002TMV3E4,A1157CR0T5UM9D,4,Rich smooth taste
B0013ENGXK,A2JSH6MZ9BOVJ2,4,"Apparently good for you, TASTES LIKE BITTER DIRT"
B0013ENGXK,A2JSH6MZ9BOVJ2,4,"GOOD FOR YOU, BUT WORST TASTING TEA EEEVVVEEERRR"
B003VXL14M,A25A5GLNPB42BH,2,powder instead of leaf
B0075WWDKQ,A1IW9LSLZFW9FK,4,Nice Variety for guests or to try each flavor yourself
B000GRGT9I,A3FI4OAOQYQWHH,5,Delicious Organic Orzo
B000FFRY3G,A33Y6C4N1FKNJX,5,Gluten Free English Muffins
B000FFRY3G,A34U8UOJOPR0DQ,2,Not like regular English Muffins
B000FFRY3G,A3LSTGAP7LOV1S,2,Why is this our only choice for bread?
B0002NYO9I,A5DVX3B075B09,5,LOVELY JUNIPER BERRIES
B0002NYO9I,A376TWN7I4HMZ8,5,Exaclty what i ordered
B0002NYO9I,A29CO2S0VTT0C5,3,get a new package
B000FBM4FI,A35LA4YL8HSM2B,5,Another great snack
B000FBM4FI,AMRMK86X3PKXD,5,"Paper Thin, Crispy and Good!"
B000FBM4FI,A12ET4S0G6EQGN,5,Great product
B000FBM4FI,A10AFVU66A79Y1,5,OH boy  crispy and only 50 calories.
B001GBBQU0,AS1FCKNKY95ID,4,Delicious with questions
B000N5Z5RU,A27O5ZUFAEWT9L,5,My Picky Cat-Child Loves It
B00139TT72,A1IGZJIN29DBJQ,5,Great for Dogs
B00139TT72,A30DWKEDHUXWUG,5,Great healthy dog food
B00139TT72,A132ETQPMHQ585,2,Good but not my favorite.........
B00139TT72,A33PVCHCQ2BTN0,5,"Great product, my dogs love it!"
B00139TT72,A3NVB6HKMUH2NM,4,Dogs Love It
B00139TT72,A1S7LST1G51C3,4,Fine Product
B00139TT72,A2XY3HKH5RVRM5,5,Great option for organic dog food
B00139TT72,A1H3K0Z1ADGNEH,5,Dog loves it!
B00139TT72,A1MOS3J4MXX1U4,4,Good dog food
B00139TT72,A2XY3HKH5RVRM5,5,My dog loves it.
B00139TT72,A1OM0YEFH1LMWK,2,Not good enough
B00139TT72,A2TPR6CK4KGRP6,3,much better alternatives
B00139TT72,A39H1WPTI8EPUA,1,Not organinc so dont be fooled by the ORGANICS in the name
B00139TT72,A1N4NAIHZF4J7X,1,DECEPTIVE! DISAPPOINTED!
B00139TT72,A2EZW502SEA2N9,5,Newman's Own Organics Dog Food
B00139TT72,A2KWAK0GAA8IBW,5,Give it time
B00139TT72,A2KWAK0GAA8IBW,4,"Good product, but..."
B00139TT72,API5JLBRT6FIN,4,Allays my concerns over what I feed our first baby
B00139TT72,A31D5HQ8EQZ293,5,Best dog food on the market!
B00139TT72,A2EZW502SEA2N9,5,Best Dog Food Ever!
B00139TT72,A1UN5Q1FKH1ZT7,3,Good news and bad news
B00139TT72,A3MZNRSDQ32UUH,5,this is the one
B00139TT72,A2ZI9P5J5BWGBH,5,Still the Best!
B00139TT72,A2MUGFV2TDQ47K,5,"Doggie Loves it a lot, my Budget not so Much!"
B00139TT72,A1H3K0Z1ADGNEH,5,For Dogs with special needs
B00139TT72,ANJFB4UTB3YDH,5,My dog loves it...
B00139TT72,A1QHEKVEXOR0AH,5,Great dog food
B002FVQX3A,A3VAVNPZ515HPX,2,Meh..
B002FVQX3A,AR7TAEEUDHMUB,5,Great Gum
B002C56OBU,A25SDO4GF66FQ1,5,My Community Coffee
B0018ATXEU,A1KJ2VZNTWPIUO,3,Just OK
B004JWS0CA,A39KT4ATF5Q9UB,5,Best medium roast coffee
B0009JMW1C,A15ZLXABTK8F3F,5,THIS PRODUCT WORKS!
B0009JMW1C,A2NUTNNFF11492,2,Didn't work for me
B000FYYOZI,A1TMAVN4CEM8U8,3,O.K. taste. My wife hates the smell.
B000FYYOZI,A1TMAVN4CEM8U8,5,A Mild Slim Jim
B000FYYOZI,ALSW7HGFU3ZRG,4,Good Beef Sticks
B000FYYOZI,A235EY6S2D1SG0,5,Pretty darn good
B000FYYOZI,A2EA0KDO04UU9H,5,Buffalo Bills smokies
B000FYYOZI,A2NI95Y8UNE85D,5,Sweet beef
B002RZ1QNG,A2X9T0XQCY4VFZ,5,White Pear Chardonnay
B004FW1DIW,A31FYZK04YNOJ5,4,"Another ""True Chews"" My Pup Loves"
B001EO5ZDI,A1K82R24ROO2I7,5,Great quality!
B000H25QVO,A3B1HFF2NIOUA7,5,"Yes, It is Good"
B00653KJ5M,A3POAWC2JPQQQP,4,"they are good (except for the ""rainforest"" flavor)"
B00653KJ5M,A16PI051YKM276,4,Like the texture
B000HDKZDC,A233H2J16V56W8,5,A  Healthy Surprise
B000HDKZDC,A22U8V3UVVBP7M,3,they're okay
B000N5YM10,A3ESGWN65QIL17,4,Seasonings
B000E3ZFIK,A3KHKX8PY7I8TW,5,The Best Graham Crackers  But  No Longer Available
B000E3ZFIK,A36WGHR8TO5DKT,4,Nice with morning coffee
B007OWEOIQ,A32EOHLFZYXJEP,5,Delicious!
B007OWEOIQ,A17QK8KTU1JXSM,1,About the only good thing..
B005H3BYHI,A2YXF8J8PT41ST,5,Tiny bubbles...makes me happy...I don't want to share!
B001FPV0OO,AAF3ECYTDXIA7,5,Spicy Mustard
B001EO5ZFQ,A3D6OI36USYOU1,1,"Uh, NO!"
B0028VAQSU,ABFMLM8RX10NO,5,LOVE IT!
B0028VAQSU,A2PIH1T5NW71AI,5,great gluten free baking mix
B0031YJ38W,A6FIAB28IS79,5,Best of Breed
B0031YJ38W,A1TD2589ZVHZ3S,4,GREAT mid morning snack
B0031YJ38W,A3BH49ZKESHDID,5,Good snack for children
B0031YJ38W,A3TD1O4EC26NT2,5,hit or miss - yet... Erin Baker's fixed everything!
B0031YJ38W,AY1EF0GOH80EK,3,Dry and too fruity
B0031YJ38W,A38S0MGL8QE0CM,5,excellent taste and handy
B0031YJ38W,A2AM4UJIK0YDUO,5,ERIN BAKER'S ORGANIC COOKIES
B0031YJ38W,A38S0MGL8QE0CM,4,dont think real chocolate
B0002UDY9W,A2S3E0AGUM2KDR,5,A tea for the ages...
B0002UDY9W,AGGDI4VWPPZ6J,4,"Comforting as vegetable soup, without the veggies"
B003R0LKSG,AJ8QOI7C5I1SX,3,"Great quality food, my cats hate it though."
B003R0LKSG,A33V118ZVFLGVK,3,"I and my dog love it, my cats hate it"
B000G1X456,A36HK6V63C02XE,5,Great for Strong Coffee lovers--Simply the best coffee!!!
B000G1X456,A1TTUR3TU0YFDG,5,"Smotth and never bitter, even when made extra strong"
B000G1X456,A1LA5T5SXLGFZQ,5,The best!
B000G1X456,A2YSFKX18XTHED,3,I Wish They Hadn't Changed the Formula
B0009OMU00,A35W3JQYP0M655,3,Really Good..But Hefty Price...Anywhere
B0012YEKCW,AD34TCPEP7P84,5,Easy to grow and good for your cat!
B0012YEKCW,A28HQLPE47ZQWF,5,Very easy to grow
B0012YEKCW,A18WKADVOE3BJI,3,Good for kitty
B004K051VE,AQDNN0O86WXGC,4,Good for on the go
B004K051VE,AMC2ZGYSSXCX5,5,perfect for lunch boxes!
B004K051VE,A3NUZY4Y6B2GHD,4,Yummy
B004K051VE,A311FRP5Y7Q5D5,5,Yummy!
B004K051VE,ALZ8BIVCAFB4T,5,These really do taste like a PB&J sandwich!
B004K051VE,A313YCOCQ050AX,5,Simply perfect!
B004XMIRU6,A1KZUXE70GYNGO,4,Excellent stuff reasonabale price
B004XMIRU6,A1NKZ7A7T47413,5,Wow that Expensive for coffee
B004RDRHAW,A2BLJGGWN8GTXQ,4,"Extremely pricey, but one of my favorites"
B004RDRHAW,A2L632NED7EB5W,5,Just gets better
B004LQT0JG,A2K3J2X8KDY47N,5,Holy moly!  where have these been all my life?
B004LQT0JG,A7EK88GF8N40F,2,Poor texture
B004565GV8,A2E7V2OVK745M2,5,yummmmmazing
B004565GV8,A3NNO32KVSYJTO,5,KEY LIME SUGARFREE GUM
B004565GV8,A2XNOB1T796Y6B,4,Very yummy!
B004565GV8,AJB5P7GVR0MT8,1,Hydrogenated oils
B000H27K86,A1ER6IYOMM8VCT,5,"A TASTE OF ""N'AW'INS"" GREAT SPICE MIX FOR MANY DISHES!"
B00622CYVS,A2OOCPLJM7I4VA,3,"Very sweet, not terribly healthful."
B00622CYVS,A3LWC833HQIG7J,4,"Excellent variety, our 8 month old loves them all, but be informed water is the largest ingrident by weight on all 4"
B00622CYVS,A8PP8NPRJSAKO,2,Not a fan of BPA in baby food jar lids
B00622CYVS,ATIHDHZYNQ0EI,5,Organic and Tasty
B00622CYVS,A2ETT9SL9AN39O,5,Great product
B00622CYVS,ASEAKR59G0SLT,2,Product is good; Amazon fulfillment is poor
B00622CYVS,A3HGBBGUAF3D8H,3,some jars went bad
B00622CYVS,A2KIVODZRTGY4U,5,Good variety; good flavors
B00622CYVS,A2MF0C4E7GYCI,5,My child loves this food!
B00622CYVS,A2NQKBC54RAZL5,5,One of Our Favorite Variety Packs
B00622CYVS,A2UY1O1FBGKIE6,3,not too good
B00622CYVS,A2YHXAZLCLDT8D,5,Dinner time is Earths Best TIme !!
B0092X7B5S,AKD1SD4I503SH,5,My favorite Jelly Belly flavor
B0092X7B5S,A3IE8OGKQ0OCTE,5,A Surprising Blend of Bean and Apple
B00622CYVI,A1N8YWKJVXVXKY,5,Great Deal!
B00622CYVI,ATIHDHZYNQ0EI,5,Organic and Tasty
B00622CYVI,A2ETT9SL9AN39O,5,Great Product
B00622CYVI,A2MF0C4E7GYCI,5,My child loves this food!
B00622CYVI,A2EP47EDN74VIM,5,"Great Product, Good Price"
B00622CYVI,A3TUTIAVU7Q2E2,2,Normally love Earths Best
B00622CYVI,A2YHXAZLCLDT8D,5,Earths Best...is THE BEST !!
B00622CYVI,ASEAKR59G0SLT,2,Product is good; Amazon fulfillment is poor
B00622CYVI,A1MAB962ZLTD7F,5,Do not buy thses!
B001EQ5DHE,AWZAWKBRY2I4S,5,Great For Summer Hydration
B000MXENCG,A3IFDLRQBY4MW5,5,to go to for baby constipation
B000LKZGNA,AJSTGUC7GWMWD,5,Best Tea
B001ASZV5K,AWFA4158DDDWC,1,Could not eat
B0043P1O1M,A315S3F1NHG7Y8,5,Cat Loves Tender Slices
B0043P1O1M,A1J0FXKLB8S6K,3,Just OK
B00444ZAQM,A1DUSP1JJA0H7L,5,Delicious!
B00444ZAQM,A2XNOB1T796Y6B,4,"Yummy, but could do with a resealable bag."
B000G1X45G,A2FRFAQCWZJT3Q,5,The taste is as good as the aroma
B000G1X45G,A1TTUR3TU0YFDG,5,Absolutely the best
B000G1X45G,A1MZOXELEBGS47,5,The best coffee I have ever tasted.
B000G1X45G,A36HK6V63C02XE,5,If you love strong full flavored coffee---this is for you--the Best!
B000EUJLHE,A33PVCHCQ2BTN0,5,Fabulous!
B000EUJLHE,A1WX42M589VAMQ,5,"Wow! Why didn't I notice these babies sooner! Great for us lower-er carbers, great for those of us with 'delicate"" teeth...tasty"
B000EUJLHE,A16PI051YKM276,5,Yum!
B000EUJLHE,A17QK8KTU1JXSM,5,Tasty crisps!
B000EDMENE,A2DYW9Y2D8E43L,5,Really like
B000H23YC2,AQ6AGWKWMTY8H,5,Mmm-mmm Good -- Rejoice Ye Texans and Southerners
B000H23YC2,A62KCY1O252N1,3,Not as good as McCormick
B00434J6YK,AJQDIT55SZ3ZX,5,Oh My Goodness~Reminds me of Girl Scout Cookies from 1960's
B00683FY54,AQDNN0O86WXGC,5,Thank Goodness
B00683FY54,A311FRP5Y7Q5D5,5,GF/ DF done right!
B00683FY54,A313YCOCQ050AX,4,Healthy breakfast
B002ANCCK6,A35R32TA60XD57,5,My cats love this stuff!
B002ANCCK6,AIXBFF39SH41D,4,Wish I would have bought more!
B002ANCCK6,AFWMKXCYDP9UT,5,Cat couldn't get enough
B002ANCCK6,A1UD16T8XBNNIE,5,Both My Cats Eat This One
B003TIVBSU,AC9JAT85740ME,5,very good price
B003TIVBSU,A2IH8UUAUHMGLW,5,Excellent
B003TIVBSU,A198FU6P1BVUNZ,5,"Beautiful, Aromatic, Fresh"
B003TIVBSU,A25MRVI1HJ4BUE,5,Where have you Bean all my life?
B003TIVBSU,A1T9D6S6ETH42I,5,Fresh!
B003TIVBSU,AUXRFG41XNAI3,5,Delicious beans!!
B0006J6GWG,ARQZUNFXEUTIZ,4,Dog absolutel loved them
B0006J6GWG,ARQZUNFXEUTIZ,5,Dog's happy
B002HFRYZ0,A2ZY23X9IKXMON,5,A Terrific Find !
B002HFRYZ0,AZFFSBRIADPM0,5,Great Tea
B000FL0A9A,A2F050IXG8RBQJ,5,decaf
B001EQ5EJQ,A11IDK9L74LPT1,5,Delicious!
B001EQ5EJQ,A253VUYT5I3KLH,4,Savory and earthy flavor
B001EQ5EJQ,A1IW9LSLZFW9FK,5,One of the best oils on the market!
B001EQ5EJQ,A2WLS1TTUUGJYU,5,YAY!
B001EQ5EJQ,A12V99A19RKUAL,5,better than expected
B001EQ5EJQ,A914TQVHI872U,5,Wonderful product...
B001EQ5EJQ,A236JGXFISDMKL,5,Pleasant Flavor
B001EQ5EJQ,A2A8KWCE8RKB9T,5,Really Good
B000FL0A9K,A2F050IXG8RBQJ,5,good to find decafe one
B003KLSZGW,A2Z7S5K254ADCT,5,Yum! Yum! Yum!
B003KLSZGW,A2GOE7ITDGYVE,5,yummy all by themselves
B003KLSZGW,A1YVDY3TISDRE1,5,taste the quality..
B003KLSZGW,A2AQUIHJELUVLE,5,Omg good!
B001DIM8K8,AEO1L073HMSPQ,4,You have to be Irish to appreciate this
B001DIM8K8,A2AFK8D674G3MG,5,OATMEAL - ANOTHER CHOICE
B001O2IX8E,A3L27V7TOG1JZ,1,"be careful, moldy product, USDA now involved"
B001O2IX8E,A3NHUQ33CFH3VM,3,My Babies Liked This One Right Away
B001O2IX8E,A3L27V7TOG1JZ,1,"careful, moldy product, USDA now involved"
B001O2IX8E,A274R7AR2E1TGL,1,"rotten, moldy food = health risk"
B001O2IX8E,A3LWC833HQIG7J,5,"Glad I gave this a try; good product, good nutrition, other reviews are outdated"
B001O2IX8E,A274R7AR2E1TGL,2,mine was also improperly sealed
B001O2IX8E,A3NHUQ33CFH3VM,4,Had No Problem.  They Like This One a Lot
B001O2IX8E,ACM3Z9NLSE8S9,4,Son seems to like it.
B001O2IX8E,A3LWC833HQIG7J,4,Twice the protein of other Earth's best and baby food in general
B001O2IX8E,ART6IV50G99VR,2,"BITTER, and mainly carrots."
B001O2IX8E,A1BBAWO95SUWAL,5,My son loves these!
B000I6PXLC,A2AA1G6BYJETY1,5,A treat for all the senses.
B000I6PXLC,A2L00YZBDOOM8N,5,A real fan
B003SE52K8,A35R32TA60XD57,5,"Expensive, but worth it!"
B00196497O,A3B1360JOYS0GJ,5,Energy booster!
B001E2FMLK,A3F3B6HY9RJI04,5,Gave me a boost when I needed it
B000H227BG,AC64J76R8B1M9,5,"Rich, chocolatey beverage mix"
B000H227BG,AJCK6OKNWGIYG,5,Simply delicious
B000H227BG,A250AXLRBVYKB4,5,Coffee + Chocolate = Perfection
B003JMH0FY,A2WAB1XWFQFSIB,5,great with lemons and Apriva
B006FZI2UY,A1Q0OLCS18M7O7,5,Just Awesome!!
B006FZI2UY,A3GQOY83MX72TQ,5,The Brownie of My Dreams And It's Not Chocolate!
B007J6GGII,A3OXHLG6DIBRW8,4,True Bacon Flavor
B007J6GGII,A1W415JP5WEAJK,4,Not MY Favorite ... but they really taste like bacon
B000UOFW9K,A2R6RA8FRBS608,5,all right by me !!!
B000UOFW9K,A3BSTFFIKK5YTW,3,THESE ARE OKAY  PREFER SWEET CHILE ONES
B002GWHCLK,A1TVE3RZW1U3AY,4,"VERY OK Price, OK Coffee"
B000NY31I6,A290GVEOOADG5W,5,Always the Best
B001EO776Q,A31Y8G63IXG285,5,"Great coffee, and Fair Trade, too"
B001SAYI2W,A2KHE353KJDQY6,5,So good I eat it straight from the jar!
B001SAYI2W,A3N7IG2EQPMLXL,5,excelent preserve
B000E1HVW0,A13T2G4T8LR8XA,5,Bbq wings
B000E65OF6,A26A64X86VL1R4,5,The classic!
B000E65OF6,AHV9XJHC0DRTC,5,"Soothing, calming, allows you to relax and rest."
B000E65OF6,A22ML4R2ZHBN3F,5,My Absolute FAVORITE Evening Tea!!!
B000E65OF6,A1YJMG0QJXZLD4,4,Nice tea
B000E65OF6,A2DHG1HP5MCGMI,5,Very good bedtime tea or tea for car or motion sickness!
B000E65OF6,A281NPSIMI1C2R,5,Perfect for the Evening
B000KOSDY6,A1ZH9LWMX5UCFJ,5,yummy treat
B000KOSDY6,AIULJ4357GQOE,5,Outstanding flavor
B000KOSDY6,A2TFHMXBU9HG3P,4,First Ingredient is sugar...dessert for sure!
B000MIFPM8,A1R9QOPV6HVEKF,5,Great for lunch!
B000MIFPM8,A2B7T28EARM3KA,5,Junk Food @ It's Best..........
B002SVAYGY,A1GYEGLX3P2Y7P,5,Preferred sugar
B004DP0D32,A2H2LJCQ5DJ5K3,5,New Buffalo Ranch Flavor is GREAT!
B000084EKW,A2R6RA8FRBS608,5,one great big huge high-five--from my cat !!!
B000084EKW,A1L43KWWR05PCS,5,MMMMMMMEEEEEEEEEEOOOOOOOOOOOWWWWWWW...
B001AW9PTO,A2OEZIIK61GDW0,4,Good stuff
B001AW9PTO,A33REC3J2JU2EL,5,Excellent!
B001AW9PTO,A2RNYW2HIQBGSM,4,Very good flavor and consistency
B001AW9PTO,ALSW7HGFU3ZRG,2,Salt Lick
B001AW9PTO,ABK2RVDJPL8MF,1,Hickory Smoked Way Too Salty!
B000084EKG,A1Z54EM24Y40LL,5,Awesome food!
B000084EK9,A1Z54EM24Y40LL,1,This stuff is bad!
B00161O1YS,A2C8O554YMY2ZL,4,A++ Taffy
B00348J434,A2CBP9IPSHKYTC,5,handy for cooking Asian recipes
B002AYEBQI,A25H70DCDW7ZV1,1,my cats wouldn't eat it...
B002YD0AFQ,AMHY9DA73ZZ4Y,1,What happened to Claxton Farms Quality???
B000OIT8T2,AMP7TQRWAIE84,4,YUM.
B000OIT8T2,A38Q177E7KQSZK,3,its fresh and really good.
B000OIT8T2,A2582KMXLK2P06,5,skittles are tasty!
B000OIT8T2,A3RNJ9TMHLMZ0J,5,Tastes like Skittles to me!
B001SB4I80,A2XAQ3LB4QPEV9,5,Much better deal nowadays!
B000R4DWC2,A17HMM1M7T9PJ1,4,"A vey good sampling of goat cheeses, but not Great"
B000R4DWC2,A3S4E73KQGZG7S,5,Delicious Selection
B0053PO8U0,A17U562HOY2OQV,5,"Not real veggies, but a really good 'better' than chips snack"
B0053PO8U0,A22CW0ZHY3NJH8,4,"Good flavor, a little misleading"
B000633WEW,AMQ1MEG334SAP,1,A Big Ripoff!
B000633WEW,A3HQAPXAJV7PRX,4,Works well with my old snaggle-toothed dog
B000633WEW,AQ5DOLCW77FEE,5,Bil-Jac wins hands down
B000FNEX50,A2158Y2U61AU9G,4,Very Good!
B000FNEX50,A1OT5GNKX296T2,2,Yuck!
B000FNEX50,A2158Y2U61AU9G,5,My girl's love these!
B000FNEX50,A2158Y2U61AU9G,2,Weird texture; too dry and crumbly...
B000FNEX50,ADJJYTAI7B577,4,Great for Gluten Free and No White Sugar
B000FNEX50,AVFVXW75F5Q2O,5,Nana Banana - a delicious gluten-free treat for kids or adults!
B000FNEX50,A39SCU7KSK7330,1,Don't do The Bars
B000FNEX50,A3NITES609Z2LN,5,One of my favorites...
B000FNEX50,A2LZKUARB5Y8C2,3,"Moderately tasty, gluten free"
B000FNEX50,AO0HPTFIKQE9B,5,Great snack for toddlers
B000FNEX50,A2158Y2U61AU9G,5,My children love these!
B000FNEX50,A39SCU7KSK7330,1,I LOVE the others NOT the Bars
B000FNEX50,A37GAGAZDFRMZ3,1,NOT GLUTEN FREE!
B000FNEX50,AHQHLC9PVQC1B,2,not what I expected
B008OV8RE8,A3HPCRD9RX351S,5,Passed the Taste Test
B008OV8RE8,A3HPCRD9RX351S,4,Worthwhile treats
B00008O36H,AKZKG2Z7CNV27,1,"False Advertising, Terrible Dog Food!!"
B0031YKDO0,AC57A1QMUXK10,5,Easy Sour Cream and Chives Potatoes
B003DKY5R8,A39Q7F2Y2TOMJ1,5,Great tea
B003DKY5R8,A6ORWDZRBVNIT,5,perfect ice tea
B003AYL9NU,AMIPRQWY4IMC5,3,Contains CHICKEN
B003AYL9NU,A74SHV5ZD3RLT,5,Great Greenie alternative!
B003AYL9NU,A197O1VYM9B8A3,4,Nice stick without added weight
B002BRC562,A830NL2LWO3TV,5,"Not too sticky, great for long runs!"
B001LG945O,A2Q2A6JKY95RTP,4,Serve On the Rocks
B001LG945O,A1BA72K4VK1UN1,4,Bright and effervescent
B001LG945O,A2MVPY9XVYST9H,4,A nice blend
B001LG945O,A1F9Z42CFF9IAY,4,"Quite refreshing, great taste"
B001LG945O,A1RF9YK4BK5TRH,4,Pretty Good...
B001LG945O,AN0N05A9LIJEQ,4,very different...
B001LG945O,A9NXTC0HTPSDO,5,Nice Drink
B001LG945O,A1B70ZEWQ6UH1A,4,very popular at my house
B001LG945O,AW2BZYHG2MGSN,3,"Too much orange, not enough tangerine."
B001LG945O,A1XG5WYLFMRRX1,1,Artificial tasting
B001LG945O,A375NF45A1MDWI,4,Nice tasting drink
B001LG945O,A25KVM6GJBLISZ,4,Flavor with fizz
B001LG945O,AC6LV5D2RKTIR,2,Tastes like an energy drink
B001LG945O,A3FY3H6F4249E0,3,Orange-Tangerine Carbonated Fruit Drink
B001LG945O,A1CFU5XJXN3PV4,4,"Tangy and Pleasingly ""Real"""
B001LG945O,ABC68JUCPTVOE,5,carbonated juice beats sodas
B001LG945O,A3BTL4FV6ODKAT,4,Soda Juice II
B001LG945O,APVK8GGSSUDCE,2,"Didn't like the flavor, aftertaste, or quantity"
B001LG945O,A1H88L8X6HM1BQ,5,Really Good
B001LG945O,AJLW1DZSHOVGW,5,AN EXTREMELY PLEASANT CARBONATED DRINK!
B001LG945O,A2ZY23X9IKXMON,1,Small can
B001LG945O,A1FHWJ7EFO3E3U,3,Not for me
B001LG945O,A1B6O7SAIYG2N0,3,Fizzy Citrus
B001LG945O,A18NS2LFYCLOTH,4,Better than expected
B001LG945O,A1GWDRBUMQOCRK,4,If only it were diet too!
B001LG945O,A3QVAKVRAH657N,3,A tad syrupy
B001LG945O,AMEZJVXMSEPY0,4,Sweet fizzy juice product
B001LG945O,AM8W6Y3HVXLZT,4,Tasty but too petite for me.
B001LG945O,A3SMD3T0QTN109,5,This drink is perfect and that's just that
B001LG945O,A3T5NSG7LMRY0A,5,"Surprisingly good for a ""soda""..."
B001LG945O,A3CG6YLYZJXQG4,3,"Decent enough, but pricey"
B001LG945O,A1KBXGIJ9C7YJ2,3,Overly sweet orange soda
B001LG945O,A2BJ9I0BQ1LH5S,3,kind of like faygo or slice
B001LG945O,A3H9MD4MOY3PXS,4,Switch to The Switch
B001LG945O,A319Y83RT0MRVR,2,tinged with vitamin C
B001LG945O,AAJ1IYOUIHWF,1,"Metallic, Sweet, Bad Aftertaste"
B001LG945O,A38ON1MOZNBCGE,4,"Different, Maybe Better"
B001LG945O,A2TO2BN3P4C00L,4,"tasty, lightly carbonated, good alternative for soda-pop"
B001LG945O,A3DA0BTIGT3WG5,4,Very Tasty Soda Alternative
B001LG945O,A3K93OWHKHGI9V,4,Good tasting orange soda
B001LG945O,A1MRRMHGV3PN5W,4,Great flavor.
B001LG945O,A2K3DB7X56UXLZ,4,Really good flavor.  Surprisingly soda-like for being a juice product.
B001LG945O,A19XBW5WUDH1Z,5,My favorite flavor
B001LG945O,A1QO88MU0PYJON,5,Our family is a huge fan of IZZE and this was right in line with that. The flavor was not too sweet and refreshing. My favorite
B001LG945O,A2F1QPIJTDWK55,4,Sweet and delicious!
B001LG945O,A2PSC7LUNIDEAH,3,More Like Liquid Candy in a Can!
B001LG945O,A16AXQ11SZA8SQ,5,"Awesome taste, and healthy too!!!"
B001LG945O,A1F7SX3GNVBNE3,3,"Switch has true tangerine-orange flavors but it's too sweet despite having ""no added sugars""."
B001LG945O,AQ3IN3MRXQ5KH,2,Switch?  Ummm ... no.
B001LG945O,A36K2N527TXXJN,5,The true un-soda
B001LG945O,A1PB97BLMR9X2S,1,Thick Drink with a Strange Taste
B001LG945O,A1JFXOFDRZ9CFQ,5,TOTALLY DELICIOUS
B001LG945O,A3K893ZQAUFP3H,4,Sugar-free version needed. . .
B001LG945O,A87RT63V7SMD3,5,100% Delicious
B001LG945O,A16RI68PS6T5CA,3,"Tastes good, but pay attention to the labels!"
B001LG945O,A3A1OA237FOZFK,3,Not as advertised
B001LG945O,A37USOKUTI724H,1,sickening sweet
B001LG945O,A2CIQEY05SPHTZ,2,Kind of taste like a cheap champagne!!!
B001LG945O,A2WN1QF8GSVHYV,5,"AWESOME! Soda, enriched water alternative - Tastes GREAT!"
B001LG945O,AIGI4MMOFYO46,5,Sweet treat!
B001LG945O,A264UDLWWRJ7X4,4,"Pleasing Orange Soda, A Tad Pricy but worth it"
B001LG945O,AEM57NVIFQ8B9,5,"Flavorful, and good!"
B001LG945O,A22K36X80X815R,5,Glorious
B001LG945O,A3M8R4JD1SIS76,3,The New Juice
B001LG945O,ADSFKIX44X8JV,5,A flavor winner
B001LG945O,A27H0T39U3FZB5,3,Just OK for me
B001LG945O,A3FKPBNI7UWQFW,5,"Like ""orange"" soda, only way better!"
B001LG945O,A212MDP6K4VJS5,4,Refreshingly Lite Natural Drink
B001LG945O,A16WPA6JV83YXT,2,Not as tasty as it could be
B001LG945O,A35JP8KSV9281K,3,OK but not my fav
B001LG945O,A1EE6LQS3OPY6R,3,"A little funky, but not bad."
B001LG945O,A1VV72295OP6B4,2,"Pricey sugar, okay taste"
B001LG945O,A3FBMSWBJ202SF,4,Good taste but high in calorie
B001LG945O,A3HRDRQ5VAFPQS,3,"Good flavor, small serving, high in calories"
B001LG945O,A3I9MCGO36KZ7V,3,"Not A Bad Alternative To Soda, But Not A Great One Either"
B001LG945O,A1H7Y5XKPGT0OS,2,Carbonated orange juice in a can
B001LG945O,A1GQRGB8FGSLIZ,2,"Not a fan, has an odd taste - Carbonation in minimal"
B001LG945O,A353U0L2HAMSHV,3,The Switch vs. Soda
B001LG945O,A15XY6GGKD3B6D,5,Tasty & Not Too Sweet
B001LG945O,A2LXX47A0KMJVX,1,"Syrupy tasting, Unlikeable flavor. Yuk!"
B001LG945O,A30H2335OM7RD6,4,Enjoyable
B001LG945O,A37PZJH2F13IOR,4,Tasty for what it's not
B001LG945O,A3U1WPDQLP9CQ,3,Tasty Carbonated Orange Juice
B001LG945O,A1P2XYD265YE21,5,Tastes Good and Healthy and Bubbly
B001LG945O,A2R1HAXRNU0QX7,3,Tasted pretty much like Orange soda.
B001LG945O,A2G9UDL72YUTT8,4,Tasty but expensive
B001LG945O,A2T7GZ74MZI0MN,3,Not that great...
B001LG945O,A18FUHNBP90IB4,3,Was not a hit at our house...
B001LG945O,A26X7W5UM5QFT4,3,"Great taste, but ---"
B001LG945O,ALRCAGJOJ9583,4,Unique and pleasing taste
B001LG945O,A31BZEQMPKS5MY,2,Not my favorite
B001LG945O,A209D61DH0HZMA,4,Tangerine juice soda
B001LG945O,A3GK9LT41X73NC,5,"Anything Orangey, and tangeriney is worth a try!"
B001LG945O,A2J8DE8R94ZB02,5,I loved it!
B001LG945O,A3464G00K8ZYD1,5,Amazing Fruit Juice Spritzer
B001LG945O,AQ1F3NP2G15S5,3,"Fizzy and Tasty, but nothing special"
B001LG945O,A2BCDZO1XQLDH,4,A good option...
B001LG945O,A2OWR5G2OAQF7C,5,Fizzlicious  and tangy
B001LG945O,A1RIQUDE4B8NGX,5,Great Alternative to High Fructose Corn Syrup Laden Sodas
B001LG945O,A3PJZ8TU8FDQ1K,4,"Tasty refuel after exercise or liven up a lunch; 100% juice, 0% bad stuff"
B001LG945O,A1ONZ8JRPLBNUI,5,Mona Lisa
B001LG945O,AN81JUYW2SL24,3,"Low carbonation, 100% juice"
B001LG945O,A1YXEYOWESHVLJ,4,Think a slightly fizzier Orangina....
B001LG945O,A1ZGXZW37JEZWH,4,light and refreshing
B001LG945O,A1TW9ZGRDQQZ2Y,2,My least favorite of the four I tried
B001LG945O,A2WPO2NR9FIWR2,2,Not so good
B001LG945O,A34W7QA4J5UTOR,5,Great Taste
B001LG945O,A2SH6A32BE6NEV,2,"Decent tasting, but too small and overpriced"
B001LG945O,A32GCOTGFJ9XC3,3,"**Odd**Tasting, But Natural!"
B001LG945O,AKCZIJ6ZHE41D,2,Not So Bold Soda Alternative
B001LG945O,A2C27IQUH9N1Z,5,tangy orange-y bubbly stuff .... yum!
B001LG945O,A11ED8O95W2103,3,I wish it were either orange or tangerine.
B001LG945O,A1I25F9S8ZR6ET,3,I wanted to like it more
B001LG945O,A1157CR0T5UM9D,3,Tasty but Calorific
B001LG945O,AESPLVBQJCNC7,5,"Tastes almost like a ""regular"" orange/tangerine soda!"
B001LG945O,A2Y8IDC1FKGNJC,2,Would Not Switch
B001LG945O,A2F7CSE6KT7NI4,5,Delicious
B001LG945O,A3QDBUDXLHUJX2,4,yummy!
B001LG945O,A1ZZR25X0CNOJX,3,"They need to leave out the sugar, next"
B001LG945O,A3U5JCXIXTGSLN,1,Too Sweet
B001LG945O,A1VYFEJM12ZP11,2,"Very harsh, too-sweet flavor."
B001LG945O,A3I1BJIFFM4S21,5,"This is really good, especially if you like 100% juice"
B001LG945O,A1M9126YPQPS3L,5,I loved this drink...
B001LG945O,AFOV2K4F0MDTZ,5,The Best Yet
B001LG945O,AQ8DU6XVA3USJ,3,Sweet & Fruity
B001LG945O,A3F1G6UH4Y39X2,5,A Wish for Guilt Free Flavor
B001LG945O,A1517476XFOC7A,3,"Refreshing, but has Unnatural Aftertaste"
B001LG945O,A3JPFWKS83R49V,3,Make the Switch to a Healthier Beverage
B001LG945O,AVU1ILDDYW301,3,What's it all about???
B001LG945O,A27UE9HJRZ22YI,2,"I had high hopes, am a bit disappointed"
B001LG945O,A2MY9VXHZYAHUZ,1,Tastes like soap.
B001LG945O,A29YKT85YFAY87,4,A ton of tangerine taste - in a tiny can!
B001LG945O,A1AKU188I6NRF0,5,Super Satisfying Taste
B001LG945O,AI0PLL5DQAHRG,3,A decent carbonated fruit drink that offers a healthier alternative to normal soda
B001LG945O,AUJEF31CXWTCQ,1,Furniture Polish with an Aftertaste
B001LG945O,AFG4HIHMX312C,1,Yuck!
B001LG945O,A1B05INWIDZ74O,4,Taste as Advertised
B001LG945O,A3P8ZDHC7XSKSE,3,Switch Flashback to my childhood - bad memories man
B001LG945O,A8KJS2P6E5DCB,3,A nice alternative to soda
B001LG945O,A3CG93783LP0FO,3,"Not a soft drink, more like carbonated orange juice"
B001LG945O,A2EDWI5EGP4V9N,3,"Fresh, light taste"
B001LG945O,A2TI8XP8GY1RO1,5,Excellent excellent excellent
B001LG945O,A26EQ8U96JA92T,3,Torn
B001LG945O,AL4SB31UAZLXL,1,I recommend other flavors instead
B001LG945O,A2SH7OWE8QJYNC,4,Too sweet to drink uncut.
B001LG945O,A1HBI9BBQIG1NH,2,small size and mediocre taste
B001LG945O,A1SCANWWQTEG9I,1,Yuck!
B001LG945O,AE1IT64JYGU4O,4,Very Tasty Natural Drink
B001LG945O,A339F4I8GBN3H3,5,Excellent
B001LG945O,A1D6PWUMDY9F7V,5,Excellent!!
B001LG945O,A2UVYN2FO7X43V,3,Never received the product
B001LG945O,A1PW5SQLR0Z6IH,4,Not bad at all
B001LG945O,A2HQ8RTAJYEUJO,3,"okay, but..."
B001LG945O,A3GYY4CBRUZRSO,2,No.
B001LG945O,A4SD8F79JBYG2,3,"No sugar, but not low-calorie"
B001LG945O,A1VABWDOUQLULZ,4,A Nice Change
B001LG945O,A2ULQOGN59LDNK,3,Not bad
B001LG945O,AOODNGLAEDN76,2,Strange...
B001LG945O,A1FVP6G8W3O8ZA,3,Good for sipping - a LOT of sugar!
B001LG945O,A3JHC8O59WDHFZ,2,cloying
B001LG945O,A1SINHLUYMCCRK,2,A Muddy Orange Flavor
B001LG945O,ANKQGTXHREOI5,4,Tasty alternative to the usual sodas
B001LG945O,A1VUN4JU731CBH,3,Just a soda
B001LG945O,A3861IBNFDR8RU,2,only so-so....
B001LG945O,ADS5APY1NKTL4,5,a great soda.....
B001LG945O,AAA0TUKS5VBSA,5,Nice Fruity Flavor
B001LG945O,A391KXVQH22CM0,3,tangy
B001LG945O,A1JDDX70A0XUFO,4,Great Orange Bevvie
B001LG945O,A3DI391K4GAI7Q,4,Delightfully Delicious & Natural Tasting!
B001LG945O,A24O15MYDNLZBE,2,Too Sweet - Too Late
B001LG945O,A1AEPMPA12GUJ7,4,A tangerine drink that doesn't taste watery! Hooray for Switch!
B001LG945O,A3BH63GKL7MQ2K,3,"Really, just bubbles and vitamin C"
B001LG945O,A1ZGHA3IJV01BK,4,Tasty
B001LG945O,A189BPUDLRCQEQ,5,They got it right
B001LG945O,A2VYSDQ4Q7B2TC,5,Exactly what is claims to be!
B001LG945O,A2L6QS8SVHT9RG,4,"Quite tasty & enjoyable, sweet carbonated beverage!"
B001LG945O,A3D6KZT0QG6UKB,3,Good but nothing special
B001LG945O,A3F3B6HY9RJI04,5,How I miss the taste of sugar
B001LG945O,A16YU3GRGCD95S,4,Really Not Too Bad
B001LG945O,A36S5U0QOWMOSX,3,It's Okay
B001LG945O,A39G26LKBXB83D,3,"Not bad, not great"
B001LG945O,A14X244VGHWPSX,4,Not bad..
B001LG945O,APP5MBH2BSX6I,5,Delicious!  And no aftertaste!
B001LG945O,AMTK54YZAO411,2,"Not Bad, but Not Great"
B001LG945O,A2DG1NQM08X1EI,4,"Decent, but tastes a little ""odd"""
B001LG945O,A235NA61RC6YC1,3,Sweet and Carbonated Like Energy Drinks but Without the Sugar
B001LG945O,A1XJOSJN6FHFO0,5,Very Good!
B004K30HO2,A37CENQP0ZNKVE,3,There is a much cheaper way to re-use your K-Cups ......
B004K30HO2,AGFV9F4CI93S3,5,I use these for air tight pre-measured storage containers AFTER I have figured out the correct grind and amount
B000LKYVZE,A2NMQWBDWT3SQF,5,SOOO GOOD!
B0017JBE4E,A2VHO3LINCOL62,5,tasty treat
B004OQLIHK,A1UM2Y9A9TCJXU,5,The best
B004OQLIHK,A1XMESDTSSRZHJ,2,CHOCOLATE TASTES CHEAP
B002CIKVOS,A2A1XYSB692L6J,5,V E R Y......T A S T Y....!!!!
B000ES3LMC,A1ZPY91VE3IDN1,3,Inconsistent in my experience
B004AC0OF0,A2C9XE9I8RSKNX,5,"Light, sparkling fresh peach flavor !!"
B00094HIZC,A281NPSIMI1C2R,5,Smooth and Slightly Sparkly
B00094HIZC,A38KP1POQ191WT,3,Not my favorite Izze flavor
B00094HIZC,AKMEY1BSHSDG7,5,Delicious!
B00094HIZC,A2T7GZ74MZI0MN,5,A great healthy alternative to soda pop...
B000GC0FIE,AKND6XZ7CO5EF,5,Best on market!
B001HTE5HM,A2TKKLZTJV4NLV,5,My new favorite snack!!
B0056CSBTO,A68TFVHPW8QBI,1,Almost no detectable flavor
B0056CSBTO,AYSIJFELJK9H1,1,Quite disappointing
B00382UXU4,A3NNO32KVSYJTO,5,Snappy White Popcorn
B00382UXU4,A5X6PJANY4XW4,5,Beats Walley World!
B00382UXU4,AAUICTIUBVU7R,5,LARGE WHITE TASTY AND HULLESS IOWA POPCORN
B004I5KO9K,AK8LOFYRZJJW0,5,"Took some getting used to, but I love them now."
B005P0YJ34,A1RLA4JD522O0S,5,Love me some stevia!
B00351JX8G,AIFGUCOUOOFJ3,5,Yum
B003DIIZ9O,A48939C20S0J8,5,great treat for dogs
B003DIIZ9O,A3LVWMBRUQKSLW,5,Rewarding treats
B000FAM3Z0,AR32T3627EWQ0,5,Natures Logic Venisen
B000EDG4TE,A19XMHRB3G4DIR,5,Delicious! Try these before buying other brands
B000EDG4TE,A144LF2QWLG1ZL,5,Very good flavor;  extremely nutritious; worth the price
B000EDG4TE,A19BKX57EY6T95,5,Fast Delivery; Fresh & Convenient Packaging
B000EDG4TE,A3B3IB8CRSNCG0,2,disappointed
B000EDG4TE,A1N655X9X7C6QY,3,Good quality and well packaged.....
B001EPQQL2,AYGJ96W5KQMUJ,5,Really Good - Can't Tell the Difference
B001EPQQL2,A37CENQP0ZNKVE,5,Wouldn't be without it
B001EPQQL2,A1C217T6VWIE3,4,"Tastes great, works as promised"
B001EPQQL2,A1ZH9LWMX5UCFJ,5,very cool
B001EPQQL2,A13QM0HT6VXHL5,4,yummy good substitute for brown sugar
B001EPQQL2,A19NP8YYADOOSF,5,Part of my greek yogurt breakfast
B001EPQQL2,A3TBTAX85OYRKP,5,Nice for baking
B001EPQQL2,A29313797NGT9L,4,For what it is
B0002Q1X6C,A36EW68H08UOCS,5,JR Mushrooms and Specialties is the Rolls-Royce of Gourmet Food Providers
B0002Q1X6C,ANKQGTXHREOI5,5,Excellent!
B002GWMCIS,A3VAVNPZ515HPX,5,Good Stuff
B005HVDZRM,ASJKKI1EHIYWP,5,Excellent Taste
B005HVDZRM,A2B6SNR9TLI83K,4,good
B0079LUEOA,ANEDXRFDZDL18,5,Yum
B0079LUEOA,AKE6DXEN3GWPC,5,Delcious and Ready For Spring & Summer
B001D6KP14,ABK2RVDJPL8MF,5,very good
B000143ZK2,AV0JBO8BLNBTG,5,Grandpa Po's Scored a 97 out of 100. This Product is a HIT!
B00170WH12,A13BBPU9UBQXDR,4,Great stuff! Too expensive on Amazon
B00126EQ88,A3O646NL6SH3ZL,5,The real deal (ALMOST)
B00126EQ88,APP3E1ZOI97UR,3,Country Bacon
B000S11CD0,A260DR5GXQ5NMJ,5,It's Cornflour
B000S11CD0,A175N19FS2B4J,5,"It's not corn flour, it's masa harina--which is treated with lime.  Gluten-free, though."
B0001M0Z3O,A3F3B1JPACN215,5,It is what is advertised
B0001M0Z3O,A15AX7PWR2HZE7,5,This cayenne pepper is as advertised: hot!
B00061KXUA,A1C217T6VWIE3,5,"First jar of preserve that I ate all of, myself"
B00061KXUA,AY12DBB0U420B,5,"Oh, My! This Stuff Is Delicious!"
B005IK4DY6,A4IL0CLL27Q33,1,Pricing is out of line - 2X the price of buying them from Nespresso
B0018RXITE,A1YJ8LZ6RD6GNL,5,"best sun butter ever, by far!"
B0029J9U8S,AG08SJ3U2ZV6J,5,perfect size
B0029J9U8S,A2YIO225BTKVPU,5,GREAT- if the price is right
B002UQ7NP2,A30UXI3KH3WA51,3,Not very Bellini...
B000ELWDR8,A1LHOKYENR7HP2,5,Delicious!
B000ELWDR8,A2OEBXH97ET16R,1,wonderful soup BUT....
B000CQ6KSI,A2Y6TZTQT2HYH4,5,No more fluorescent orange macaroni & cheese!
B000CQ6KSI,A141TRXBX5YZ7A,4,great natural alternative
B000CQ6KSI,A3BXCB3LGIE495,5,Creamy and  Delicious
B004A72PKM,A1IU7S4HCK1XK0,2,"Sugar, lots. Maple, not so much"
B004ASGJ5S,A3UCN2RGY7O6S1,5,Love it--and allergen free
B004ASGJ5S,A1EEJLIAC40FBF,5,As good as homemade
B001E5DZTS,A18YMFFJW974QS,5,So Far - Great for Colic!
B001E5DZTS,A2158Y2U61AU9G,5,Great product!
B001E5DZTS,A381EV6XXMCIOQ,4,"Good, but clumpy"
B001E5DZTS,A2WZKMNZG42JQM,5,meyenberg powdered goat milk
B001E5DZTS,A33AQPJYH7UUXR,3,a little sour but great for baking with
B00579RB42,A2WAB1XWFQFSIB,5,chrysanthemum tea taste great with lemons and Apriva
B007J6KEPY,A1F7YU6O5RU432,5,Like little glistening rubies...
B007J6KEPY,A3OXHLG6DIBRW8,5,Outstanding Flavor - Highly Recommended
B000G7VYWU,A2RKZ839WIWVHL,5,One Word. Delicious.
B000G7VYWU,A3TD1O4EC26NT2,5,Pretzel - snack attack form
B000G7VYWU,A1FDVT0DLJWV78,5,"100 calorie pretzels, yummy"
B000G7VYWU,APP8XWYYV4PAA,5,Too healthy for most people in my office
B000E1BM16,A1X1CEGHTHMBL1,5,A longtime favorite coffee in our home!
B000E1BM16,A2YB7DLC3FOR7W,5,Fantastic deal!
B000E1BM16,A3W4D8XOGLWUN5,4,Good To The Very Last Drop
B004DOTIQ6,AW4NC5WV9F42U,5,Yay!
B00474H936,A2PE6DI2IILKEM,4,Great Substitute!
B00474H936,A30IWWU6QPZ4DM,5,Best Veggie burger mix I have tried!
B00474H936,A3FI4OAOQYQWHH,5,Delicious Meat Substitute
B00474H936,A111NLV0QLBGFW,5,Make this your #1 product for Meatless Mondays !
B000HB9TLI,A2A9X58G2GTBLP,5,NICE FRUITY FLAVOR!
B001A47SLE,A1ZH9LWMX5UCFJ,5,super tasty
B001A47SLE,A17KUCXAV34USP,4,Great as iced tea.
B000ELWDRI,ABGH6P1RC1UDS,5,Very Yummy Chicken and Rice!
B000ELWDRI,A2S39VLOVSTOJS,3,OK for storm food
B000ELWDRI,A2843500EKO5YB,4,Love Wolfgang Puck soups
B000ELWDRI,A1HRYC60VTMYC0,4,More chicken please!
B000G17Y9I,AD34TCPEP7P84,5,Perfect chip for salsa and guacamole!!
B000G17Y9I,A241JOG7LGD0VI,5,"LOVE, Love, Love!"
B000G17Y9I,A1GQAKL9CGQLP1,5,Great Shape for Dipping!
B00126EQ8I,A3O646NL6SH3ZL,5,The real deal (ALMOST)
B00126EQ8I,APP3E1ZOI97UR,3,Country Bacon
B00285FFCS,A2FOXRMJA0T9M7,5,Chocolate Mint
B00285FFCS,ARXORJX86X1J2,5,Chocolate heaven
B00166D8TW,A2Y8JZY1CD2TL4,5,Best non-whey non-soy alternative
B00166D8TW,A1RP1THAL7CUMV,5,Egg Protein Review
B00166D8TW,A2YZJDCTZ6B3SK,5,Great product
B00166D8TW,A1421EDED1JI4I,5,best to digest
B00166D8TW,A1P478YKNZYVXE,5,Superb when you can't take whey or even when you can
B00166D8TW,A3LG62BH88N8GP,4,a tip for improving consistency
B00166D8TW,A1ZWZFD0YEM2WK,5,This is a great alternative to whey
B00166D8TW,A12V99A19RKUAL,4,tasty...but too sweet
B00166D8TW,A2XHKPWCJHMWUN,5,Great value for egg protein
B00166D8TW,A29WOWF7GNCTBR,5,"Low calorie, high protein, great taste"
B00166D8TW,AS3IE5GWHMRSF,3,It's good once you doctor it up a little bit!
B00166D8TW,A2VZZ469ELSFUS,1,What's in this stuff?
B00166D8TW,A16FEH35RTWBPH,5,The Best Protein Out There
B00166D8TW,A1HL5X3G03LK4S,4,"Very good nutritionally, but expensive and clumpy"
B00166D8TW,A2WCAEZ4HT8RTT,1,A Protein Powder to make you Gag.
B00166D8TW,ANVEMCY00LN7W,4,Great Product
B00166D8TW,ARED8V3SHJVGF,5,Best Natural Protein
B00166D8TW,A1YBJU6PHKC6UY,5,"TASTE ACTUALLY GOOD LOL, IM SHCOKED"
B00166D8TW,A3MILDAIBVX6WM,5,Eggcellent Product!
B00166D8TW,AFQ7VHQMXSAMU,5,Its good!
B00166D8TW,A24A0NYZIUPYL2,3,SEEMS TO CONTAIN SOY?
B00166D8TW,A1MGC76MG17JXW,5,excellent product
B00166D8TW,A2T5PAXICCPR9T,3,Egg Protein
B00166D8TW,A1YADD405G4DP6,2,Horrible taste!!
B00166D8TW,A3SP3F4YQYDPZ2,2,Not the best
B00166D8TW,ASWRCSEVQ3GMZ,1,not good
B000143ZKM,AV0JBO8BLNBTG,5,Slightly Spicy are Slightly Addicting
B000RHXIGO,AEM57NVIFQ8B9,5,Beautiful Habanero Powder!
B000RHXIGO,A2UQIQUOAB47OT,5,Andrew Weil recommends a little hot spice to help stimulate blood flow
B002GFMHOE,A3GJQ3W0T0KWEO,4,Pleasantly surprised!
B004WM0ZTS,A2KIVODZRTGY4U,5,"A smooth, well-balanced cup of coffee"
B004WM0ZTS,A20EEWWSFMZ1PN,5,Take a sharp object to defend your self
B004WM0ZTS,A12IRGQLFE4EBA,5,Best Instant Coffee on the Market
B004WM0ZTS,A3PJZ8TU8FDQ1K,4,"In a pinch, Via is a portable and affordable cup of Joe"
B001M09ATY,A3M3CXC2I4JW9T,5,"More,More,More"
B001M09ATY,A35R32TA60XD57,1,Sorry excuse for oatmeal
B004SISLQ0,A28RLTVE9YJBPW,5,"""This Tea should get the Nobel Peace Prize"""
B004SISLQ0,A305V2I73XDWVI,5,"such a special gem, this one!"
B004SISLQ0,A3I4MWNLA68W2I,4,"After at least a year drinking this tea, some thoughts."
B004SISLQ0,A356ALXAC5COJ2,4,"Good tea, very gingery"
B004SISLQ0,ARFW5OX658FE4,5,Tea
B004SISLQ0,AOF7WSV460Q1M,4,it is a good product
B004SISLQ0,A19MMYMZO363KM,4,Good tea wish it came in loose tea too.
B004SISLQ0,A3S6CGQ66CBDMR,4,good tea
B004SISLQ0,A9X4THEY3SCR9,5,Nice Product
B004SISLQ0,ATSR8U805B2D1,4,Great herbal tea
B004SISLQ0,A1OOXWXA2L2R4U,1,Wrong Product wrong Name
B004SISLQ0,AXLEXZ750G5SE,3,Bought at my local supermarket
B004SISLQ0,A2RFDK0V0RR7HF,1,The worst 'tea' I have ever tried.
B0012KH06Y,A1Z54EM24Y40LL,3,Great nutrition...
B004KAHKEU,A2K89R0B20LYHB,5,"Like this texture, and tastes good"
B001E6K67Q,A22Z9R91N8L7IQ,4,OK; But Not As Good As Other
B001E6K67Q,A27CKOACMX8O5F,1,Bad product
B003GYZBK6,A14BTJRH9VNLJJ,5,Go for it!
B002PNGY28,A1KEK09ZA6J9P8,5,"vet recommended and we agree, natural is the best...."
B002PNGY28,AFWMKXCYDP9UT,3,Sometimes my cat eats them...sometimes he doesnt
B002PNGY28,A2BBY5HVWEJEEX,3,my kitties didn't care for them
B0012KB4M0,A37GFKV81AL1VF,5,My dog loves these bones.
B0012KB4M0,A2DDKFU4NDJ15K,4,Ok product but bleeds color
B000QSORLO,A3RNJ9TMHLMZ0J,5,Keeps the pups healthy
B0009WNQ8C,AY54QSGO3KWEM,5,Excellent in every way!
B004W7T9VI,A26A64X86VL1R4,4,Zesty spearmint and lemon are modulated by green tea into a substantial potion!
B004W7T9VI,A3JLECMNWC4LDY,5,Good orange flavor
B002GWMA08,AGKR2TF00A5OD,4,Torn between four & five stars
B001IZA8S0,A1KKE6VX8VPWZK,5,Great tasting tea.
B001IZA8S0,A3HX13IFJH0TMW,5,Relaxing and Delicious
B001IZA8S0,AY0FVZNQD6Q3M,3,"Good value, but not a great taste."
B001HTR4WA,A39EU3BMNEICN3,3,"Ok, but expensive"
B000E1588O,A3VLED8OXFVQ07,5,Gotta love this tea
B000LKZ84W,A18SNZN6Z16NCV,5,Great product at a great price!
B000LKZ84W,AP6ML3N4E8D55,5,CAN'T LIVE WITHOUT TOFU...
B000LKZ84W,A19F2M7X0XXOCC,5,Mori-Nu Silken Tofu
B000BXUVYG,AFM65NU0UXIGP,5,Worked perfectly for weeks so far
B000BXUVYG,A1Z54EM24Y40LL,4,"Nice treat, make sure they CHEW them!"
B000E15DFM,A2PNOU7NXB1JE4,5,Back to Nature Harvest Whole Wheats
B000E15DFM,A3RYMO6S22FMM5,4,"Good but too salty for a ""healthy"" cracker"
B000E15DFM,A35N0EICBY7X8J,5,"Bit salty, but otherwise excellent."
B000E15DFM,A393F381MA82AY,4,Very crunchy and tasty but not organic
B000VK6NDC,AAM6MU3LPCCHU,5,"Good quality Pet food, PETA APPROVED!"
B000VK6NDC,A2IAHIO9LCK1VO,5,Nice to find product thats safe
B000VK6NDC,AJ8QOI7C5I1SX,5,Great quality food and my cats LOVE it.
B000VK6NDC,AAM6MU3LPCCHU,5,Not Tested on Animals
B003VXFK44,A5U24IWH64IFF,5,Absolutely delicious coffee!
B003VXFK44,A1RVCWFP3SC3GU,5,YUMMY
B003VXFK44,A12SO47JRQGUPR,4,Good Stuff
B003VXFK44,A86RUZGD22FDR,5,Delivers what was promises
B003VXFK44,A3LQS08K2OBI5Z,3,"My mom said this was not as flavorful as other ""Extra Bolds"""
B003VXFK44,A4L2ALOJ53R96,2,"Weak, even on small cup setting"
B003VXFK44,AQ6SHOW0VMZGF,2,Really Disappointed
B003VXFK44,A1YKQFG1VU6AZK,5,Drink The Spirit of Aloha!
B003VXFK44,A1KE7XXXLYIXL,1,"Great taste, lousy cup"
B003VXFK44,A3TQW5KBBPZHNC,2,"If you want a flavored coffee, okay... but otherwise YUK"
B003VXFK44,A2TPOYNEEWCB47,5,A favorite at the office
B003VXFK44,A2L02N07L0RG3P,5,Island Escape!
B003VXFK44,AN4C6KUWQOCQY,4,Just Right and you will love it!
B003VXFK44,A2UCZAWAN5QMJQ,4,"Good coffee, but lets clear up the flavors?"
B003VXFK44,AZWC23X2AZAQC,3,Not the best
B003VXFK44,A3S9V8OLQENVK8,5,Very Smooth Not Acidic
B003VXFK44,A1H703P9ALYVM6,3,Too Mild for Me
B003VXFK44,A35R32TA60XD57,5,A must have on my carousel!
B003VXFK44,A30XEOBZCPH9KS,3,Wolfgang Puck Columbian
B003VXFK44,A324GNX6R2MF9V,5,Delectable!
B003VXFK44,A2G1X3QMP6F3EK,3,A strong yet bitter brew
B003VXFK44,AP03SDCDB6RBD,5,Definitely a good breakfast indeed!
B003VXFK44,AQ6SHOW0VMZGF,3,Decent
B003VXFK44,A2D45ZF2E3819G,4,Milder than expected
B003VXFK44,A1GW3F20WIZ01W,5,Breakfast in Bed Coffee K-Cups
B003VXFK44,ABQN42N7ICNZQ,4,Enjoyable cup of coffee
B003VXFK44,A1N0JVDW4YVYD2,5,Smooth and light breakfast coffee
B003VXFK44,A1DEJHEZGQ214W,5,Wonderful coffee!
B003VXFK44,A3504B9G5BJJM8,5,IT IS NOT DECAF PEOPLE!!!
B003VXFK44,A1B5T3IUHLZ2UU,1,FLAVORED COFFEE??
B003VXFK44,A16ZCEER1OK7XZ,1,misleading
B003VXFK44,A1IC75BCAGQ4IK,1,Non-Flavored coffee drinkers beware!
B003VXFK44,A286C5PALVXN5R,1,Heavily Flavored - Not For Us
B003VXFK44,A1BP3Y74NK3XTA,1,"Not Jamaican at all, just another sweet, flavored coffee!"
B003VXFK44,A1PGA8C2EAUSBT,2,Great name but I didn't care for it
B003VXFK44,A2GT5MEDUP5YCF,3,"Good, but not my favorite"
B003VXFK44,A2FFQ7KXZ4IF53,2,These K Cups Have ISSUES - Coffee Not Bad
B003VXFK44,A3GFZIL1E0Z5V8,5,Rodeo Drive is Crazy Good Coffee!
B003VXFK44,A21VWSCGW7UUAR,4,"Good, but not Wolfgang Puck good"
B003VXFK44,AZ5ZLGXWULUG8,4,Good Coffee from Amazon.com
B003VXFK44,A34Q3GVQ1CHUFT,2,Tasteless and watery
B003VXFK44,AKLY1OQXAPD7X,5,Wonderful K-cups
B003VXFK44,A3O1Y1F3IJ1P5D,5,My favorite of the WP K cups.
B003VXFK44,A2A1327CU1ZYLH,1,Bad Cups
B003VXFK44,AEI6MBDTGGIQU,3,Somewhat disappointing
B003VXFK44,ATOEUHIO4IU5D,5,Wolfgang Puck K-cup decaf
B003VXFK44,ALTEZ1X2X6M1N,2,Bitter taste
B003VXFK44,AB29IDVYAYDL,5,Wonderful coffee
B003VXFK44,A2LVB3GWIUA4EN,5,Our favorite k-cup yet
B003VXFK44,AYQ8DEE36K6YO,5,My favorite!
B003VXFK44,A2V373EQ0LXUUW,5,Great Flavor & Coffee
B003VXFK44,A1IRQWXJ4CWBW,1,Beware!  Flavored Coffee...
B003VXFK44,A2AH0F4QCJYD1A,1,so disappointing
B003VXFK44,A1X1SE0D8U0XDL,5,Yummy Coffee
B003VXFK44,AQOFXCSTJ7HVG,5,The BEST coffee EVER!!!
B003VXFK44,A35ORS2L6NCVN4,2,poorly sealed
B003VXFK44,A1OG07N4UW1W,3,Decent flavor
B003VXFK44,AGKSJ70C1ZBQD,2,Tastes like i didn't change the kcup from the last cup
B003VXFK44,A2C41ED481T1UD,2,K cups disfigured and unusable
B003VXFK44,A1QTAGJ7GA1MH8,5,Wolfgand Puck's Breakfast in Bed Coffee
B003VXFK44,ABWBD9KOYE3CB,5,Second favorite
B003VXFK44,AW0WY0VEA5V4U,5,"""Breakfast in Bed"" - Great, smooth, medium roast coffee. Confirmed: this is not decaf."
B003VXFK44,AZ70IOEOST19G,5,Hawaiian Hazelnut Always Out of Stock
B003VXFK44,AQDT7OY51SR4J,3,"Good taste, but seals are loose so they're busting open while brewing"
B003VXFK44,A3H1EQD2PBC085,5,yummy
B003VXFK44,A1USRA8MRKQ4WZ,3,This coffee is DECAF! Just so yah know does not say on page.
B003VXFK44,A233FGJF65UXM7,4,good vanilla coffee
B003VXFK44,A3NN3VV31VGXRC,5,Wolfgang Puck Hawaiian Hazelnut K-Cup Coffee
B003VXFK44,A30YTO7OKNNOKX,5,The Sorrento is soothingly smooth good blend!  No after taste!
B003VXFK44,A9NTRP272B3HT,4,Close to expiration date.
B003VXFK44,A3C29AIJ00KKH3,4,Best so far
B003VXFK44,A2XXV7J8BICR0Y,5,Makes a great cup of coffee
B003VXFK44,A1V6BPQW9D6LTU,5,Breakfast in bed!
B003VXFK44,A28IUU97YHYZSL,5,excellent taste
B003VXFK44,A2HRXM964URLTL,5,Best Coffee EvER!!!!
B003VXFK44,A97AF3CRCOYG3,4,Good coffee for strong coffee lovers!
B003VXFK44,A5C0ZLGY1M2HU,4,"Good, if you like flavored coffee"
B003VXFK44,A1E0LHSBE2FQME,5,Woflgang Puck Favorite !!
B003VXFK44,A1I27UBHKLS1X9,4,"Great, considering I usually prefer a light/medium roast"
B003VXFK44,A2PSTA7LEQM6BV,5,MMMMM
B003VXFK44,A1K8HDY3MA302W,5,Wonderful coffee!!
B003VXFK44,A3B1YVT7CWF07Y,5,Best High-quality K cup
B003VXFK44,A3LXOMANBRFQJG,4,Smells amazing!
B003VXFK44,A2KORU7DW4A6TA,5,Wolfgang puck coffee vanilla francaise
B003VXFK44,A30YO350G5STNG,5,Breakfast in Bed is a treat
B003VXFK44,A3OCQKPHVDJBF5,5,Love it!
B003VXFK44,A12UV0I45RJ6XH,5,Amazing!
B003VXFK44,AIVJ4ZDNGL1O1,5,Wolfgang Puck Breakfast in Bed coffee
B003VXFK44,A1NMKHIFGUZSMM,5,Bold Great Taste!
B003VXFK44,A53FNA3QWZQXM,5,Great blend to get the day started =)
B003VXFK44,A3KEK9BZR3STME,2,A Loyal Wolfgang Puck Customer
B003VXFK44,AEZAWUB14ICW8,1,Hated it!
B003VXFK44,A9HY20STY69X4,3,Good but not perfect
B003VXFK44,A3FXMBMYVO6LPW,5,wolfgang puck k cup breakfast in bed
B003VXFK44,A3FLB2I0FYHWWA,5,Smooth coffee taste
B003VXFK44,A1PJX7Y2V3SICE,5,Delicious Colombian coffee!
B003VXFK44,A2JQFUFU3ADIV8,4,This is very good!
B003VXFK44,A12UZWJ6N3JBGO,5,A great cup of coffee
B003VXFK44,A64D484BZKW7C,4,thanks!!!
B003VXFK44,A2UQQU7EZCUEA,5,Best coffee
B003VXFK44,A370EX6FWFL8NE,5,YUM!
B003VXFK44,A2SZLNSI5KOQJT,4,"Bold, but Not Teeth Jarring Bold. Nice Flavor and a Nice Cup of Coffee."
B003VXFK44,A2SZLNSI5KOQJT,5,Solid Medium Roast Coffee with Just a Hint of Bold. Good Flavor. Not Acidic.
B003VXFK44,A17HMM1M7T9PJ1,4,Another great dark K-cup coffee
B003VXFK44,A2SZLNSI5KOQJT,3,"Not Outstanding. Light to Medium Roast. Smooth, Not Acidic."
B003VXFK44,A3A50F3ZWJ6V68,2,This coffee is now DECAFF!
B003VXFK44,A1PCB6OXKWKLBL,4,Great Cuppa...except
B003VXFK44,AQQ79QLD9K4OF,5,our favorite
B003VXFK44,A3R7R8ARVN2P3D,5,"Outstanding, Bold, Lively Sumatran. best of the K-cups"
B003VXFK44,A8M42EXA7NB5L,4,"A very nice, smooth, Americano style coffee"
B003VXFK44,A119HR3WKJPKD,5,My favorite k cup
B003VXFK44,A2N3Q3TZW0AIVN,5,BEST COFFEE EVER
B003VXFK44,A1XLT6SJ6VRGBB,5,Coffee Makes Me a Crazy
B003VXFK44,AI4EITBWO8R9J,5,Awesome Coffee
B003VXFK44,A34JVMWYGY74QE,5,My Favorite K-Cup so far!
B003VXFK44,A35UWJL3AGIHBM,1,Not good at all!!!!!!!!!!!!!
B003VXFK44,AGWU5LPTJHRYX,4,Good Coffee - Great Price
B003VXFK44,A29NA3RIZT5CH8,5,YUMMO!  I am a coffee purist
B003VXFK44,AVZO61Y9E8EQM,5,Great Coffee
B003VXFK44,A1KSCAV1FE0OLT,5,Great Coffee!
B003VXFK44,A1S4QFFW5DSC6C,5,Outstanding!
B003VXFK44,A33NXNZ79H5K51,4,coconut in the morning?
B003VXFK44,AAPFN1BADMWMC,3,Sorry Wolfgang!
B003VXFK44,AOLM0G25WI2T2,3,Just okay
B003VXFK44,A1GZVRXW89KZST,5,Perfect every day coffee.
B003VXFK44,A24ROQVJCANCDM,3,"Too much caramel cream, not enough coffee"
B003VXFK44,AW6Q58EC6QC5G,5,"Great Coffee, Great Price"
B003VXFK44,A1EVNOCJ8RKX36,5,great taste
B003VXFK44,A3GN7BRTTCMOMM,5,Ahhhh...
B003VXFK44,A7JCNKDASI7R0,4,Pretty good coffee
B003VXFK44,A1JVFV1VAA08X,5,Tastes great
B003VXFK44,A38U1PX8CI8GF3,5,Crazy indeed
B003VXFK44,AIATM4VOUGQOT,5,Great Taste and Reasonably Priced
B003VXFK44,A1V0NTJ5GUBE2G,5,Yum Yum
B003VXFK44,A1UC50DYFPSXYD,5,Can Wolfgang make a bad k-cup?
B003VXFK44,A3KHF4HNHSQYZ0,5,WOLGANG PUCK FRENCH ROAST
B003VXFK44,A3502W435NLGAZ,5,Nice French roast
B003VXFK44,AHRASE2UFPFKK,4,Wolfgang's Hazlenut
B003VXFK44,A26NFIQ7KWI8Y7,3,I wouldn't call it bold
B003VXFK44,A2GY8OFEBD9YT9,5,Wonderful tasting coffee
B003VXFK44,A1UC50DYFPSXYD,5,LOVE this!
B003VXFK44,A286A0ZQ053275,5,One of my top favorites.
B003VXFK44,A3TX6CWSZL02PW,5,Good tasting Coffee
B003VXFK44,A3TX6CWSZL02PW,5,Great Coffee !
B003VXFK44,A3TX6CWSZL02PW,5,Nice flavorful and full-bodied.
B003VXFK44,AK7QWUSSUT6KS,4,Good Columbian
B003VXFK44,A1DDFQMQ6SW6BM,5,Breakfast in Bed review
B003VXFK44,AF0RBVW29WQNT,5,Wolfgang knows how to brew it!
B003VXFK44,A2TH3R48TMDRNC,5,The best Hazelnut out there!
B003VXFK44,A3DSBTY8MFCC1U,5,Great blend of flavor.
B003VXFK44,A85X52Z0RZHA8,4,"Only a 'HINT"" of vanilla"
B003VXFK44,A3ZCQOKZT8XO1,5,Great flavor
B003VXFK44,A2NPYVLJ7XPKS3,5,great coffee
B003VXFK44,A1XPT6TAPFPPEM,4,The Best
B003VXFK44,A3J0QAR99EITWT,5,Yum!!
B003VXFK44,AIKS2Z0SGDQL9,5,I would order again!
B003VXFK44,AHRASE2UFPFKK,5,Makes you feel like you are having breakfast in bed.
B003VXFK44,AWU8B9JFO1BIE,5,My favorite hazelnut k-cup!
B003VXFK44,A2TJG4N8LNJW23,4,An EXCELLENT hazelnut choice for your Keurig brewer...
B003VXFK44,A344NCOMEAF75I,2,Where's the caramel creme?
B003VXFK44,AR92LPQMUOABQ,5,Best darn coffee :)
B003VXFK44,A3MEI1AS9OXDMC,3,Good morning coffee
B003VXFK44,A3KM1QY47M8CUX,4,Tasty but defective cups.
B003VXFK44,A2SZLNSI5KOQJT,3,Sweet Coconut Flavor with A Mild Aftertaste.  Mild to Medium Blend.
B003VXFK44,A3M2ESK4WEGOCS,5,It's Wolf!
B003VXFK44,A21CZIJ7LXR1A1,4,"Good, not Great"
B003VXFK44,A3EATEAQ12T5CU,5,Best Vanilla  K-Cup Coffee Ever!
B003VXFK44,AMAAPF2CJN5TK,5,Delicious!!
B003VXFK44,A2T6J1XFG5O554,5,Wolfgang Puck Breakfast in Bed
B003VXFK44,AVECXTQE87CGQ,5,This is the best
B003VXFK44,A21QTXFX6USZSY,5,My personal favorite K-Kup.
B003VXFK44,A1DPAA6Y169RAW,5,Delicious!!
B003VXFK44,ANOD28P22F3YO,4,good coffee
B003VXFK44,A1FOEVZC4O177K,4,So close to Island Coconut K Cups
B003VXFK44,AC7L448IWKJZV,5,Favorite!
B003VXFK44,A1YRMZSCQJC6BL,5,"Wolfgan Puck Coffee,Breakfast in Bed K-cups"
B003VXFK44,AYOMAHLWRQHUG,5,One of the Best Mild K-cups Made
B003VXFK44,A1T0C6ONSQLGR9,5,This coffee is very good.
B003VXFK44,A315FCBNG3XRND,2,Disappointed
B003VXFK44,A2ZM4BI08T884J,5,Love it!
B003VXFK44,A34PJZ5NWI628G,5,Superb coffee
B003VXFK44,A1PSRW4LC7Z1BU,3,A bit disappointed
B003VXFK44,A1AQYSKK4Z8A9U,4,Surprisingly delicious
B003VXFK44,A2OZPL96MVDILY,5,Best Coffee ever
B003VXFK44,A2EH92EIGZ5RCC,5,Excellent Good Tasting Coffee
B003VXFK44,A21FD7O2HHT2ZS,5,Awesome Flavor
B003VXFK44,A2DYTGGZK3JVAJ,5,great coffee!!
B003VXFK44,A2WOS4V9Q66Y9A,3,Good but not a premium coffee
B003VXFK44,A1VXKZFFKE24DC,3,Good coffee bad packaging
B003VXFK44,ATRCNV6LIH9R6,5,LOVE IT!
B003VXFK44,A35OY2ASP1MP5M,4,Good flavor & strength
B003VXFK44,AFBCIQXH9FLDM,5,I really like this one!
B003VXFK44,A3LD9J2MJQ2JZK,5,Love this creamy coffee
B003VXFK44,A27D1T38Z4XUVJ,5,Tasty
B003VXFK44,A2D1LPEUCTNT8X,3,"Not my favorite, but it came in second"
B003VXFK44,A2XV44TFMMFNI7,5,Delicious
B003VXFK44,A3QXXNPKKNKKVE,5,Good coffee
B003VXFK44,A3H6IRPMRG40IA,2,...
B003VXFK44,A1ZHT9MVWAH1VA,3,Wolfgang Puck Dark Roast
B003VXFK44,A1Q8SW109EBWFN,2,Very weak
B003VXFK44,A35OY2ASP1MP5M,5,My favorite hazelnut coffee
B003VXFK44,A21M1FOE91J3U,4,"Smells good, tastes good!"
B003VXFK44,A2SQ8N1KG3L7HU,5,Jamica Me Crazy.....So Good!
B003VXFK44,A2ODF71DQGA3QS,5,My favorite K-Cup yet!
B003VXFK44,A1SPFZ5BOIMIXR,5,First but not last time to buy this one!!
B003VXFK44,AB6G1LUA9TG2L,5,Yum-o
B003VXFK44,A20MY469I6A87C,4,On sale
B003VXFK44,A1FFP0ORCC7YH9,4,Best Coffee
B003VXFK44,A99S0ESOW9T1M,4,Jamaica Me Crazy is our favorite K-Cup so far
B003VXFK44,A164CWVVCKKBOW,5,"IMO, perfect."
B003VXFK44,A1HGXLP6WATS4B,5,"Excellent smooth, light coffee.  Good anytime."
B003VXFK44,A3PJ0TNZOJ2MCI,3,Good taste but secretly  DECAF
B003VXFK44,A1KQ31B1998R79,3,1 down 47 to go
B003VXFK44,A1AND5XBFJ7L76,5,Wolfgand Puck Rodeo Drive K-cup
B003VXFK44,A2L7M1TT7T843O,5,Delicious
B003VXFK44,A3VS66YC7IXCC2,4,Not as good
B003VXFK44,A3DZ3P2OCK2Y6E,4,I would buy it again
B003VXFK44,A1Z94P94HPWOU0,5,Smooth & Delish
B003VXFK44,A3RFU2E6SX9PHG,5,"Mmm, mm, great coffee aroma!"
B003VXFK44,ATUNQTRTF2285,5,"Yum!  Rich, strong, and not bitter."
B003VXFK44,A2WX8REGY23RQU,5,Yummy hazelnut
B003VXFK44,A29DK932WF1HWV,2,Coffee
B003VXFK44,A4TQYZPJ1V8M6,5,great
B003VXFK44,A1XOWOPD0JNLST,5,Wolfgang Puck Hawaiian Hazelnut
B003VXFK44,A2HTJL1QGU8H61,5,Best flavor available!
B003VXFK44,A379IHYN4WSQ9Y,5,Favorite Of The Keurig Coffee K-cups
B003VXFK44,A306ZVR6MU456T,3,coffee lover
B003VXFK44,A2M3I5JEBZJR40,4,Works for me.
B003VXFK44,A2TH3R48TMDRNC,5,You don't have to look any further
B003VXFK44,AJ0TLOTIBWYTW,5,"Should be titled ""best flavored coffee ever!"""
B003VXFK44,A1NASHF2NH7WV9,4,my very fav k cup coffee!
B003VXFK44,A9ELUY7JBX3K3,5,Perfect blend
B003VXFK44,A121VLJBL8T0H1,5,Excellent Brew
B003VXFK44,A121VLJBL8T0H1,3,Pretty Good
B003VXFK44,A3SP5IXXXYWG16,5,Jamaica Me Crazy Coffee
B003VXFK44,A137QZWAFT6MG2,1,"I don't enjoy this ""coffee"""
B003VXFK44,A2JDXQHOPZXIYX,1,If there were no other coffee in the house
B003VXFK44,AJCL124WAUGB9,1,caramel
B003VXFK44,A10H24TDLK2VDP,3,Unremarkable
B003VXFK44,A7JCNKDASI7R0,5,Excellent coffee
B003VXFK44,A3QDKPAWB7GDL2,5,Jamaica Me Crazy K-Cups
B003VXFK44,A32INVETIKMDB4,5,Wolfgang Puck Keurig Cup Coffee
B003VXFK44,AHOLU32W82TZQ,5,Just Right Anytime of Day!
B003VXFK44,A10SVA00I7XVZF,5,"Great, smooth-tasting coffee!"
B003VXFK44,A7CTIXDLF8I5W,2,Either I got a bad batch or....
B003VXFK44,A3GD4JHMSUMQRF,5,Great flavor
B003VXFK44,AS7RBXW90EGRQ,5,Wolfgang Puck Sumatra
B003VXFK44,A3OXRFCJI67IMN,4,"Not Bad! Smooth, Not Bitter, Plenty Strong But Not Too Strong."
B003VXFK44,A12BJ9GOL0T54E,3,"Great coffee, problematic k-cups!"
B003VXFK44,A12BJ9GOL0T54E,3,Didn't say anywhere it was coconut favored!
B003VXFK44,A8T336KRVSKG9,5,bought this for a friend
B003VXFK44,A3VQALR1NOYTL5,4,yum
B003VXFK44,A33W4H88UWCIJG,4,Wish I were in Hawaii
B003VXFK44,A1TG50OP3GC5W6,1,Poor quality Kcups
B003VXFK44,A2WBPNC46MMHYV,5,Great coffee
B003VXFK44,A2VBTN6ZR67YOF,3,A little too much bitterness & acid
B003VXFK44,A38S7IRMROBB9C,5,A Good Daily Roast
B003VXFK44,A1GX3GDJJI18WP,5,One of the best for Puck k-cups.
B003VXFK44,A2TIGI9VK33WPQ,5,One of my favorites!
B003VXFK44,A3FC2JIO6T7US1,4,Very satisfied with my purchase as always with Amazon
B003VXFK44,A32B6XWNR55SRL,4,A bolder Columbian
B003VXFK44,A18Y2ULJ1RPJNW,4,I liked it
B003VXFK44,A2XKR4VRZCKX55,3,Just OK coffee.
B003VXFK44,A2OLLSGJNOCP9A,5,Great Coffee
B003VXFK44,A26RIJE57A1XZE,3,Jamaca me flavorful
B003VXFK44,AD161NMNO166D,1,Wolfgang Puck Sumatra
B003VXFK44,AQQLWCMRNDFGI,4,Above average K-cup coffee
B003VXFK44,A3DRMWICV8EU16,5,Jamica Me Crazy
B003VXFK44,A39T5KIOR3VBEP,4,"Nice rich flavor, good cup of coffee"
B003VXFK44,A2H4VXPVPO9V4X,3,"Good flavor, but bad pod quality"
B003VXFK44,AU82LJJJ1KYXX,2,Grounds for not ordering again
B003VXFK44,A3LHXT1TZ1ZYOW,5,K CUP WOLFGANG PUCK
B003VXFK44,A1JFOQKALAXP4P,5,"Wolfgang Puck Coffee, Vienna Coffee House"
B003VXFK44,A2Q3D0OM8JNJNG,5,wake up to deliciousness
B003VXFK44,A274OIG0K3Y411,5,Breakfast...
B003VXFK44,A1UCF02ZD1ML5M,5,Fave K-cup French Roast
B003VXFK44,A1J1XVORAUYTTV,5,Very nice taste
B003VXFK44,A3KSV9A3PE3M3M,3,Not as sweet as other French Vanilla coffees
B003VXFK44,AA10EFTRAL2CK,5,"Great Coffee, Great Price"
B003VXFK44,A3POR4Z3ZVKGME,5,What I've Been Looking For
B003VXFK44,A2ZOVHKYDH4UOJ,4,Yum  but weak
B003VXFK44,A38TAEK5BQ0L8Z,5,For true coffee lovers
B003VXFK44,A31LWRGL7B9Y7P,5,great coffee
B003VXFK44,A2LNPSDCRPQ1DW,5,Very Good Coffee
B003VXFK44,A2GYDZ6RN1UWJM,5,Good k-cup
B003VXFK44,A26OE2P0ESL9PH,5,Rich and wonderful
B003VXFK44,A2RB1UIF3W1G8C,5,Great Coffee !
B003VXFK44,A3T4UQRGKU4SPG,2,Can't find the perfect Creme' Brûl&eacute;e Coffee!
B003VXFK44,AQMVY521YJDBE,2,"Yummy coffee, not a fan of coffee grinds though!!"
B003VXFK44,A1NLRUENKRUX3E,5,My Favorite Coffee
B003VXFK44,A3KWN5WDEUEJ9V,5,One of my favorite K-cups
B003VXFK44,A2ZDOLIADXFMZX,3,OK
B003VXFK44,A38WQC8XIEVA64,5,Scrumptious!
B003VXFK44,A1T5M4BXCFNUNJ,5,My New Favorite
B003VXFK44,A5CEPNXXOSOSJ,5,Great flavored coffee
B003VXFK44,AVWTLFMCTFKW1,4,Decent coffee but I wasnt wowed!
B003VXFK44,ATQCO4O4U8E78,1,Horrible: did something happen?
B003VXFK44,AD7SKPC2E4FBW,1,Misleading Flavor Name
B003VXFK44,AYHH3IL637HZJ,5,yummy
B003VXFK44,A1KE7XXXLYIXL,1,Cups Can Be Defective
B003VXFK44,A1URVJ70108OZG,5,love the dark rich flavor
B003VXFK44,AB314H3A49TM9,4,Very good cup of coffee
B003VXFK44,A35FN1VLTTPT3G,5,Great Deal!
B003VXFK44,A3LUQ5KJW9WA14,5,Best Coffee Ever!
B003VXFK44,A1CPUVKY7OP4V8,5,High Rating!
B003VXFK44,AT8JX7T3CKJKO,2,Not my favorite
B003VXFK44,A1574S23MT2UXT,5,Very tasty.
B003VXFK44,A3W0C717SJHQ3V,2,Not much flavor to this coffee...
B003VXFK44,A1D1UB7995POKS,2,Wolf Gang's Kcup Breakfast Blend a Sleeper
B003VXFK44,A2FMH70WTSIDF6,5,Great brew
B003VXFK44,A16SLC7GSYNE12,3,A bit of a disappointment.
B003VXFK44,A2FIC05DY3HT7J,4,Strong Dark Roast Coffee
B003VXFK44,A42G11QD33NYH,1,So weak!
B003VXFK44,A1PTWKRXLBKB0Z,2,Too bitter and smoky
B003VXFK44,A1T8LRGWQ6QM7Z,5,Yummo!!
B003VXFK44,A3ICEX9YGL38R0,4,taste
B003VXFK44,A307QOFD9Q7RKQ,5,My new favorite kcup
B003VXFK44,ANU97DL0YU2GC,2,Weak coffee - little flavor!
B003VXFK44,A2YAOCZ9DT7I01,1,Defective
B003VXFK44,A12KUNIKXGX3U1,5,Better than Donut Shop!
B003VXFK44,A38NL22J79JOH1,5,Favorite K-Cup
B003VXFK44,A2KUUWP4ZZMOBP,4,"Good quality, one of my ""go to"" flavored k-cups"
B003VXFK44,A2LCJO2VEPDZXW,5,Good medium strength coffee
B003VXFK44,A24B9YQ1YWFHLF,1,Ew.
B003VXFK44,AKK49Y5DWSEND,5,"My Favorite, so far!"
B003VXFK44,AMEEXXHSFDS3Z,2,Just blah...
B003VXFK44,A2H74FIBDN5NMR,5,Delicious! Amazing for a decaf coffee.
B003VXFK44,A2ZAO73BLTJ69P,5,Great cup of coffee
B003VXFK44,A2ARL5R5P6EL7D,1,Never again
B003VXFK44,A1FTO7E15UF6CS,5,Love it!
B003VXFK44,A1WH998KDXZB7A,3,It's okay but I won't buy it again.
B003VXFK44,A29Q8UIT5FCBV,5,One of the best flavored k-cups
B003VXFK44,A2Q8K6RAHF7L24,3,Great Taste!
B003VXFK44,AP1H1S9VPE0T7,4,coffee pod
B003VXFK44,A39YGYJD74GNLO,4,"Interesting flavor, brew small cup"
B003VXFK44,A2PMQ8D3JEBTXG,5,Nice flavour
B003VXFK44,ALMBZNEFJT6VZ,1,yuck
B003VXFK44,A3MVXSMNSKKLCN,5,wonderful flavored coffee
B003VXFK44,A1RU1BKXAVU488,4,Good N Strong
B003VXFK44,A24R6COJQHP4DL,2,Tasted like bitter oranges
B003VXFK44,AP03SDCDB6RBD,3,Wolfgang Puck Sorrento K-cups
B003VXFK44,A3Q81K6UMFHEQ2,5,smooth/rich
B003VXFK44,A3Z9QN0RCOHEY,5,Awesome Taste
B003VXFK44,A145SYEZUUI61I,3,Bland
B003VXFK44,A1M1EPWQS8LWQY,3,Possible K-cup Problem
B003VXFK44,A2V7T3C2T2RVPH,3,Just OK
B003VXFK44,A1ZZMAVRCBL357,5,K-Cup Fan
B003VXFK44,A1SZ17MY9XG6KD,4,Delicious....
B003VXFK44,ABQN42N7ICNZQ,5,light vanilla flavor
B003VXFK44,A3T1MKRIGDGEQ,5,Great coffee
B003VXFK44,A20JB7C7735475,5,good coffee
B003VXFK44,A1WW2AS8M640IL,5,Perfect Espresso K-Cup
B003VXFK44,A35YSZNOF1ZI6T,5,One of my favorites
B003VXFK44,A1GDFWGKJARI4M,5,Excellent coffee
B003VXFK44,A2K3J2X8KDY47N,4,"smooth, mild flavor - not as strongly flavored as other brands"
B003VXFK44,A2SZLNSI5KOQJT,4,Medium Roast. Touch of Sweetness. Not Acidic.  Great with Milk.
B003VXFK44,A1Q0KDV0TFU1OS,3,Just Okay - Hidden Decaf.
B003VXFK44,A3GXD534HVVBYM,1,Flavored cofffee?
B003VXFK44,A3F8X31S4R8IXV,1,Jamaica Me Crazy Terrible
B003VXFK44,A25UTJ1AXFC0Z9,1,Don't waste your money or your Keurig on this!
B003VXFK44,AJZ41FI5FK2CH,1,What a waste of money!
B003VXFK44,A3KQVZ95S7AX0P,1,bad tasting coffee
B003VXFK44,A336QIZU3I4C3Z,5,A pleasing cup of coffee
B003VXFK44,A37FXNMMRY5YN6,2,"Nice flavor, but very weak"
B003VXFK44,A36E05Q5W3M6DT,3,weak
B003VXFK44,AQ6SHOW0VMZGF,3,"Meh...Okay, Not Great"
B003VXFK44,ABDYDR7003IRO,5,Great find!
B003VXFK44,A1Z94P94HPWOU0,2,crazy flavor combination.
B003VXFK44,A1D3S3KH6T7206,1,Overpowering flavor and watery- Coffee lovers beware
B003VXFK44,A853R31RZEA9A,1,What a disappointment
B003VXFK44,A222AGYJ4N33F7,1,Ewwwww!!!!
B003VXFK44,A1KJDUS91L5OOE,1,not good
B003VXFK44,A1AOCVNFLPJVUV,1,Really???
B003VXFK44,A3P84TZX9X1B3X,2,No flavor - very weak
B003VXFK44,A26NFIQ7KWI8Y7,1,bitter
B003VXFK44,A25SQ33WVST1HV,2,Not a fan of this blend
B003VXFK44,A3D4W0Z1B4P2Q0,1,WORST COFFEE I'VE EVER HAD!
B003VXFK44,A2BUR03REASIKQ,1,Hazelnut?!?
B003VXFK44,A3UROAHZHOIMTR,2,Mediocre
B003VXFK44,A35OHTADORNP7N,4,"good coffee, good deal"
B003VXFK44,APYN2VSN3C9PM,1,Simply - It's terrible
B003VXFK44,A1SZG52GFZYEUX,1,Horrible
B003VXFK44,A1MJFZ975LIEHE,5,Terrrrific!!
B003VXFK44,A3SFS8R1T6JJM9,5,Just got the coffee... LOVE IT!!!
B003VXFK44,A3K0OWGS5G12L4,4,Satisfying!
B003VXFK44,A194XR1O94JG3T,1,Never got a chance...and still climbing
B003VXFK44,AD2QRU9ZXBQZ1,2,Bitter w/ overtones of cardboard
B003VXFK44,AGDLI9B52XZYC,1,The WORST coffee !
B003VXFK44,A1XF1C7TEHCFTK,3,Wolfgang K-cup
B003VXFK44,AY2K56GDX6CBD,1,Taste like old socks
B003VXFK44,A2CR1R7VU63YPT,3,Can't offer much guidance
B003VXFK44,AMEEXXHSFDS3Z,1,Yuk!  Twangy aftertaste and weak coffee make this one to avoid.
B003VXFK44,ABQN42N7ICNZQ,4,Not Extra Bold
B003VXFK44,ATXHMAP3ED09F,1,horrible coffee
B003VXFK44,A230IB6KZBNHZY,5,Great balance
B003VXFK44,A31GKRAQW2HT4Z,3,"Disappointed, this is not BOLD coffee"
B003VXFK44,A1H703P9ALYVM6,4,"Good stuff, but overpriced"
B003VXFK44,A29BHW9YT2FZ77,3,Average offering from Wolfgang Puck
B003VXFK44,A29BHW9YT2FZ77,3,Average quality French roast
B003VXFK44,A15281ZG5VT4GA,5,Great mild cup of coffee
B003VXFK44,AB0EQA6NXOYZA,4,Well-rounded but weak
B003VXFK44,A33KM1JMS3TTXS,2,nothing special
B003VXFK44,AQ88ZVCT54QIP,4,Best Iced K-Cup I've Had!
B003VXFK44,A3IR834T7AROBT,5,"Pleasant, smooth and flavorful cup of coffee"
B003VXFK44,AWB6OLPRMCLDM,5,pretty good for decaf
B003VXFK44,AQQ79QLD9K4OF,5,Wonderfully yummy
B003VXFK44,AYOMAHLWRQHUG,5,Exquisitely Flavored Medium Coffee
B003VXFK44,AAFRCVB8XENT1,1,WARNING... this is a strongly FLAVORED coffee
B003VXFK44,A12DVG1FD6DEQE,5,Dee-lish
B003VXFK44,A28R88QFHN203B,5,The Best Hazelnut K-Cup!
B003VXFK44,A1F5ZNMJV28M6X,5,great coffee
B003VXFK44,A1PMJ9FR4X1CP4,5,Best K-cup Coffee!
B003VXFK44,AJXVOY9PS5UUP,5,Wolfgang Puck Decaf can't miss!
B003VXFK44,AHTACNRCJ00CG,5,What a great cup of coffee
B003VXFK44,A27YKN5IIUEILY,5,Enjoyable flavor!
B003VXFK44,A36HUF7VGTJZ8M,5,great decaf coffee!
B003VXFK44,A3CTXFPNJCCUVO,5,My Favorite K-Cup
B003VXFK44,A31W55J90T8NFF,4,Light Coconut Flavored Coffee.
B003VXFK44,A2H74FIBDN5NMR,5,Rodeo Drive - delicious coffee
B003VXFK44,A2NX8LSYRITNZ8,4,Pretty Good Decaf
B003VXFK44,A2YDF9ZS4D9XLU,3,Not my favorite
B003VXFK44,A18A5GW4IE1XPU,5,K cup Coffee
B003VXFK44,A1379FWJ8KNUVG,5,Wolfgang Puck coffee rodeo drive blend medium roast K-cup for keurig
B003VXFK44,A1SEWF8U8W31VG,5,Jamaica Me Happy!
B003VXFK44,A3NVNHJ1SJW080,5,Nice mellow cup of coffee!
B003VXFK44,A2L7M1TT7T843O,5,So good!
B003VXFK44,A35R32TA60XD57,5,New favorite!
B003VXFK44,AJS7THAS9CZ59,5,One of the best K-cups
B003VXFK44,A1KLHGBZC9PHGH,4,Mild and Flavorful
B003VXFK44,A3VR5ETUZKF3IN,5,Rich Tasting Coffee
B003VXFK44,AP03SDCDB6RBD,5,A Winner cup of coffee!
B003VXFK44,A1QH0VOIN1HEKM,3,Wolfgang Puck coffee for Keurig maker
B003VXFK44,A1Q3VZH3TP8DFN,5,Colombian decaf
B003VXFK44,A16K66OVVFCCBD,5,Good Stuff
B003VXFK44,A154WMWOARJHLI,5,Great Coffee
B003VXFK44,A1CSRU8Z5KIPV6,2,barely any vanilla aroma or flavor
B003VXFK44,A2NVX117EFIW7Q,3,OK coffee but not the best by far
B003VXFK44,A1GDFWGKJARI4M,5,Good stuff!
B003VXFK44,A1SUGP9Q67CP28,4,Wolfgang Puck Coffee - Sumatra Kopi Raya for Keurig
B003VXFK44,A1QHJCHVHQAP4I,5,Tastes great
B003VXFK44,A3RQYPFPM58CKP,4,Best caramel K-cup!
B003VXFK44,A19N301CQ8IWW9,5,Love Love Love This Coffee!!!
B003VXFK44,A33BX5D4DKN65U,4,one of the better K cups I've tried
B003VXFK44,A1MHY69POZ8GCK,5,Delicious
B003VXFK44,A3LZCRW9NU0327,5,Favorite!!!
B003VXFK44,A39KT4ATF5Q9UB,3,Almost Bitter
B003VXFK44,A2K04TXWAV3PZ3,5,Breakfast Delight
B003VXFK44,AQQLWCMRNDFGI,4,Successful experiment!
B003VXFK44,A3K9YKYVGEENPI,3,Okay but not great
B003VXFK44,A19P6UUJKZYC6G,3,Tasty but Expensive
B003VXFK44,A3R7R8ARVN2P3D,4,"Great, but not perfect"
B003VXFK44,A1XAUZ08A5EXJA,4,Spicy sweetness!
B000LKZ84C,A2UDUJG17I8S1,5,Greatest stuff on the planet
B000LKZ84C,A2VDQUOEN5SYKD,5,Awesome tofu
B000LKZ84C,A2WQ4FT0CMDSUI,4,Pretty Good
B000LKZ84C,AX668BUQRHI7C,5,Like it a lot
B000LKZ84C,APGQCBO10LZTH,5,Good product
B000LKZ84C,A6KL17KKN0A5L,5,"So convenient, no refrigeration needed!"
B000LKZ84C,A3J30T6XOU0BWS,5,Easy vegan menu item
B004OLUCAE,A281NPSIMI1C2R,5,Delicious Alternative to Sugar
B004OLUCAE,A1GQAKL9CGQLP1,5,Great Price for Great Sweetener!
B000MGSJ5A,A175N19FS2B4J,5,"Gluten free, vegan, kosher, and very concentrated."
B00434FTDM,A294SHLWPSG1BP,4,Pretty good chicken gumbo
B000M5PP8U,A281NPSIMI1C2R,5,Slightly Spicy
B001EO7JFU,A397CWU6DM3O5G,5,My favorite oil
B00060PTLO,AY1EF0GOH80EK,5,SOOOoo Good and VERY versitile
B00060PTLO,A1IU7S4HCK1XK0,5,"Versatile ""must-have"" for your pantry"
B00060PTLO,A1GYEGLX3P2Y7P,5,Great for baking!
B002HG6Z8Q,A3VL263FW0O1JL,4,"Good, but no comparison to other WOW's!"
B002HG6Z8Q,A1JMCY0XKUXT6X,5,This are so good.
B001QW6LMW,AEXV0U23G2GTY,5,Great raw diet food for on the go!
B001EQ5EQE,A25C2M3QF9G7OQ,5,Turned me into an espresso lover
B001EQ5EQE,A1OJU4I8E96AF0,5,"Lavazza & Amazon, you rock!"
B001EQ5EQE,A2IH8UUAUHMGLW,4,Good value for money.
B0092X7OGY,A1IU7S4HCK1XK0,5,The black bean rules!
B0092X7OGY,A2DJFN6DQQ8WF9,5,Jelly Belly
B0054TWR9O,A2V9INB3YNERSI,5,Great for busy families
B0043P126O,AG08SJ3U2ZV6J,5,Perfect fo my little dog
B0043P126O,AZV26LP92E6WU,5,my dog loves these
B000S9K0IA,A3PPGYCSQXK1GI,4,"Wellness canned cat food, case"
B004OVCWAW,A3OFZFLLURJNVZ,5,"These are NOT granola, but are very good"
B000JWEE74,A1A99RZRDB9DUN,5,Best Sugar Free Candy
B0007A0AP8,A74SHV5ZD3RLT,5,The price is right
B0007A0AP8,A3HPCRD9RX351S,5,On the Lamb
B0007A0AP8,AR32T3627EWQ0,5,Very exalant dog treat
B0007A0AP8,A3S3L24L3MMDXR,5,GREAT TREATS
B0007A0AP8,A2DDKFU4NDJ15K,5,great treat
B0007A0AP8,A25TUTPHY92TQ6,4,Terrific for Training
B0007A0AP8,A3MGVBGYQAZ7PA,5,Dogs come running!
B0007A0AP8,A2XB5P29LJ8Y6S,5,Big hit with the Labradors
B0007A0AP8,A123G253XL4O17,5,Pick dog pick
B0007A0AP8,A26LD9FQHTM8ZH,5,One of the dog's favorite treats
B006N3IG4K,A5U24IWH64IFF,5,Absolutely delicious coffee!
B006N3IG4K,A1RVCWFP3SC3GU,5,YUMMY
B006N3IG4K,A12SO47JRQGUPR,4,Good Stuff
B006N3IG4K,A86RUZGD22FDR,5,Delivers what was promises
B006N3IG4K,A3LQS08K2OBI5Z,3,"My mom said this was not as flavorful as other ""Extra Bolds"""
B006N3IG4K,A4L2ALOJ53R96,2,"Weak, even on small cup setting"
B006N3IG4K,AQ6SHOW0VMZGF,2,Really Disappointed
B006N3IG4K,A1YKQFG1VU6AZK,5,Drink The Spirit of Aloha!
B006N3IG4K,A1KE7XXXLYIXL,1,"Great taste, lousy cup"
B006N3IG4K,A3TQW5KBBPZHNC,2,"If you want a flavored coffee, okay... but otherwise YUK"
B006N3IG4K,A2TPOYNEEWCB47,5,A favorite at the office
B006N3IG4K,A2L02N07L0RG3P,5,Island Escape!
B006N3IG4K,AN4C6KUWQOCQY,4,Just Right and you will love it!
B006N3IG4K,A2UCZAWAN5QMJQ,4,"Good coffee, but lets clear up the flavors?"
B006N3IG4K,AZWC23X2AZAQC,3,Not the best
B006N3IG4K,A3S9V8OLQENVK8,5,Very Smooth Not Acidic
B006N3IG4K,A1H703P9ALYVM6,3,Too Mild for Me
B006N3IG4K,A35R32TA60XD57,5,A must have on my carousel!
B006N3IG4K,A30XEOBZCPH9KS,3,Wolfgang Puck Columbian
B006N3IG4K,A324GNX6R2MF9V,5,Delectable!
B006N3IG4K,A2G1X3QMP6F3EK,3,A strong yet bitter brew
B006N3IG4K,AP03SDCDB6RBD,5,Definitely a good breakfast indeed!
B006N3IG4K,AQ6SHOW0VMZGF,3,Decent
B006N3IG4K,A2D45ZF2E3819G,4,Milder than expected
B006N3IG4K,A1GW3F20WIZ01W,5,Breakfast in Bed Coffee K-Cups
B006N3IG4K,ABQN42N7ICNZQ,4,Enjoyable cup of coffee
B006N3IG4K,A1N0JVDW4YVYD2,5,Smooth and light breakfast coffee
B006N3IG4K,A1DEJHEZGQ214W,5,Wonderful coffee!
B006N3IG4K,A3504B9G5BJJM8,5,IT IS NOT DECAF PEOPLE!!!
B006N3IG4K,A1B5T3IUHLZ2UU,1,FLAVORED COFFEE??
B006N3IG4K,A16ZCEER1OK7XZ,1,misleading
B006N3IG4K,A1IC75BCAGQ4IK,1,Non-Flavored coffee drinkers beware!
B006N3IG4K,A286C5PALVXN5R,1,Heavily Flavored - Not For Us
B006N3IG4K,A1BP3Y74NK3XTA,1,"Not Jamaican at all, just another sweet, flavored coffee!"
B006N3IG4K,A1PGA8C2EAUSBT,2,Great name but I didn't care for it
B006N3IG4K,A2GT5MEDUP5YCF,3,"Good, but not my favorite"
B006N3IG4K,A2FFQ7KXZ4IF53,2,These K Cups Have ISSUES - Coffee Not Bad
B006N3IG4K,A3GFZIL1E0Z5V8,5,Rodeo Drive is Crazy Good Coffee!
B006N3IG4K,A21VWSCGW7UUAR,4,"Good, but not Wolfgang Puck good"
B006N3IG4K,AZ5ZLGXWULUG8,4,Good Coffee from Amazon.com
B006N3IG4K,A34Q3GVQ1CHUFT,2,Tasteless and watery
B006N3IG4K,AKLY1OQXAPD7X,5,Wonderful K-cups
B006N3IG4K,A3O1Y1F3IJ1P5D,5,My favorite of the WP K cups.
B006N3IG4K,A2A1327CU1ZYLH,1,Bad Cups
B006N3IG4K,AEI6MBDTGGIQU,3,Somewhat disappointing
B006N3IG4K,ATOEUHIO4IU5D,5,Wolfgang Puck K-cup decaf
B006N3IG4K,ALTEZ1X2X6M1N,2,Bitter taste
B006N3IG4K,AB29IDVYAYDL,5,Wonderful coffee
B006N3IG4K,A2LVB3GWIUA4EN,5,Our favorite k-cup yet
B006N3IG4K,AYQ8DEE36K6YO,5,My favorite!
B006N3IG4K,A2V373EQ0LXUUW,5,Great Flavor & Coffee
B006N3IG4K,A1IRQWXJ4CWBW,1,Beware!  Flavored Coffee...
B006N3IG4K,A2AH0F4QCJYD1A,1,so disappointing
B006N3IG4K,A1X1SE0D8U0XDL,5,Yummy Coffee
B006N3IG4K,AQOFXCSTJ7HVG,5,The BEST coffee EVER!!!
B006N3IG4K,A35ORS2L6NCVN4,2,poorly sealed
B006N3IG4K,A1OG07N4UW1W,3,Decent flavor
B006N3IG4K,AGKSJ70C1ZBQD,2,Tastes like i didn't change the kcup from the last cup
B006N3IG4K,A2C41ED481T1UD,2,K cups disfigured and unusable
B006N3IG4K,A1QTAGJ7GA1MH8,5,Wolfgand Puck's Breakfast in Bed Coffee
B006N3IG4K,ABWBD9KOYE3CB,5,Second favorite
B006N3IG4K,AW0WY0VEA5V4U,5,"""Breakfast in Bed"" - Great, smooth, medium roast coffee. Confirmed: this is not decaf."
B006N3IG4K,AZ70IOEOST19G,5,Hawaiian Hazelnut Always Out of Stock
B006N3IG4K,AQDT7OY51SR4J,3,"Good taste, but seals are loose so they're busting open while brewing"
B006N3IG4K,A3H1EQD2PBC085,5,yummy
B006N3IG4K,A1USRA8MRKQ4WZ,3,This coffee is DECAF! Just so yah know does not say on page.
B006N3IG4K,A233FGJF65UXM7,4,good vanilla coffee
B006N3IG4K,A3NN3VV31VGXRC,5,Wolfgang Puck Hawaiian Hazelnut K-Cup Coffee
B006N3IG4K,A30YTO7OKNNOKX,5,The Sorrento is soothingly smooth good blend!  No after taste!
B006N3IG4K,A9NTRP272B3HT,4,Close to expiration date.
B006N3IG4K,A3C29AIJ00KKH3,4,Best so far
B006N3IG4K,A2XXV7J8BICR0Y,5,Makes a great cup of coffee
B006N3IG4K,A1V6BPQW9D6LTU,5,Breakfast in bed!
B006N3IG4K,A28IUU97YHYZSL,5,excellent taste
B006N3IG4K,A2HRXM964URLTL,5,Best Coffee EvER!!!!
B006N3IG4K,A97AF3CRCOYG3,4,Good coffee for strong coffee lovers!
B006N3IG4K,A5C0ZLGY1M2HU,4,"Good, if you like flavored coffee"
B006N3IG4K,A1E0LHSBE2FQME,5,Woflgang Puck Favorite !!
B006N3IG4K,A1I27UBHKLS1X9,4,"Great, considering I usually prefer a light/medium roast"
B006N3IG4K,A2PSTA7LEQM6BV,5,MMMMM
B006N3IG4K,A1K8HDY3MA302W,5,Wonderful coffee!!
B006N3IG4K,A3B1YVT7CWF07Y,5,Best High-quality K cup
B006N3IG4K,A3LXOMANBRFQJG,4,Smells amazing!
B006N3IG4K,A2KORU7DW4A6TA,5,Wolfgang puck coffee vanilla francaise
B006N3IG4K,A30YO350G5STNG,5,Breakfast in Bed is a treat
B006N3IG4K,A3OCQKPHVDJBF5,5,Love it!
B006N3IG4K,A12UV0I45RJ6XH,5,Amazing!
B006N3IG4K,AIVJ4ZDNGL1O1,5,Wolfgang Puck Breakfast in Bed coffee
B006N3IG4K,A1NMKHIFGUZSMM,5,Bold Great Taste!
B006N3IG4K,A53FNA3QWZQXM,5,Great blend to get the day started =)
B006N3IG4K,A3KEK9BZR3STME,2,A Loyal Wolfgang Puck Customer
B006N3IG4K,AEZAWUB14ICW8,1,Hated it!
B006N3IG4K,A9HY20STY69X4,3,Good but not perfect
B006N3IG4K,A3FXMBMYVO6LPW,5,wolfgang puck k cup breakfast in bed
B006N3IG4K,A3FLB2I0FYHWWA,5,Smooth coffee taste
B006N3IG4K,A1PJX7Y2V3SICE,5,Delicious Colombian coffee!
B006N3IG4K,A2JQFUFU3ADIV8,4,This is very good!
B006N3IG4K,A12UZWJ6N3JBGO,5,A great cup of coffee
B006N3IG4K,A64D484BZKW7C,4,thanks!!!
B006N3IG4K,A2UQQU7EZCUEA,5,Best coffee
B006N3IG4K,A370EX6FWFL8NE,5,YUM!
B006N3IG4K,A2SZLNSI5KOQJT,4,"Bold, but Not Teeth Jarring Bold. Nice Flavor and a Nice Cup of Coffee."
B006N3IG4K,A2SZLNSI5KOQJT,5,Solid Medium Roast Coffee with Just a Hint of Bold. Good Flavor. Not Acidic.
B006N3IG4K,A17HMM1M7T9PJ1,4,Another great dark K-cup coffee
B006N3IG4K,A2SZLNSI5KOQJT,3,"Not Outstanding. Light to Medium Roast. Smooth, Not Acidic."
B006N3IG4K,A3A50F3ZWJ6V68,2,This coffee is now DECAFF!
B006N3IG4K,A1PCB6OXKWKLBL,4,Great Cuppa...except
B006N3IG4K,AQQ79QLD9K4OF,5,our favorite
B006N3IG4K,A3R7R8ARVN2P3D,5,"Outstanding, Bold, Lively Sumatran. best of the K-cups"
B006N3IG4K,A8M42EXA7NB5L,4,"A very nice, smooth, Americano style coffee"
B006N3IG4K,A119HR3WKJPKD,5,My favorite k cup
B006N3IG4K,A2N3Q3TZW0AIVN,5,BEST COFFEE EVER
B006N3IG4K,A1XLT6SJ6VRGBB,5,Coffee Makes Me a Crazy
B006N3IG4K,AI4EITBWO8R9J,5,Awesome Coffee
B006N3IG4K,A34JVMWYGY74QE,5,My Favorite K-Cup so far!
B006N3IG4K,A35UWJL3AGIHBM,1,Not good at all!!!!!!!!!!!!!
B006N3IG4K,AGWU5LPTJHRYX,4,Good Coffee - Great Price
B006N3IG4K,A29NA3RIZT5CH8,5,YUMMO!  I am a coffee purist
B006N3IG4K,AVZO61Y9E8EQM,5,Great Coffee
B006N3IG4K,A1KSCAV1FE0OLT,5,Great Coffee!
B006N3IG4K,A1S4QFFW5DSC6C,5,Outstanding!
B006N3IG4K,A33NXNZ79H5K51,4,coconut in the morning?
B006N3IG4K,AAPFN1BADMWMC,3,Sorry Wolfgang!
B006N3IG4K,AOLM0G25WI2T2,3,Just okay
B006N3IG4K,A1GZVRXW89KZST,5,Perfect every day coffee.
B006N3IG4K,A24ROQVJCANCDM,3,"Too much caramel cream, not enough coffee"
B006N3IG4K,AW6Q58EC6QC5G,5,"Great Coffee, Great Price"
B006N3IG4K,A1EVNOCJ8RKX36,5,great taste
B006N3IG4K,A3GN7BRTTCMOMM,5,Ahhhh...
B006N3IG4K,A7JCNKDASI7R0,4,Pretty good coffee
B006N3IG4K,A1JVFV1VAA08X,5,Tastes great
B006N3IG4K,A38U1PX8CI8GF3,5,Crazy indeed
B006N3IG4K,AIATM4VOUGQOT,5,Great Taste and Reasonably Priced
B006N3IG4K,A1V0NTJ5GUBE2G,5,Yum Yum
B006N3IG4K,A1UC50DYFPSXYD,5,Can Wolfgang make a bad k-cup?
B006N3IG4K,A3KHF4HNHSQYZ0,5,WOLGANG PUCK FRENCH ROAST
B006N3IG4K,A3502W435NLGAZ,5,Nice French roast
B006N3IG4K,AHRASE2UFPFKK,4,Wolfgang's Hazlenut
B006N3IG4K,A26NFIQ7KWI8Y7,3,I wouldn't call it bold
B006N3IG4K,A2GY8OFEBD9YT9,5,Wonderful tasting coffee
B006N3IG4K,A1UC50DYFPSXYD,5,LOVE this!
B006N3IG4K,A286A0ZQ053275,5,One of my top favorites.
B006N3IG4K,A3TX6CWSZL02PW,5,Good tasting Coffee
B006N3IG4K,A3TX6CWSZL02PW,5,Great Coffee !
B006N3IG4K,A3TX6CWSZL02PW,5,Nice flavorful and full-bodied.
B006N3IG4K,AK7QWUSSUT6KS,4,Good Columbian
B006N3IG4K,A1DDFQMQ6SW6BM,5,Breakfast in Bed review
B006N3IG4K,AF0RBVW29WQNT,5,Wolfgang knows how to brew it!
B006N3IG4K,A2TH3R48TMDRNC,5,The best Hazelnut out there!
B006N3IG4K,A3DSBTY8MFCC1U,5,Great blend of flavor.
B006N3IG4K,A85X52Z0RZHA8,4,"Only a 'HINT"" of vanilla"
B006N3IG4K,A3ZCQOKZT8XO1,5,Great flavor
B006N3IG4K,A2NPYVLJ7XPKS3,5,great coffee
B006N3IG4K,A1XPT6TAPFPPEM,4,The Best
B006N3IG4K,A3J0QAR99EITWT,5,Yum!!
B006N3IG4K,AIKS2Z0SGDQL9,5,I would order again!
B006N3IG4K,AHRASE2UFPFKK,5,Makes you feel like you are having breakfast in bed.
B006N3IG4K,AWU8B9JFO1BIE,5,My favorite hazelnut k-cup!
B006N3IG4K,A2TJG4N8LNJW23,4,An EXCELLENT hazelnut choice for your Keurig brewer...
B006N3IG4K,A344NCOMEAF75I,2,Where's the caramel creme?
B006N3IG4K,AR92LPQMUOABQ,5,Best darn coffee :)
B006N3IG4K,A3MEI1AS9OXDMC,3,Good morning coffee
B006N3IG4K,A3KM1QY47M8CUX,4,Tasty but defective cups.
B006N3IG4K,A2SZLNSI5KOQJT,3,Sweet Coconut Flavor with A Mild Aftertaste.  Mild to Medium Blend.
B006N3IG4K,A3M2ESK4WEGOCS,5,It's Wolf!
B006N3IG4K,A21CZIJ7LXR1A1,4,"Good, not Great"
B006N3IG4K,A3EATEAQ12T5CU,5,Best Vanilla  K-Cup Coffee Ever!
B006N3IG4K,AMAAPF2CJN5TK,5,Delicious!!
B006N3IG4K,A2T6J1XFG5O554,5,Wolfgang Puck Breakfast in Bed
B006N3IG4K,AVECXTQE87CGQ,5,This is the best
B006N3IG4K,A21QTXFX6USZSY,5,My personal favorite K-Kup.
B006N3IG4K,A1DPAA6Y169RAW,5,Delicious!!
B006N3IG4K,ANOD28P22F3YO,4,good coffee
B006N3IG4K,A1FOEVZC4O177K,4,So close to Island Coconut K Cups
B006N3IG4K,AC7L448IWKJZV,5,Favorite!
B006N3IG4K,A1YRMZSCQJC6BL,5,"Wolfgan Puck Coffee,Breakfast in Bed K-cups"
B006N3IG4K,AYOMAHLWRQHUG,5,One of the Best Mild K-cups Made
B006N3IG4K,A1T0C6ONSQLGR9,5,This coffee is very good.
B006N3IG4K,A315FCBNG3XRND,2,Disappointed
B006N3IG4K,A2ZM4BI08T884J,5,Love it!
B006N3IG4K,A34PJZ5NWI628G,5,Superb coffee
B006N3IG4K,A1PSRW4LC7Z1BU,3,A bit disappointed
B006N3IG4K,A1AQYSKK4Z8A9U,4,Surprisingly delicious
B006N3IG4K,A2OZPL96MVDILY,5,Best Coffee ever
B006N3IG4K,A2EH92EIGZ5RCC,5,Excellent Good Tasting Coffee
B006N3IG4K,A21FD7O2HHT2ZS,5,Awesome Flavor
B006N3IG4K,A2DYTGGZK3JVAJ,5,great coffee!!
B006N3IG4K,A2WOS4V9Q66Y9A,3,Good but not a premium coffee
B006N3IG4K,A1VXKZFFKE24DC,3,Good coffee bad packaging
B006N3IG4K,ATRCNV6LIH9R6,5,LOVE IT!
B006N3IG4K,A35OY2ASP1MP5M,4,Good flavor & strength
B006N3IG4K,AFBCIQXH9FLDM,5,I really like this one!
B006N3IG4K,A3LD9J2MJQ2JZK,5,Love this creamy coffee
B006N3IG4K,A27D1T38Z4XUVJ,5,Tasty
B006N3IG4K,A2D1LPEUCTNT8X,3,"Not my favorite, but it came in second"
B006N3IG4K,A2XV44TFMMFNI7,5,Delicious
B006N3IG4K,A3QXXNPKKNKKVE,5,Good coffee
B006N3IG4K,A3H6IRPMRG40IA,2,...
B006N3IG4K,A1ZHT9MVWAH1VA,3,Wolfgang Puck Dark Roast
B006N3IG4K,A1Q8SW109EBWFN,2,Very weak
B006N3IG4K,A35OY2ASP1MP5M,5,My favorite hazelnut coffee
B006N3IG4K,A21M1FOE91J3U,4,"Smells good, tastes good!"
B006N3IG4K,A2SQ8N1KG3L7HU,5,Jamica Me Crazy.....So Good!
B006N3IG4K,A2ODF71DQGA3QS,5,My favorite K-Cup yet!
B006N3IG4K,A1SPFZ5BOIMIXR,5,First but not last time to buy this one!!
B006N3IG4K,AB6G1LUA9TG2L,5,Yum-o
B006N3IG4K,A20MY469I6A87C,4,On sale
B006N3IG4K,A1FFP0ORCC7YH9,4,Best Coffee
B006N3IG4K,A99S0ESOW9T1M,4,Jamaica Me Crazy is our favorite K-Cup so far
B006N3IG4K,A164CWVVCKKBOW,5,"IMO, perfect."
B006N3IG4K,A1HGXLP6WATS4B,5,"Excellent smooth, light coffee.  Good anytime."
B006N3IG4K,A3PJ0TNZOJ2MCI,3,Good taste but secretly  DECAF
B006N3IG4K,A1KQ31B1998R79,3,1 down 47 to go
B006N3IG4K,A1AND5XBFJ7L76,5,Wolfgand Puck Rodeo Drive K-cup
B006N3IG4K,A2L7M1TT7T843O,5,Delicious
B006N3IG4K,A3VS66YC7IXCC2,4,Not as good
B006N3IG4K,A3DZ3P2OCK2Y6E,4,I would buy it again
B006N3IG4K,A1Z94P94HPWOU0,5,Smooth & Delish
B006N3IG4K,A3RFU2E6SX9PHG,5,"Mmm, mm, great coffee aroma!"
B006N3IG4K,ATUNQTRTF2285,5,"Yum!  Rich, strong, and not bitter."
B006N3IG4K,A2WX8REGY23RQU,5,Yummy hazelnut
B006N3IG4K,A29DK932WF1HWV,2,Coffee
B006N3IG4K,A4TQYZPJ1V8M6,5,great
B006N3IG4K,A1XOWOPD0JNLST,5,Wolfgang Puck Hawaiian Hazelnut
B006N3IG4K,A2HTJL1QGU8H61,5,Best flavor available!
B006N3IG4K,A379IHYN4WSQ9Y,5,Favorite Of The Keurig Coffee K-cups
B006N3IG4K,A306ZVR6MU456T,3,coffee lover
B006N3IG4K,A2M3I5JEBZJR40,4,Works for me.
B006N3IG4K,A2TH3R48TMDRNC,5,You don't have to look any further
B006N3IG4K,AJ0TLOTIBWYTW,5,"Should be titled ""best flavored coffee ever!"""
B006N3IG4K,A1NASHF2NH7WV9,4,my very fav k cup coffee!
B006N3IG4K,A9ELUY7JBX3K3,5,Perfect blend
B006N3IG4K,A121VLJBL8T0H1,5,Excellent Brew
B006N3IG4K,A121VLJBL8T0H1,3,Pretty Good
B006N3IG4K,A3SP5IXXXYWG16,5,Jamaica Me Crazy Coffee
B006N3IG4K,A137QZWAFT6MG2,1,"I don't enjoy this ""coffee"""
B006N3IG4K,A2JDXQHOPZXIYX,1,If there were no other coffee in the house
B006N3IG4K,AJCL124WAUGB9,1,caramel
B006N3IG4K,A10H24TDLK2VDP,3,Unremarkable
B006N3IG4K,A7JCNKDASI7R0,5,Excellent coffee
B006N3IG4K,A3QDKPAWB7GDL2,5,Jamaica Me Crazy K-Cups
B006N3IG4K,A32INVETIKMDB4,5,Wolfgang Puck Keurig Cup Coffee
B006N3IG4K,AHOLU32W82TZQ,5,Just Right Anytime of Day!
B006N3IG4K,A10SVA00I7XVZF,5,"Great, smooth-tasting coffee!"
B006N3IG4K,A7CTIXDLF8I5W,2,Either I got a bad batch or....
B006N3IG4K,A3GD4JHMSUMQRF,5,Great flavor
B006N3IG4K,AS7RBXW90EGRQ,5,Wolfgang Puck Sumatra
B006N3IG4K,A3OXRFCJI67IMN,4,"Not Bad! Smooth, Not Bitter, Plenty Strong But Not Too Strong."
B006N3IG4K,A12BJ9GOL0T54E,3,"Great coffee, problematic k-cups!"
B006N3IG4K,A12BJ9GOL0T54E,3,Didn't say anywhere it was coconut favored!
B006N3IG4K,A8T336KRVSKG9,5,bought this for a friend
B006N3IG4K,A3VQALR1NOYTL5,4,yum
B006N3IG4K,A33W4H88UWCIJG,4,Wish I were in Hawaii
B006N3IG4K,A1TG50OP3GC5W6,1,Poor quality Kcups
B006N3IG4K,A2WBPNC46MMHYV,5,Great coffee
B006N3IG4K,A2VBTN6ZR67YOF,3,A little too much bitterness & acid
B006N3IG4K,A38S7IRMROBB9C,5,A Good Daily Roast
B006N3IG4K,A1GX3GDJJI18WP,5,One of the best for Puck k-cups.
B006N3IG4K,A2TIGI9VK33WPQ,5,One of my favorites!
B006N3IG4K,A3FC2JIO6T7US1,4,Very satisfied with my purchase as always with Amazon
B006N3IG4K,A32B6XWNR55SRL,4,A bolder Columbian
B006N3IG4K,A18Y2ULJ1RPJNW,4,I liked it
B006N3IG4K,A2XKR4VRZCKX55,3,Just OK coffee.
B006N3IG4K,A2OLLSGJNOCP9A,5,Great Coffee
B006N3IG4K,A26RIJE57A1XZE,3,Jamaca me flavorful
B006N3IG4K,AD161NMNO166D,1,Wolfgang Puck Sumatra
B006N3IG4K,AQQLWCMRNDFGI,4,Above average K-cup coffee
B006N3IG4K,A3DRMWICV8EU16,5,Jamica Me Crazy
B006N3IG4K,A39T5KIOR3VBEP,4,"Nice rich flavor, good cup of coffee"
B006N3IG4K,A2H4VXPVPO9V4X,3,"Good flavor, but bad pod quality"
B006N3IG4K,AU82LJJJ1KYXX,2,Grounds for not ordering again
B006N3IG4K,A3LHXT1TZ1ZYOW,5,K CUP WOLFGANG PUCK
B006N3IG4K,A1JFOQKALAXP4P,5,"Wolfgang Puck Coffee, Vienna Coffee House"
B006N3IG4K,A2Q3D0OM8JNJNG,5,wake up to deliciousness
B006N3IG4K,A274OIG0K3Y411,5,Breakfast...
B006N3IG4K,A1UCF02ZD1ML5M,5,Fave K-cup French Roast
B006N3IG4K,A1J1XVORAUYTTV,5,Very nice taste
B006N3IG4K,A3KSV9A3PE3M3M,3,Not as sweet as other French Vanilla coffees
B006N3IG4K,AA10EFTRAL2CK,5,"Great Coffee, Great Price"
B006N3IG4K,A3POR4Z3ZVKGME,5,What I've Been Looking For
B006N3IG4K,A2ZOVHKYDH4UOJ,4,Yum  but weak
B006N3IG4K,A38TAEK5BQ0L8Z,5,For true coffee lovers
B006N3IG4K,A31LWRGL7B9Y7P,5,great coffee
B006N3IG4K,A2LNPSDCRPQ1DW,5,Very Good Coffee
B006N3IG4K,A2GYDZ6RN1UWJM,5,Good k-cup
B006N3IG4K,A26OE2P0ESL9PH,5,Rich and wonderful
B006N3IG4K,A2RB1UIF3W1G8C,5,Great Coffee !
B006N3IG4K,A3T4UQRGKU4SPG,2,Can't find the perfect Creme' Brûl&eacute;e Coffee!
B006N3IG4K,AQMVY521YJDBE,2,"Yummy coffee, not a fan of coffee grinds though!!"
B006N3IG4K,A1NLRUENKRUX3E,5,My Favorite Coffee
B006N3IG4K,A3KWN5WDEUEJ9V,5,One of my favorite K-cups
B006N3IG4K,A2ZDOLIADXFMZX,3,OK
B006N3IG4K,A38WQC8XIEVA64,5,Scrumptious!
B006N3IG4K,A1T5M4BXCFNUNJ,5,My New Favorite
B006N3IG4K,A5CEPNXXOSOSJ,5,Great flavored coffee
B006N3IG4K,AVWTLFMCTFKW1,4,Decent coffee but I wasnt wowed!
B006N3IG4K,ATQCO4O4U8E78,1,Horrible: did something happen?
B006N3IG4K,AD7SKPC2E4FBW,1,Misleading Flavor Name
B006N3IG4K,AYHH3IL637HZJ,5,yummy
B006N3IG4K,A1KE7XXXLYIXL,1,Cups Can Be Defective
B006N3IG4K,A1URVJ70108OZG,5,love the dark rich flavor
B006N3IG4K,AB314H3A49TM9,4,Very good cup of coffee
B006N3IG4K,A35FN1VLTTPT3G,5,Great Deal!
B006N3IG4K,A3LUQ5KJW9WA14,5,Best Coffee Ever!
B006N3IG4K,A1CPUVKY7OP4V8,5,High Rating!
B006N3IG4K,AT8JX7T3CKJKO,2,Not my favorite
B006N3IG4K,A1574S23MT2UXT,5,Very tasty.
B006N3IG4K,A3W0C717SJHQ3V,2,Not much flavor to this coffee...
B006N3IG4K,A1D1UB7995POKS,2,Wolf Gang's Kcup Breakfast Blend a Sleeper
B006N3IG4K,A2FMH70WTSIDF6,5,Great brew
B006N3IG4K,A16SLC7GSYNE12,3,A bit of a disappointment.
B006N3IG4K,A2FIC05DY3HT7J,4,Strong Dark Roast Coffee
B006N3IG4K,A42G11QD33NYH,1,So weak!
B006N3IG4K,A1PTWKRXLBKB0Z,2,Too bitter and smoky
B006N3IG4K,A1T8LRGWQ6QM7Z,5,Yummo!!
B006N3IG4K,A3ICEX9YGL38R0,4,taste
B006N3IG4K,A307QOFD9Q7RKQ,5,My new favorite kcup
B006N3IG4K,ANU97DL0YU2GC,2,Weak coffee - little flavor!
B006N3IG4K,A2YAOCZ9DT7I01,1,Defective
B006N3IG4K,A12KUNIKXGX3U1,5,Better than Donut Shop!
B006N3IG4K,A38NL22J79JOH1,5,Favorite K-Cup
B006N3IG4K,A2KUUWP4ZZMOBP,4,"Good quality, one of my ""go to"" flavored k-cups"
B006N3IG4K,A2LCJO2VEPDZXW,5,Good medium strength coffee
B006N3IG4K,A24B9YQ1YWFHLF,1,Ew.
B006N3IG4K,AKK49Y5DWSEND,5,"My Favorite, so far!"
B006N3IG4K,AMEEXXHSFDS3Z,2,Just blah...
B006N3IG4K,A2H74FIBDN5NMR,5,Delicious! Amazing for a decaf coffee.
B006N3IG4K,A2ZAO73BLTJ69P,5,Great cup of coffee
B006N3IG4K,A2ARL5R5P6EL7D,1,Never again
B006N3IG4K,A1FTO7E15UF6CS,5,Love it!
B006N3IG4K,A1WH998KDXZB7A,3,It's okay but I won't buy it again.
B006N3IG4K,A29Q8UIT5FCBV,5,One of the best flavored k-cups
B006N3IG4K,A2Q8K6RAHF7L24,3,Great Taste!
B006N3IG4K,AP1H1S9VPE0T7,4,coffee pod
B006N3IG4K,A39YGYJD74GNLO,4,"Interesting flavor, brew small cup"
B006N3IG4K,A2PMQ8D3JEBTXG,5,Nice flavour
B006N3IG4K,ALMBZNEFJT6VZ,1,yuck
B006N3IG4K,A3MVXSMNSKKLCN,5,wonderful flavored coffee
B006N3IG4K,A1RU1BKXAVU488,4,Good N Strong
B006N3IG4K,A24R6COJQHP4DL,2,Tasted like bitter oranges
B006N3IG4K,AP03SDCDB6RBD,3,Wolfgang Puck Sorrento K-cups
B006N3IG4K,A3Q81K6UMFHEQ2,5,smooth/rich
B006N3IG4K,A3Z9QN0RCOHEY,5,Awesome Taste
B006N3IG4K,A145SYEZUUI61I,3,Bland
B006N3IG4K,A1M1EPWQS8LWQY,3,Possible K-cup Problem
B006N3IG4K,A2V7T3C2T2RVPH,3,Just OK
B006N3IG4K,A1ZZMAVRCBL357,5,K-Cup Fan
B006N3IG4K,A1SZ17MY9XG6KD,4,Delicious....
B006N3IG4K,ABQN42N7ICNZQ,5,light vanilla flavor
B006N3IG4K,A3T1MKRIGDGEQ,5,Great coffee
B006N3IG4K,A20JB7C7735475,5,good coffee
B006N3IG4K,A1WW2AS8M640IL,5,Perfect Espresso K-Cup
B006N3IG4K,A35YSZNOF1ZI6T,5,One of my favorites
B006N3IG4K,A1GDFWGKJARI4M,5,Excellent coffee
B006N3IG4K,A2K3J2X8KDY47N,4,"smooth, mild flavor - not as strongly flavored as other brands"
B006N3IG4K,A2SZLNSI5KOQJT,4,Medium Roast. Touch of Sweetness. Not Acidic.  Great with Milk.
B006N3IG4K,A1Q0KDV0TFU1OS,3,Just Okay - Hidden Decaf.
B006N3IG4K,A3GXD534HVVBYM,1,Flavored cofffee?
B006N3IG4K,A3F8X31S4R8IXV,1,Jamaica Me Crazy Terrible
B006N3IG4K,A25UTJ1AXFC0Z9,1,Don't waste your money or your Keurig on this!
B006N3IG4K,AJZ41FI5FK2CH,1,What a waste of money!
B006N3IG4K,A3KQVZ95S7AX0P,1,bad tasting coffee
B006N3IG4K,A336QIZU3I4C3Z,5,A pleasing cup of coffee
B006N3IG4K,A37FXNMMRY5YN6,2,"Nice flavor, but very weak"
B006N3IG4K,A36E05Q5W3M6DT,3,weak
B006N3IG4K,AQ6SHOW0VMZGF,3,"Meh...Okay, Not Great"
B006N3IG4K,ABDYDR7003IRO,5,Great find!
B006N3IG4K,A1Z94P94HPWOU0,2,crazy flavor combination.
B006N3IG4K,A1D3S3KH6T7206,1,Overpowering flavor and watery- Coffee lovers beware
B006N3IG4K,A853R31RZEA9A,1,What a disappointment
B006N3IG4K,A222AGYJ4N33F7,1,Ewwwww!!!!
B006N3IG4K,A1KJDUS91L5OOE,1,not good
B006N3IG4K,A1AOCVNFLPJVUV,1,Really???
B006N3IG4K,A3P84TZX9X1B3X,2,No flavor - very weak
B006N3IG4K,A26NFIQ7KWI8Y7,1,bitter
B006N3IG4K,A25SQ33WVST1HV,2,Not a fan of this blend
B006N3IG4K,A3D4W0Z1B4P2Q0,1,WORST COFFEE I'VE EVER HAD!
B006N3IG4K,A2BUR03REASIKQ,1,Hazelnut?!?
B006N3IG4K,A3UROAHZHOIMTR,2,Mediocre
B006N3IG4K,A35OHTADORNP7N,4,"good coffee, good deal"
B006N3IG4K,APYN2VSN3C9PM,1,Simply - It's terrible
B006N3IG4K,A1SZG52GFZYEUX,1,Horrible
B006N3IG4K,A1MJFZ975LIEHE,5,Terrrrific!!
B006N3IG4K,A3SFS8R1T6JJM9,5,Just got the coffee... LOVE IT!!!
B006N3IG4K,A3K0OWGS5G12L4,4,Satisfying!
B006N3IG4K,A194XR1O94JG3T,1,Never got a chance...and still climbing
B006N3IG4K,AD2QRU9ZXBQZ1,2,Bitter w/ overtones of cardboard
B006N3IG4K,AGDLI9B52XZYC,1,The WORST coffee !
B006N3IG4K,A1XF1C7TEHCFTK,3,Wolfgang K-cup
B006N3IG4K,AY2K56GDX6CBD,1,Taste like old socks
B006N3IG4K,A2CR1R7VU63YPT,3,Can't offer much guidance
B006N3IG4K,AMEEXXHSFDS3Z,1,Yuk!  Twangy aftertaste and weak coffee make this one to avoid.
B006N3IG4K,ABQN42N7ICNZQ,4,Not Extra Bold
B006N3IG4K,ATXHMAP3ED09F,1,horrible coffee
B006N3IG4K,A230IB6KZBNHZY,5,Great balance
B006N3IG4K,A31GKRAQW2HT4Z,3,"Disappointed, this is not BOLD coffee"
B006N3IG4K,A1H703P9ALYVM6,4,"Good stuff, but overpriced"
B006N3IG4K,A29BHW9YT2FZ77,3,Average offering from Wolfgang Puck
B006N3IG4K,A29BHW9YT2FZ77,3,Average quality French roast
B006N3IG4K,A15281ZG5VT4GA,5,Great mild cup of coffee
B006N3IG4K,AB0EQA6NXOYZA,4,Well-rounded but weak
B006N3IG4K,A33KM1JMS3TTXS,2,nothing special
B006N3IG4K,AQ88ZVCT54QIP,4,Best Iced K-Cup I've Had!
B006N3IG4K,A3IR834T7AROBT,5,"Pleasant, smooth and flavorful cup of coffee"
B006N3IG4K,AWB6OLPRMCLDM,5,pretty good for decaf
B006N3IG4K,AQQ79QLD9K4OF,5,Wonderfully yummy
B006N3IG4K,AYOMAHLWRQHUG,5,Exquisitely Flavored Medium Coffee
B006N3IG4K,AAFRCVB8XENT1,1,WARNING... this is a strongly FLAVORED coffee
B006N3IG4K,A12DVG1FD6DEQE,5,Dee-lish
B006N3IG4K,A28R88QFHN203B,5,The Best Hazelnut K-Cup!
B006N3IG4K,A1F5ZNMJV28M6X,5,great coffee
B006N3IG4K,A1PMJ9FR4X1CP4,5,Best K-cup Coffee!
B006N3IG4K,AJXVOY9PS5UUP,5,Wolfgang Puck Decaf can't miss!
B006N3IG4K,AHTACNRCJ00CG,5,What a great cup of coffee
B006N3IG4K,A27YKN5IIUEILY,5,Enjoyable flavor!
B006N3IG4K,A36HUF7VGTJZ8M,5,great decaf coffee!
B006N3IG4K,A3CTXFPNJCCUVO,5,My Favorite K-Cup
B006N3IG4K,A31W55J90T8NFF,4,Light Coconut Flavored Coffee.
B006N3IG4K,A2H74FIBDN5NMR,5,Rodeo Drive - delicious coffee
B006N3IG4K,A2NX8LSYRITNZ8,4,Pretty Good Decaf
B006N3IG4K,A2YDF9ZS4D9XLU,3,Not my favorite
B006N3IG4K,A18A5GW4IE1XPU,5,K cup Coffee
B006N3IG4K,A1379FWJ8KNUVG,5,Wolfgang Puck coffee rodeo drive blend medium roast K-cup for keurig
B006N3IG4K,A1SEWF8U8W31VG,5,Jamaica Me Happy!
B006N3IG4K,A3NVNHJ1SJW080,5,Nice mellow cup of coffee!
B006N3IG4K,A2L7M1TT7T843O,5,So good!
B006N3IG4K,A35R32TA60XD57,5,New favorite!
B006N3IG4K,AJS7THAS9CZ59,5,One of the best K-cups
B006N3IG4K,A1KLHGBZC9PHGH,4,Mild and Flavorful
B006N3IG4K,A3VR5ETUZKF3IN,5,Rich Tasting Coffee
B006N3IG4K,AP03SDCDB6RBD,5,A Winner cup of coffee!
B006N3IG4K,A1QH0VOIN1HEKM,3,Wolfgang Puck coffee for Keurig maker
B006N3IG4K,A1Q3VZH3TP8DFN,5,Colombian decaf
B006N3IG4K,A16K66OVVFCCBD,5,Good Stuff
B006N3IG4K,A154WMWOARJHLI,5,Great Coffee
B006N3IG4K,A1CSRU8Z5KIPV6,2,barely any vanilla aroma or flavor
B006N3IG4K,A2NVX117EFIW7Q,3,OK coffee but not the best by far
B006N3IG4K,A1GDFWGKJARI4M,5,Good stuff!
B006N3IG4K,A1SUGP9Q67CP28,4,Wolfgang Puck Coffee - Sumatra Kopi Raya for Keurig
B006N3IG4K,A1QHJCHVHQAP4I,5,Tastes great
B006N3IG4K,A3RQYPFPM58CKP,4,Best caramel K-cup!
B006N3IG4K,A19N301CQ8IWW9,5,Love Love Love This Coffee!!!
B006N3IG4K,A33BX5D4DKN65U,4,one of the better K cups I've tried
B006N3IG4K,A1MHY69POZ8GCK,5,Delicious
B006N3IG4K,A3LZCRW9NU0327,5,Favorite!!!
B006N3IG4K,A39KT4ATF5Q9UB,3,Almost Bitter
B006N3IG4K,A2K04TXWAV3PZ3,5,Breakfast Delight
B006N3IG4K,AQQLWCMRNDFGI,4,Successful experiment!
B006N3IG4K,A3K9YKYVGEENPI,3,Okay but not great
B006N3IG4K,A19P6UUJKZYC6G,3,Tasty but Expensive
B006N3IG4K,A3R7R8ARVN2P3D,4,"Great, but not perfect"
B006N3IG4K,A1XAUZ08A5EXJA,4,Spicy sweetness!
B000HEA94Q,AMIPRQWY4IMC5,1,Horrible packaging
B000HEA94Q,AUZDX389VTJ1X,1,"SORRY, NO GOOD!!!"
B000N648QS,A38QC66S2J40ZA,5,My cats love this stuff..
B000UBDKII,A25EE3X3GQ6M7L,3,Better than most Douwe Egberts blends
B000UBDKII,A1J87LOAYSMHO9,5,We Love It
B000UBDKII,A1OKMWKTNUJ6L2,4,Wonderful aroma - flavor needs to be stronger.
B0001M10OW,A1SO1PGDNVMLXC,5,The best baking powder you can buy.
B000N648QI,A35R32TA60XD57,5,Good product...great price!
B00005V3DC,APASCXWTM041,5,"Good, effective product"
B003ZRZN7K,A2GEZJHBV92EVR,5,I am an adult & I STILL love this.
B001EQ5IPQ,A18IZ3RTL9SD4V,5,Refreshing and amazingly satisfying!
B000V6FTT0,A3MGLZCFNQ64T,3,Pasty noodle mash at the end of serving
B002PO09MS,AUXRFG41XNAI3,5,Easy breezy!
B000NCXRSM,A3ESGWN65QIL17,5,Seasonings
B000NCXRSM,A1Q7A78VSQ5GQ4,5,Superb paprika. Great for the Barbecue.  Do you know the origin of the word Barbecue?
B000NCXRSM,A69D8M35YLTI4,4,Handy container
B000NCXRSM,A3R5EAPPUTDKHL,5,could benefit from anti-cakeing agents
B001LXYA5Q,AHNQ1JNX52P01,4,"Yep, it works!"
B001LXYA5Q,AXCQAX1RVO3SW,5,MAMMA MIA!!!!
B001LXYA5Q,A1IKOG44PHFNYS,4,People are so picky.
B000KFXEYE,A2OOQ59V7YWYL1,1,Disappointed
B000KFXEYE,A2BIJMB2BITQUM,4,Very good hot Cocoa
B000KFXEYE,A2L3A4NG6X7XYD,5,It  has a far eastern taste
B000KFXEYE,A27NTHPTRXB766,5,Best I ever tasted
B000KFXEYE,A17IIS0PQXP257,5,Deserves more than a 5-star review
B000KFXEYE,A3RHPBNP2N9RJB,5,Real Candy Cane Shavings In This!
B000KFXEYE,A3A90CELVLOUP6,4,Not exactly sure how to rate this
B000KFXEYE,A2P0JC3HKUETS3,3,Does not live up to the hype~
B000KFXEYE,A2P0JC3HKUETS3,2,Wanna drink vanilla baby formula? Then this is for you....
B001EQ5CK2,AIBDONB6UWSK2,5,Jeremiah's coffees rule!
B001EQ5CK2,A3FM9FBCAXB57H,3,Stale
B001EQ5CK2,ANGRTZCX57VD7,5,This is the best coffee
B003W07D1E,A1RRF0PYT76Z4G,5,great!!
B003W07D1E,AEOAQGZMVBROX,5,cinn. tst crunch
B003W07D1E,A25C2M3QF9G7OQ,4,"Tasty on its own, but a bit too much sugar"
B003W07D1E,A27CKOACMX8O5F,2,Cinnamon
B0007OVXLO,A6GMEO3VRY51S,5,Slurp
B001EO5RMM,AXJ1QYBUL86ON,5,Great product - mixes easily and value-priced
B000F47E00,A22J92A80WI059,5,Fair price.  Good quality
B001CGTN1I,A1S52XH2CS4Y26,5,Discovery of the Century!
B001CGTN1I,A1ZWM7T7R6MO02,5,#1 superfood
B001CGTN1I,A2E3WMF9RWW2X2,5,Great product.
B001CGTN1I,A1E7G56OX03JKO,1,Rancid!
B001CGTN1I,A34BZM6S9L7QI4,5,Adds a great texture to foods
B001CGTN1I,A2DPYMNI2HCIOI,5,"Lots of benefits, especially for vegetarians/vegans!"
B001CGTN1I,A1EPP56A17R62Q,5,Ch-ch-ch CHIA!
B001CGTN1I,A1YXY2JGDLO8XG,5,Surprisingly good
B001CGTN1I,A2V5R832QCSOMX,5,Healthy food at a good price
B001CGTN1I,A24PGDMY8R6MTF,5,Delicious seeds
B001CGTN1I,A1RXLZY53ZQ6UT,5,I Use Chia Seeds Daily..Love them!
B001CGTN1I,A1Z3XWG2W5GOHP,5,Makes you feel full and a natural thickener
B001CGTN1I,A1XTE3IHX65GTZ,1,"Good quality, too expensive"
B001CGTN1I,A2CB6F0TPMCCL2,4,Cha Cha Cha Chia!~
B001CGTN1I,A2E48EJKZTCAUA,5,They're chia seeds......
B001CGTN1I,A3B3IB8CRSNCG0,5,good carbs
B001CGTN1I,AP6ML3N4E8D55,5,GOT THEM SECOND TIME
B001CGTN1I,A3VKBFC5K2INR4,5,Worth the buy
B001CGTN1I,A1MXA7BT95J28Z,3,Its a seed
B001CGTN1I,A3QJQQZTKFV7BJ,5,"Great price, well packaged"
B000P41A28,A2OOCPLJM7I4VA,1,"Constipation + Sucrose = No, thanks!"
B000P41A28,A2TGDTJ8YCU6PD,5,Love this formula!
B0029K5536,AO09RWV40IX78,5,THE OLD STAND BY !
B0029K5536,A1F5004VYZ3AXH,5,good coffee
B001CGTN1S,A1ZWM7T7R6MO02,5,#1 superfood
B001CGTN1S,A1BIPJK03QKFQA,2,not what is in the bag
B000F4D4HW,ABGH6P1RC1UDS,5,Good miso!
B000F4D4HW,A1FP5ZLSKR07SU,1,Don't Buy -- Dreadful!
B0007ZLRUU,A38KK0SZYEH5UD,5,My favorite beans
B0007ZLRUU,A331TXDQ3NFCHG,1,P.U.
B001HTIES8,A38KP1POQ191WT,1,Garden of Eatin` Red Hot Blues
B001FSISXC,A26N3GLFUNS4NL,4,"...a bit pricey, but SO versatile...!!"
B001FSISXC,A4VMQ6ZTSXSSL,2,Way over priced for the size
B003EML8PM,A1J52MX2YDWSU0,2,Thought it was a good idea
B003EML8PM,A2YV6E02HAZE70,5,Pork rind magic!
B003EML8PM,ARYSDAZNRXN6G,3,"A for freshness, but d*mn are they salty......."
B003EML8PM,A2AEBH3O9EKFV4,5,"Tasty, easy no carb snack."
B003EML8PM,A1OIOH453XQ7K6,5,Love At First Bite....
B003EML8PM,AWAB7PKBO3BBT,5,Snap crackle and pop of pork rinds
B003EML8PM,AJV2QY96IVPVM,4,"Practical and delicious. However, has preservatives!"
B003EML8PM,A23NWDV9UVDRA6,5,Wonderful for that low carb crunch!
B003EML8PM,A26JYIPTHH25VC,3,Not what I was hoping for
B003EML8PM,ADQGF68CXJOTX,5,The Microwave Pork Rinds Are Surpisingly Fantastic
B003EML8PM,A1DUSP1JJA0H7L,4,Way better than pre-cooked kind
B003EML8PM,A33REC3J2JU2EL,5,Amazingly Good!
B003EML8PM,A2PN2CSU2WA49N,5,Great Product
B003EML8PM,A2VJJ2POCLMED7,4,Great snack alternative...particularly good with beer.
B003EML8PM,A1UKMT59NN74J5,4,Yummmm
B003EML8PM,A3TBTAX85OYRKP,1,Yuck
B003EML8PM,A1YY3M98PYO22G,5,Yummy!
B003EML8PM,AGGAQLXPVGM5D,5,Hooh Weee!  Pork Rinds from a Microwave!  Y'all gotta try these!
B003EML8PM,A1UKMT59NN74J5,5,Lowrey's Microwave Pork Rinds Original
B003EML8PM,A2PN2CSU2WA49N,5,Great Porkrinds
B003EML8PM,A6KL17KKN0A5L,5,"So tasty, but has MSG."
B003EML8PM,AFNTQUTDPMR74,4,Not Too Bad
B003EML8PM,A1080SE9X3ECK0,5,VERY GOOD!!
B003EML8PM,AO09RWV40IX78,4,TRICKY TO NUKE....but great for low carb diets!
B000V6FTTU,A2AFTCLYIEQMLV,3,Good for workers w/ ten minute lunch breaks
B000V6FTTU,A22VNXHU6IZ5MT,3,"I have to also agree,3 star chili"
B0001UZTJG,AKMEY1BSHSDG7,5,Awesomely good stuff!
B003LE6PL0,A3GIMXLOEPFJBV,5,Budding flowers arrived on time
B000LKZL76,AYL9YUOBCDG5I,4,Actually surprised that it is this good.
B000LKZL76,A38Q1ROUWYYUGW,5,Detox tea
B000S83R2M,A28RLTVE9YJBPW,5,"""This Tea should get the Nobel Peace Prize"""
B000S83R2M,A305V2I73XDWVI,5,"such a special gem, this one!"
B000S83R2M,A3I4MWNLA68W2I,4,"After at least a year drinking this tea, some thoughts."
B000S83R2M,A356ALXAC5COJ2,4,"Good tea, very gingery"
B000S83R2M,ARFW5OX658FE4,5,Tea
B000S83R2M,AOF7WSV460Q1M,4,it is a good product
B000S83R2M,A19MMYMZO363KM,4,Good tea wish it came in loose tea too.
B000S83R2M,A3S6CGQ66CBDMR,4,good tea
B000S83R2M,A9X4THEY3SCR9,5,Nice Product
B000S83R2M,ATSR8U805B2D1,4,Great herbal tea
B000S83R2M,A1OOXWXA2L2R4U,1,Wrong Product wrong Name
B000S83R2M,AXLEXZ750G5SE,3,Bought at my local supermarket
B000S83R2M,A2RFDK0V0RR7HF,1,The worst 'tea' I have ever tried.
B0016J7SYU,A2VJE7S4RMHDQG,5,excellent breakfast granola and snack
B001P737PC,A3A90CELVLOUP6,5,"Amazon, don't stop selling this!"
B001P737PC,A1W0F3F6EXIAKP,5,They ALL Pop!!!!
B001P737PC,A3UF4K552BJ1VC,4,100 calorie pop corn
B001BM6Q0Y,A3KHKX8PY7I8TW,3,Why so much Sugar!!!!!
B000LKXG8W,A348IT6M7H8A67,4,Over priced but really good.
B000LKXG8W,A3BMXVPSW75SJF,1,Just nasty
B000LKXG8W,A2YCEKVUN1W5F1,5,Unique different great GF alternative to mac & cheese
B000LKXG8W,A2A8E70X0VXJT0,5,"Great, as long as you completely forget about cheese!"
B004FDW4HU,ASJ0MKRFZC47B,4,Minty Chocolatey Pieces
B000PSNJXC,A1YUL9PCJR3JTY,5,"Romantic, Natural, Unique Tea Experience"
B003OB4B2U,ASBLZT964CTIZ,4,"Not quite lime, more lemon grassy..."
B003OB4B2U,A3PD8JD9L4WEII,3,Good noodles but incredibly high sodium content
B001EO6A00,A144LF2QWLG1ZL,5,very clean; organic; cooks evenly
B000G1769G,A31BZEQMPKS5MY,4,A hearty delicious soup
B000G1769G,A3VKBFC5K2INR4,5,Alphabet soup deliciousness
B002DHN956,AJB5P7GVR0MT8,2,Slightly healthier but not worth it
B004GU3YXU,A3RR2P5IS3DGPR,5,Way to go Amazon with this Amazing Price
B004GU3YXU,A27IEA7DADM64W,5,Yummy!
B004GU3YXU,A111NLV0QLBGFW,5,LOve these Seeds
B004GU3YXU,A3EBHHCZO6V2A4,5,Going Nuts!
B001KVNDM0,A3PECZX773ME74,5,Almonds
B001KVNDM0,ALE3LQ8C99YKE,5,they are unsalted
B005DVVAH8,A2MNB77YGJ3CN0,4,Good flavor
B0006L0UBC,A3HPCRD9RX351S,5,Canine Testimonial
B000BQUUTO,A2NAZ6EX7YIA7N,2,Black ants don't even get close to it
B00389Q4XW,A3Q307658TBYCR,2,Didn't like it
B00389Q4XW,A3BLP7LRNCAT2Y,1,"It's ok, but certainly not worth the cost"
B00389Q4XW,A2ZOVHKYDH4UOJ,5,most rich cup yet on keurig
B00389Q4XW,A3PZXFWWLWZLCB,2,"Agree, watered down & overpriced Hot Chocolate"
B00389Q4XW,A3IQ3RFGLD36E7,2,Not much flavor
B00389Q4XW,A3OXHLG6DIBRW8,4,Good Hot Cocoa - Recommended
B000LR4FA8,A32NEDX6UVV8DE,4,Excellent Quality and Value
B000LR4FA8,A10Q5N7CMM9U39,3,"""Malossol""?"
B0029NVMXA,A141UHKVDMS0OS,5,They run me over to get their Cod and Shrimp...
B0029NVMXA,A141UHKVDMS0OS,5,Cats love it!!!
B0029NVMXA,A141UHKVDMS0OS,5,My cats go crazy!
B0029NVMXA,A26JYIPTHH25VC,4,They lovbe it
B0029NVMXA,A2SLZMD0UYRT5X,5,They like em'....they like em'.
B0029NVMXA,A3F3B1JPACN215,4,My cats come running
B003QBCUR6,A1SF0UA6MYHPIY,5,Delicious Starbucks Decaf!
B003QBCUR6,A2F7CSE6KT7NI4,5,Surprisingly Awesome
B001GM969M,A35A5S6H1WROO6,5,A wonderful product.
B001SAOL8S,A1I3BX6UD36G23,5,Love this product
B001E4Q5WI,AOINAOO0NQRGN,5,Top of the line so far as reduced fat peanut butters
B001E4Q5WI,A3RB2ZB2KGRZVE,5,Tasty Reduced-Fat
B0034KP00S,A1GF6NCSM4Y3C9,5,Great Breakfast flavor!
B0034KP00S,AM9LRYG6YXV83,5,"Unique product, well executed"
B0034KP00S,A2RTM25CWIXJFF,5,Great Snack
B0034KP00S,A21CEM7VBB2LKL,5,Absolutely delicious!
B0034KP00S,A2I2WFAB7UKF3F,5,Simply the best!
B0034KP00S,A3HTMUB72A5P79,1,Incorrect information
B0034KP00S,A2R60HW61H86YB,5,Best snack ever!
B0034KP00S,A1TMAVN4CEM8U8,5,My 3rd favorite flavor
B0034KP00S,A7EK88GF8N40F,5,A great little snack
B0034KP00S,AXEQHTFZZ6LB4,5,Incredible!
B0034KP00S,A3D165TX35GR0,5,Healthy and delicious!
B0034KP00S,A2HS6ND7J8IQ0L,2,Not the same as the canned version
B0034KP00S,AZN88CCKEQN0,3,Nice salt on a very dry nut.
B0034KP00S,A2TP8VCDYHH3MT,3,"The taste is crunchy,"
B0034KP00S,A2ILSYQM0CO9SC,2,Too Much Sugar!
B0034KP00S,A3DZ7YTDAI7NUG,5,Always fresh!
B0034KP00S,A3GV9YG4LWSDKN,5,Like Snickerdoodle cookies!
B0034KP00S,A1SQPBEUL9VEDR,4,Delicious and healthy treat!
B0034KP00S,A18W1DLQGPFLXG,1,You are only getting one container!
B0034KP00S,A1XWVBI4ZUM9B8,5,Yummy!
B0034KP00S,A2RNC1NMKN1Y2,5,YUM!!!!
B0034KP00S,A1C22YQP04YPOV,5,Amazing
B0034KP00S,A1FII6B4HLS8XR,5,boy these are some tasty nuts !!
B0034KP00S,A1IKOG44PHFNYS,5,"Should almost be labelled a ""BOLD"" flavor"
B0034KP00S,A3PNBZ677VZHO1,5,Best almonds ever
B0034KP00S,A2VPMHJSA5P7QQ,5,If You Like Almonds and You Like Cinnamon You will like these
B0034KP00S,A34NUFLGSRQYB6,5,Love the new flavor!
B0034KP00S,A118AULZTIXJXL,5,A heathly snack we all love
B0034KP00S,A8QZJUJN7RH1G,5,Best Almonds Hands Down
B0034KP00S,A2NT1F84CD2T4Y,5,Our favorite
B0034KP00S,A18Z7ICRLVHBBP,5,Yummy in my Tummy :)
B0034KP00S,A1TMAVN4CEM8U8,5,My favorite flavor bar none
B0034KP00S,A1TMAVN4CEM8U8,5,"reminds me of the chocolate mint Girl Scout Cookies, but  with less sugar."
B0034KP00S,A18KXN2MQAPKCO,5,great value
B0034KP00S,AUMGVFDBLIC86,5,Awesome
B0034KP00S,A1MV52KBC9HK75,5,Ideal Healthy Snack
B0034KP00S,A2CNEFGEV07ZQ0,5,"Butter Toffee almonds are sooo good, but hi-carb"
B0034KP00S,A36Y4XHEHNGZ7B,5,Satisfies My Sweet Tooth in A Healthy Way!
B0034KP00S,A2DNB8HOGZSHMD,5,luckey
B0034KP00S,A14Y3S3R0KO9J9,5,Delicious snack
B0034KP00S,A2JIMWV9718MY6,5,The best almonds on earth!!!
B0034KP00S,AEUZL4VESZIUR,5,Excellent Low Sugar Sweet Treat
B0034KP00S,A2D1FG0PPEWPCG,5,Healthy option
B0034KP00S,A295A61T7442R8,5,LOVE this product!
B0034KP00S,A2RWEHC6ANT13J,5,Love these nuts!
B0034KP00S,A3U2XO51OADF0G,5,Love at first bite!
B0034KP00S,A3094EPI56GKZ6,5,"Perfect Almonds, Great price !"
B0034KP00S,ALPGZWWZSVRTS,5,Excellent!
B0034KP00S,A1P2XYD265YE21,5,Healthy Snack
B0034KP00S,A3QCNV2EMVXLKC,5,Love these
B0034KP00S,ABK0KJL19GKJ0,1,Too much sugar - big time headache!
B0034KP00S,A2D1FG0PPEWPCG,5,Best Tasting Almonds
B0034KP00S,A361PLXEWB9UC1,5,wow  really
B0034KP00S,A1TMAVN4CEM8U8,5,I prefer the flavored
B0034KP00S,A1SLAL64ORLT41,5,Cinnamon nom nom noms
B0034KP00S,AVJ6EC2TFF4UD,5,delish
B0034KP00S,A21Z0377YERLCH,2,Not a big fan of these
B0034KP00S,A2XNJJ9TF70P4J,1,Tastes like Pistachios
B0034KP00S,A3HXME9ZRYK5P,3,NOT as good as the ones in the tins
B0034KP00S,A38M9ODTWIODV,2,not my favorite
B000EM6PC6,A1YCWZWOXLUAY5,4,It Just Takes Practice
B000EM6PC6,A3M8R4JD1SIS76,5,Boxed Nostalgia
B000EM6PC6,AQLL2R1PPR46X,5,Great tea
B000EM6PC6,A3H7DJ8TDWZTIC,3,tea is a little on weak side
B00012UXEA,A3E4EN8NV92TUE,3,Great gift ideas at Christmas
B004N71J7O,A229475ZV51AMP,5,Great coffee
B001NJI7GQ,AGITSM4KNGD73,5,Ambrosia.
B001NJI7GQ,A1P1DYV98MBXM4,5,Great coconut water in just the right size!
B001NJI7GQ,AK5KVP6NX83XL,4,Good taste
B001NJI7GQ,A2N2UYF083BZW0,4,"a great product, and convenient shipment"
B001NJI7GQ,A22HYNTJXQHP25,5,Best tasting coconut water I have found!
B001NJI7GQ,A30H61RHU6KVWG,5,like it
B001NJI7GQ,A3HYF6WCIP4XXR,5,"Hydrating, Refreshing, Great-Tasting Drink"
B001NJI7GQ,AXYDMSXPFUHC6,5,My favorite flavor!!
B001NJI7GQ,A30YFAW61JAIWC,4,Just as advertised
B001NJI7GQ,A3U5ZDYHUHGVUR,5,Awesome tasting!
B001NJI7GQ,A3NUID8RJCDDR9,3,Um package change from 17oz to 16.9oz??
B001NJI7GQ,AGXQRV98SWUFO,5,vita coco
B001NJI7GQ,A19TRCEMTGT6JC,4,"I was addicted to this stuff for a while, but wore myself out"
B001NJI7GQ,A4C1XW57S6QQQ,5,The answer to all your Cramping problems.
B001NJI7GQ,A3GWT4ZI2O43SH,5,Vita Coco with Pineapple - the BEST yet!
B001NJI7GQ,A1GRJ9J3GF0N5F,5,vita coco
B001NJI7GQ,AXAMPK4P6TWEO,5,Refreshing and Delicious
B001NJI7GQ,A1813F4EJK73HA,5,My Favorite
B001NJI7GQ,A222W9OFZ65R5U,5,Best Flavor- Light but Refreshing
B001NJI7GQ,A3EQ8J31671HG3,5,cold and refreshing
B001NJI7GQ,A2PBF8V7UDJ5CP,2,Not the greatest.
B001NJI7GQ,A2X6V87G249FL4,5,Yummy!
B001NJI7GQ,A6XFUR2QJP5NL,5,"Same Great Taste, just More of it!"
B001NJI7GQ,A8A616OW1Q9M5,5,Best coconut water flavor and size
B001NJI7GQ,A2GL3WLEN1USDG,5,Unusual flavor......
B001NJI7GQ,AK30VLNO1992F,5,My afternoon pick-up
B001NJI7GQ,A18J4E9R9M1YB6,5,thirst quenching
B001NJI7GQ,AR7TAEEUDHMUB,5,Coconut Water with Pineapple...Yummy!
B001NJI7GQ,A291HTT117RVS9,4,"Finally, a coconut water I like"
B001NJI7GQ,A1Z3XWG2W5GOHP,5,delicious!!!
B001NJI7GQ,A3I03Q4PSLQMCE,5,Coconut Water
B001NJI7GQ,AYLIRZL83YRAG,5,Yummy
B001NJI7GQ,A88MWW63NMS18,5,Good for use in smoothies
B001NJI7GQ,A7BIUZ4H7NA0Y,5,Awesome
B001NJI7GQ,A3QWO6TEQPUKZ2,5,Vita Coco Water is Awsome
B001NJI7GQ,A6C6N8DA1ROQI,5,EXCELLENT
B001NJI7GQ,AW70V7K6Y06JY,5,Delicious and Rejuvenating
B001NJI7GQ,A2TPR6CK4KGRP6,5,great taste. nice fruit flavor. serve chilled
B001NJI7GQ,A2YHXAZLCLDT8D,5,Vita coco is best
B001NJI7GQ,A2JBOCCC434IBZ,1,Nutritional content of this brand does not live up to what's on the label.
B001NJI7GQ,A2YJVYHFFYVWHF,1,GROSS
B001NJI7GQ,A3MSHDX7J6G57U,5,So Addicted
B001NJI7GQ,A3D1O13V1QMTVC,1,well ...
B001NJI7GQ,A186TK5S0LAZ7O,2,yuck
B0000VYKXC,AM4UVNWCW9NJE,2,"Well, if this doesn't wake you up, NOTHING will."
B003M8GSWQ,ACYR6O588USK,5,Dogs Love Them
B000OV5NB6,A2NUTNNFF11492,5,Super good
B004INIUQQ,A1Z54EM24Y40LL,5,"Loved by one, hated by the other"
B004INIUQQ,A3I0OTHCHCXEMM,5,Not Treats! Cat Food!
B002TSHYSW,A1KKE6VX8VPWZK,5,Fantastic gourmet chip - this flavor is one of the best.
B002TSHYSW,A2ULCJD3E9FP2M,5,DEEP RIVER POTATO CHIPS
B002TSHYSW,A2GTIFY34FM10D,4,Good Chips
B002TSHYSW,A2TQV5S2MIUJ0R,5,Mesquite BBQ
B002TSHYSW,AGS1GGTC4ZK4V,5,Superior chips - wow!
B002TSHYSW,A2R1HUYHXV7H18,5,Love these!
B002TSHYSW,A3LFBF9975Q7PR,5,Don't have to eat just one.......
B002TSHYSW,AZUUU81LB0NYV,5,"Spicy, Hot Chips!"
B002TSHYSW,A3VBXQKRM7A4JR,3,Keep it simple
B002TSHYSW,AVSR5EDZGC83I,5,yummy
B002TSHYSW,A18IIZOGAQPJIO,5,flavor and crunch!
B002TSHYSW,A173PXWIJT9T0Z,5,Great Flavor
B002TSHYSW,A2W7L2F36SOBFD,4,"Great Tasting, just wish they were thicker cut."
B002TSHYSW,A2LGMFK15OZIA,5,"Great taste, great price."
B002TSHYSW,A220PJBDV3DJG9,5,Great Tasting
B002TSHYSW,A1AZ1NXGGP6LDX,5,Hard to find item
B002TSHYSW,A1XRXZI5KOMVDD,4,Crispy and tart
B002TSHYSW,A7G9M0IE7LABX,5,Exceeded my expectations. One of the best chips I have had
B002TSHYSW,A38J5PRUDESMZF,5,"Awesome Goodness! (deep river kettle chips, swt maui onion [pack of 24])"
B002TSHYSW,A17TPOSAG43GSM,3,"Pretty good, but prefer other jalapeno chips"
B002TSHYSW,A3LWC833HQIG7J,5,"Excellent chips, full of flavor and just the right thickness and doneness"
B002TSHYSW,AJKQOYD9ILG9Y,5,good chips
B002TSHYSW,A2WV4N0X29CIFN,5,Great Chips
B002TSHYSW,A32SQ3PVLO0UGQ,4,Very good taste-twist chips
B002TSHYSW,A1WRBCQDIH209I,5,chips
B002TSHYSW,A2ICY2Y1JNCXAM,5,Great Tasting Potato CHIPS.
B002TSHYSW,ADYHYJQFKM70N,5,Best Jalapeno chips
B002TSHYSW,A28CUV51TCMFVQ,5,just the right size package; great chips
B002TSHYSW,A2KQXXE40J4TKV,4,Flavorful but Salty
B002TSHYSW,AVC789PXME9TG,1,According to the Manufacturer's own website these have no Olive Oil!!!!
B002TSHYSW,A2TFHMXBU9HG3P,1,too much of a good thing
B002TSHYSW,A2JO9MU465LFBE,5,Yum!
B002TSHYSW,A19NP8YYADOOSF,5,"Delicious, great texture, 3 ingredients"
B002TSHYSW,A32T12MJ883R17,5,Good product.
B002TSHYSW,A1KX9LI4I9LU8H,5,Excellent chips!
B002TSHYSW,A3EBSEY42XYMVW,5,Deep River Salt & Vinegar Chips
B002TSHYSW,A23ZGL2ELO5Y0G,2,Yuk
B002TSHYSW,A2Z8VKTJX9RQLI,3,Disappointed
B002TSHYSW,A1DTQYJG91K12I,1,Too many rotten chips!
B002TSHYSW,A3FRWBGL8TSOY7,2,"FLAVOR TOO STRONG, COATING TOO MESSY"
B002TSHYSW,AJ3M8ZLT6W5CC,3,"Crunchy, but a bit on the salty side"
B002TSHYSW,A3RAN1B9KD553H,3,Misleading Allergen Info
B000Y2OP0K,AQ6AGWKWMTY8H,1,Nice and Waxy
B007IK5QZO,A2XKJ1KX6XUHYP,5,Organic...
B00213ERI0,ADZ1E2SYWSG99,5,"These are good.  Very, very good."
B00213ERI0,A3B1ZPY5AF61T1,5,Great Cookies
B00213ERI0,A3FW6TWGY1DC15,5,Just delicious!
B00213ERI0,A3B1ZPY5AF61T1,5,Gluten free and Great tasting
B00213ERI0,ATMNWAOAL3EVQ,5,Excellent Gluten free and Dairy Free OATMEAL!
B00213ERI0,APWK2EKIA0PVN,2,Nothing special.
B00213ERI0,A33AQPJYH7UUXR,4,"nom, nom, nom!!! 4 stars from a  *non*-gluten free mom"
B00213ERI0,A3C113ZNZ02OY,5,Better than Chips-Ahoy and better for you too!
B00213ERI0,AHNQ1JNX52P01,5,O-M-G these cookies are Delicious!
B00213ERI0,A2IAYGGXNMS4J0,5,Just like Snickerdoodles!
B00213ERI0,A1D7SKBDFLSKFX,5,thank you dr lucy!
B00213ERI0,ABFMLM8RX10NO,5,WOW!
B00213ERI0,A3VSMSEGHLS0PU,5,Wonderful!
B00213ERI0,A1UWJYNKKWPLX8,5,Crispy Airy
B00213ERI0,A1UWJYNKKWPLX8,5,Yummy!
B00213ERI0,A1BJ67411QA0WZ,4,crunchy goodness
B00213ERI0,A1XXXYOJ1YYDB0,5,Great crunchy sweet treat
B00213ERI0,ADZ1E2SYWSG99,4,Yummy!
B00213ERI0,A3FW6TWGY1DC15,5,Yum
B00213ERI0,A3C113ZNZ02OY,5,Love the sugar cookies!
B00213ERI0,A3B1ZPY5AF61T1,5,Awesome Cookies
B00213ERI0,A1BJ67411QA0WZ,1,Where's the chocolate?
B001KVPC0G,A2OL5WLCNZVD9K,5,Perfect little guys
B001KVPC0G,A18JI6XEQ6PQ3B,5,Smokehouse Almonds
B001KVPC0G,A1X1CEGHTHMBL1,5,One of my very favorite flavors!
B001KVPC0G,AJCK6OKNWGIYG,5,Love these almonds
B001KVPC0G,A2ALRZ0ENQLYY5,5,Blue Diamond only
B001KVPC0G,A1TMAVN4CEM8U8,5,I prefer the flavored
B001KVPC0G,ALE3LQ8C99YKE,4,i love them after i rub some of the salt off!
B001KVPC0G,AI0BCEWRE04G0,5,Delicious
B0007ZKS00,A1TMNIGFVJ32JL,5,The Only Thing Better Than . . .
B0007ZKS00,A3GTHBGPYBTB1J,5,Straight from Jamaica
B0007ZKS00,A54Q23KJDSWWR,5,Conscientious Seller
B0007ZKS00,AASDC50X3QHYX,5,the.best.coffee.ever
B0007ZKS00,A2ZPKV563FR4NS,5,Jamaican all the way!
B0007ZKS00,AHG1X8SCKAVAU,5,"I don't even like coffee, but I LOVE this!"
B0007ZKS00,A331TXDQ3NFCHG,3,so so
B0007ZKS00,A22OICJE7B2CE0,2,Jablum leaves me nonplused...
B0007ZKS00,A9Q0F94C8NMVZ,3,Nothing to write home about
B0007ZKS00,AMRGQ0SDOOMLQ,3,Nothing special
B0007ZKS00,AJQZGRNYW75B9,1,I did not like it.
B0056CSBO4,A68TFVHPW8QBI,1,Almost no detectable flavor
B0056CSBO4,AYSIJFELJK9H1,1,Quite disappointing
B000E21Z7Q,A3BXCB3LGIE495,4,Good Snack When Dieting
B000E21Z7Q,A9OKYXRTXPGDK,1,Horrible
B000E21Z7Q,A36Y4XHEHNGZ7B,1,Cardboard...
B000N648OA,A1Z4LX3Q1YMF84,5,DELIGHFUL SAYS THE GROUP
B000N648OA,A3S4E73KQGZG7S,5,my cats' favorite food
B0041QD39O,A3TD1O4EC26NT2,4,"Good Coffee, just not the best"
B0041QD39O,AC4Z1ESFAVGNH,2,No better than supermarket coffee
B0041QD39O,A20B2BU1ZPY9AW,4,Smooth  taste
B0041QD39O,AK09TO4RIP6IR,5,Should not be missed!
B0041QD39O,A31NQQQ4IVF0Y4,2,Huh?
B0041QD39O,A2T68P9I05KBFT,5,Rudy from LA
B000N62EKK,A38O3HBCYKNZ2N,5,BEST treats...
B003HI2ZFU,A2NP8RNW9T5BQF,1,Fake Colored Crystals!
B003HI2ZFU,AYGJ96W5KQMUJ,2,The product itself is great - but not packaged this way
B001KPK4XM,A38RWVWOQPYJSA,4,Mmm... Banana!
B001KPK4XM,A29P51TN9KKMU9,5,Do you Remember Circus Peanuts??
B004I5H8C6,A281NPSIMI1C2R,5,Delicious
B0002NVKWW,A2GFF34UP8WJ3N,5,Knock your socks off
B0002NVKWW,A1J5EOKMQ2M09G,5,Wonderful mushrooms
B0002NVKWW,A1HZO3M6GDDVUT,5,Phenomenal service and products
B0002NVKWW,A25JTZOSG9PEZO,5,"Great value, great flavor"
B0002NVKWW,A15XSWG3ZX9SHS,5,Great Mushrooms!
B0002NVKWW,A3PXLGQX69ZOCG,1,Not Italian or French
B0002NVKWW,A253B44S7G7LGZ,4,Boletus edulis
B0002NVKWW,A1LA7PE4YKQAPH,5,Porcini Mushrooms - Grade Super Premium AA 4oz
B0002NVKWW,A1VDR5M6GJ1A2K,2,"okay, tasted better."
B0002NVKWW,A2SCIOHSEBWSGW,2,Expensive Mushrooms?  Ehhh....
B0043CA9RA,A16KA3R9IBUO1I,5,Everyone in the office likes it!
B0040PYN86,A35T8A43KFWD00,4,Good fruit
B0040PYN86,AYBCQ12Z5ZPQG,5,"Refreshing, Delicious!!!!!"
B0040PYN86,A2SS44O400KIZ7,5,Libby's Aprocot Halves in Pear juice
B0002NVKWC,A2GFF34UP8WJ3N,5,Knock your socks off
B0002NVKWC,A1J5EOKMQ2M09G,5,Wonderful mushrooms
B0002NVKWC,A1HZO3M6GDDVUT,5,Phenomenal service and products
B0002NVKWC,A25JTZOSG9PEZO,5,"Great value, great flavor"
B0002NVKWC,A15XSWG3ZX9SHS,5,Great Mushrooms!
B0002NVKWC,A3PXLGQX69ZOCG,1,Not Italian or French
B0002NVKWC,A253B44S7G7LGZ,4,Boletus edulis
B0002NVKWC,A1LA7PE4YKQAPH,5,Porcini Mushrooms - Grade Super Premium AA 4oz
B0002NVKWC,A1VDR5M6GJ1A2K,2,"okay, tasted better."
B0002NVKWC,A2SCIOHSEBWSGW,2,Expensive Mushrooms?  Ehhh....
B0001JXE6M,A14738H3YYX7ZC,5,Excellent
B001EQ4G54,A21B8AV7E3MPXE,5,Awesome!
B001EQ4G54,AC57A1QMUXK10,5,Easy Taco Night
B001EQ4G54,A30SLY6N6WKV5W,4,these are great and convenient.
B005C3IVN8,A36GEDLB5A5MJ,5,"Good, strong, Wisconsin maple syrup"
B005C3IVN8,A2W9B725TZBXOX,5,Me oh My oh
B005C3IVN8,A2NK4A664Q1U7C,4,This is a good syrup but...
B005C3IVN8,AZRI5QQD2M4ZK,5,Excellent syrup
B005C3IVN8,AF5AJ5V9T6LTS,5,Lots of flavor.
B005C3IVN8,A21C5CR95LT0ZY,5,Pure Sugary Heaven
B005C3IVN8,A13MKSASQ6YWL7,5,Yum!
B004BW45Q8,ACZA62F9MWNCS,5,Unique buttery flavor with less salt.
B004BW45Q8,AI0BCEWRE04G0,4,It's a matter of taste
B004BW45Q8,A1D2ZYEXKQQ8FU,5,"Please keep in stock, best olives on the planet"
B001EQ5D6U,AJQDIT55SZ3ZX,5,I bought 12 boxes~what does that tell you?
B001EQ5D6U,A1K7AQQFLE1E1O,4,Really Tasty
B001EQ5D6U,A3PM9DMVYG9HDK,4,A little too sweet but still delicious and great for GI health.
B001EQ5D6U,A3NF5J6DYJ5SRL,5,My 3 year old loves it!
B001EQ5D6U,A3MGLZCFNQ64T,3,don't have much fiber
B001EQ5D6U,A3HON67T38XCB5,5,FIBER ONE
B001EQ5D6U,A3N94EX7EQNWWN,3,Pure health!
B001EQ5D6U,A25PM9JGHPU8EI,5,"Wow, it's like eating ""Cinnamon Toast Crunch"" - but good for you!"
B005HB4HGU,A1DJ9FOEOA0WF1,5,For more than salting foods.
B005HB4HGU,A85V7EAHDOMA4,4,Fluoride Content An Issue?
B005HB4HGU,AC9JAT85740ME,5,"super fast shipping, free samples"
B005HB4HGU,A2NAMA6YGQGPSM,5,Excellent!
B005HB4HGU,A3EL8P50JQ5OIF,5,What I have been looking for....
B005HB4HGU,A2YV6E02HAZE70,5,Awesome!
B005HB4HGU,A24PGDMY8R6MTF,4,Good salt
B001EQ59GE,A1H6SBO7R007I8,5,Dont let the name fool you...
B0051IWQ26,A1DAFWS98LQD2R,5,1 Of The Best.
B001VJ3JI4,A25H70DCDW7ZV1,1,my cats wouldn't eat it...
B001EQ4JS8,A1PAGHECG401K1,5,Delicious breakfast tea
B0005YX2QA,A2NOZB6VZCTOI4,5,"181 Years Old, And Still The Best!"
B0005YX2QA,A1IL6W1NK05UW9,5,My Favorite Steak Sauce
B0026WL14E,AT0C5Z0NL2F73,5,OBoy Oberto's are the best
B0026WL14E,AT0C5Z0NL2F73,5,Great Product
B0026WL14E,A30ARMF3JEKEJY,1,Tastes a lot like dog food
B0026WL14E,A235TMR3611LLC,1,horrible
B0026WL14E,A235TMR3611LLC,1,disappointed
B0026WL14E,A2RNYW2HIQBGSM,1,Worst meat snack I ever tried
B0019IPKFC,A35CVV9CN2F3Z2,5,Dog Treats
B0019IPKFC,A2CH7O9KNQK8EP,5,Best buddy bones
B0019IPKFC,A3DVM439VGR036,4,peanut butter flavor treats
B0019IPKFC,ATX6XZZXMX5JY,5,Doggie Love
B0019IPKFC,AYQ8RLE0K6RU8,4,3 out of 4 Paws
B0032RPLSY,ACZA62F9MWNCS,5,Simply delicious flavor!
B0032RPLSY,A3IU2PQXCUZPTA,5,Good stuff
B0032RPLSY,A27IEA7DADM64W,5,One of the best Ghees made
B0032RPLSY,A1I3BX6UD36G23,5,Fantastic butter
B003AAND88,A22RY8N8CNDF3A,5,All Around Great -
B002UVO1BG,A26KIN6LSNH840,3,Doesn't taste bad... but does not impress
B000O3HWN6,A36MP37DITBU6F,2,Can cause Cancer !!! Why this  can not be ship to California !
B00153SSZU,AZ357WNYVF7GO,5,This is the one !
B003WP05BY,AEGO6A1AFDTAV,5,Addicting gum!
B003WP05BY,A1QUIHLOSKDY7R,5,WIFE WENT LUNAR!
B001682OOA,A25SDO4GF66FQ1,5,King Syrup
B004DOXI2Q,A2MGH3MBXMKD96,2,Not like in the store
B002KNY7RC,A1DAD99DWXJHUN,4,"Very good plant,"
B0012KB4WU,A1Z54EM24Y40LL,4,Best of the florentines
B0012KB4WU,A2Q2GDB5XDYQV5,2,Concerned about Mercury content
B004P4TL8E,AEL50OB2KIEW4,3,Attractive but drawer sticks
B004P4TL8E,A3C6A40RHKRZBV,3,"Ok solution, depending on your kitchen set up"
B004P4TL8E,A8KJS2P6E5DCB,3,Was expecting better quality for the price but love the storage!
B004P4TL8E,A1J65EXRZ14U0U,5,glad I got this
B004P4TL8E,A1NPFM9604UR9L,5,Tried others and this is the best
B004P4TL8E,A1IH42TUIZ2XJL,5,K-cup storage & Stand for Coffee Brewer
B004P4TL8E,A3N1XZUZOTIOT8,5,SO handy!
B004P4TL8E,A2VBTN6ZR67YOF,5,"Simple, low profile - we like it!"
B000SSXTAM,A13BBPU9UBQXDR,5,Probably my most used luster dust!
B000SSXTAM,A13BBPU9UBQXDR,4,So versatile! Must have for cake decorators
B000SSXTAM,A13BBPU9UBQXDR,4,Great for cake decorating
B001CD1VI4,A1KEK09ZA6J9P8,5,Limited edition flavor that deserves a try.....
B001CD1VI4,AY50S2HZHQO2Q,3,Not my favorite
B001CD1VI4,APASCXWTM041,5,Trail food extraordinaire
B001CD1VI4,A11VK79G41FSU6,5,These are awesome
B001CD1VI4,A3I4PCBRENJNG2,4,glad I found these!
B001CD1VI4,AY1EF0GOH80EK,5,WOW!  This tastes great and have lost weight!
B001CD1VI4,A2A8KWCE8RKB9T,5,Home Run Cookie
B001CD1VI4,A3PD8JD9L4WEII,5,Delicious and satisfying. My favorite flavor in their line.
B001CD1VI4,A3BH49ZKESHDID,5,Good quick meal
B001CD1VI4,A34BZM6S9L7QI4,5,OUTSTANDING and filling!
B001CD1VI4,A2MUGFV2TDQ47K,5,Morning Glory = Yummy :)
B001CD1VI4,A2JQ1PEOZK8L9Q,4,Good Taste! High Calorie?
B001CD1VI4,A1XGFW5016CGQI,5,FIRST TIME BUY AND WE LOVE THEM!
B001CD1VI4,A2NAMA6YGQGPSM,5,Excellent cookies.
B001CD1VI4,A2M4TSFND0HXIG,4,Freeze Immediately
B001CD1VI4,A186TK5S0LAZ7O,4,A great combo of flavors
B001CD1VI4,A1AF48ABEIIDOX,5,BREAKFAST ON THE GO
B001CD1VI4,AJB5P7GVR0MT8,3,Even the $3.88 I spent on these was a mistake
B001CD1VI4,A1RRMZKOMZ2M7J,2,Bought based on reviews ... no more
B001CD1VI4,A2HKU4SOT0CWG9,2,Not so good!
B001VIWUTE,A3DJRNEMOM1XF,5,I love Kopali Products!!!
B000ETGBOQ,A1LJR5IS0B6ADX,5,You Can't Eat Just One Package
B000ETGBOQ,A21THKVZYP10WG,5,"""D""licious"
B000ETGBOQ,A2X03R55ZW9QE,5,The only crackers
B0000T15M8,A1L43KWWR05PCS,4,AN OLD-FASHIONED CANDY...
B004YMQ4KU,A5BIFSZ7SA03,5,Oodles of Noodles!!
B003OP729U,A35CVV9CN2F3Z2,1,Unhappy in Virginia
B0004M0GJ4,A3BH49ZKESHDID,5,Good diet cereal
B002L82VN8,A1NASHF2NH7WV9,1,way too salty
B003H7YHUW,A3CJGCQI6RKRNJ,5,Good sardines!  But Ignorant Reviewers!
B003H7YHUW,A2YXF8J8PT41ST,5,I'm an official lover of Sardines
B003H7YHUW,A2EAZBTT1B922F,5,Best tasting sardines
B003H7YHUW,AY12DBB0U420B,5,Excellent Sardines.
B0027Z8V4S,A2I6FFCUE6KID9,5,"Finally, a decaf I can enjoy after trying almost all of them."
B001EQ4LEA,A2PNOU7NXB1JE4,4,Great base!
B001EQ4LEA,A1ENZK86F1VE8P,5,Love this stuff!
B001EQ4LEA,A437V8QIIXBZJ,2,A bit weak in flavor
B00141UC9I,A3QZ6JT0R1OWEC,1,Made in China treats still KILLING dogs - ABC NEWS 2012!
B00141UC9I,A1IL6W1NK05UW9,4,A Treat My Dog Loves
B00141UC9I,A11OTLEDSW8ZXD,4,Three out of Three Dogs plus one Cat love these
B00141UC9I,A3HJHV83O2U8BL,5,Duck is very good for dogs that are prone to skin conditions
B00141UC9I,A2XKRR4W9OH4UV,5,wonderful natural product for older dogs
B00141UC9I,A312SLTW5MTAY,5,Great price for a favorite treat.
B00141UC9I,AQ5DOLCW77FEE,5,These treats are dog favorites
B00141UC9I,AZ4IFJ01WKBTB,5,our dog loves em
B00141UC9I,AXUVMVEU7WXWO,5,Dog's choice
B00141UC9I,A3094EPI56GKZ6,5,"Dogs love these, and great vitamin addins"
B00141UC9I,A3094EPI56GKZ6,5,Dogs love this
B00141UC9I,A2Y8IDC1FKGNJC,5,The three dogs loved these
B00141UC9I,AXUVMVEU7WXWO,5,Ten Stars
B00141UC9I,AG3TDPB8GFE4L,5,Great!!
B00141UC9I,ANY74IVWZPZ3,1,Made in China! My dog got very sick...
B00141UC9I,A1MOS3J4MXX1U4,1,Drat!
B00141UC9I,A2H2LJCQ5DJ5K3,5,Shelter Dogs Love These!
B00141UC9I,A3IUW081KXD3PE,5,Dog went Crazy - Neighbor Dog Wants to Move In - These are Disgusting!!!!
B00141UC9I,A2H2LJCQ5DJ5K3,5,Great snacks!
B00141UC9I,A2QQ92LFVVHUJZ,1,Beware - Made in China
B00141UC9I,A2XKRR4W9OH4UV,5,great for older dogs and she loves the taste
B00141UC9I,A2MF0C4E7GYCI,5,My dog loves these
B0009XQSAY,A383XURHVF8ON6,5,"A good, quick source of protein"
B0009XQSAY,AKMEY1BSHSDG7,5,"If you have this in the pantry, you've got a quick meal."
B0009XQSAY,A2II09GQGWOMTQ,5,I'm impressed.
B0009XQSAY,AXJ1QYBUL86ON,5,Great product to have in your cupboard and a good price
B0009XQSAY,A2MNB77YGJ3CN0,5,Great shelf staple ...
B002RBTX80,AE2FJJ3UM4VS7,5,Sinfully delicious!
B000LKX1F0,A2TFHMXBU9HG3P,5,simply peas
B000LKX1F0,A2WQ4FT0CMDSUI,4,Tasty
B001EPQVDA,A1RXLZY53ZQ6UT,4,Plantars is always great!
B003O7AD9Y,AY1EF0GOH80EK,5,Best Graham Cracker I've Ever Tasted
B003O7AD9Y,A1XRXZI5KOMVDD,4,tasty but too pricey
B0028A8ZEI,A3FINMLII6FWSI,5,"WOW, I didn't know peanuts could be this good!!!"
B0028A8ZEI,A1JTQCIL88W9JV,4,"Nice nuts, good size for portion control, salted just right for me"
B0028A8ZEI,A3PH51ANO0DAEC,3,Change in size of product
B000F5429A,A1JTQCIL88W9JV,3,"Tasty, but for those sensitive to sugar alcohols, beware!"
B000F5429A,AQM2GZ90GZN8V,5,Taste Like the Original
B000F5429A,AY12DBB0U420B,3,"Low in Calories. Weak Caramel Taste, Sorta."
B000DZH1A4,A3HJHV83O2U8BL,2,A safety concern
B002LO5SFA,ASVF01XIOPZAH,5,Essential spice for everyday cooking
B000FBM3YK,A2PF32UUERJXB8,5,DEEEEEE-FREAKING-LICIOUS!
B000FBM3YK,A1SB8CXAUIKT8X,5,Light and Tasty!
B000FBM3YK,A1SB8CXAUIKT8X,5,Very Good!
B000FBM3YK,ALSAOZ1V546VT,5,Top Drawer Treat
B000FBM3YK,A2CZ4OA313WSKS,5,I love butter cookies.
B000FBM3YK,A1CVN6FWUCZOMD,5,unusual chocolate treat
B000FBM3YK,AXO4PQU0XG3TG,5,excellent superlight substitutes for palmiers
B000FBM3YK,A28WBCAWHZXTR9,5,Memories of Germany
B000FBM3YK,A13K3ZLWAWN1EI,5,The perfect cookie
B000FBM3YK,A2EWE0GMBBUVMJ,5,Oh my !
B000FBM3YK,A2EWE0GMBBUVMJ,5,addictive biscuits
B000FBM3YK,A2OWR2PL3DLWS4,5,YUM- like a perfect Rice Crispy
B000FBM3YK,A2OWR2PL3DLWS4,5,Great- and good Sell By date
B000FBM3YK,A2OWR2PL3DLWS4,5,So delicious
B000FBM3YK,A13K3ZLWAWN1EI,5,Good with coffee
B000FBM3YK,ALSAOZ1V546VT,5,"Rich, but delicate,  hazelnut (filbert) cookies that everyone likes !"
B000FBM3YK,A2PF32UUERJXB8,5,"Oh, so very very very VERY good"
B000FBM3YK,A2IYLMDQGBB4VG,2,broken cookies
B000FBM3YK,A1PB97BLMR9X2S,5,"Light, Flaky & Tasty GOOD Cookie!!"
B000FBM3YK,A1SB8CXAUIKT8X,2,Rather Bland
B000FBM3YK,A1FEP94TP15RG0,1,Hazelnut (Filberts) in a fragile crescent shaped tea cookie.
B000FBM3YK,A1FEP94TP15RG0,1,"These ""Butter Leaves"" are addictively wonderful!"
B001EO5UW4,A2DHG1HP5MCGMI,4,A very fruity prune!!!
B0015G6QVK,A1SUC50YNG730H,2,Some of the bisquits were hollow-not solid as they should be
B0018LHYCM,A2F9I7CI9GWANO,5,Surprisingly Good--Unbelievable On Barbecue
B0018LHYCM,A12ET4S0G6EQGN,2,First Ingredient on the list is SALT
B000IKAL3S,AKD1SD4I503SH,5,My favorite Jelly Belly flavor
B000IKAL3S,A3IE8OGKQ0OCTE,5,A Surprising Blend of Bean and Apple
B000GUTMGW,ATMNWAOAL3EVQ,5,BEST muffins
B002VVMAIQ,A1H6SBO7R007I8,4,read the measurements
B001AHJMWO,AJLIPG8K8O294,2,"Hot ""Chocolate""?"
B001AHJMWO,A627EC0QXW6H5,5,Perfectly Fancy!!!
B001AHJMWO,A2CHR6AOFR5XJ3,2,pretty color
B001AHJMWO,ANTWFMQSZLEJF,3,Dents in 2 of the tins when arrived
B001AHJMWO,ANTWFMQSZLEJF,3,Not impressed!
B001AHJMWO,A3EAP7BME0J8OW,1,Luck O' the Irish Hot Chocolate Mix
B008EG59KS,A2A8KWCE8RKB9T,5,Tastes Great!
B008EG59KS,A1T1YSCDW0PD25,4,Great taste but some unfortunate ingredients
B008EG59KS,A3HON67T38XCB5,5,LIFE
B008EG59KS,A276999Y6VRSCQ,5,Taste Great
B008EG59KS,A1RUS8VOWCIC28,2,"Use too many chemicals (colors, preservatives) - not healthy"
B001O2DE1U,A36MP37DITBU6F,5,For all ages! Got these for grandbabies & I plus my 8 & 11yr old  LOVE THESE  ORGANIC BANANA  FLAVORED CRIPSY PUFFS
B001O2DE1U,API5JLBRT6FIN,3,Not too great
B001O2DE1U,A2PE6DI2IILKEM,4,Great snack
B004P6ISP4,A2YB7DLC3FOR7W,4,Good Hardcore Licorice!
B000GG0BPW,A1JNCUQ9EGC0HV,5,French Vanilla decaf
B000GG0BPW,A3G0JVFI5ZCYOW,5,Great Decaf Vanilla Tea
B000EW0XFQ,A25JROTU0YWU4O,5,I like them
B000EW0XFQ,AHQHLC9PVQC1B,4,Good O shaped cereal for kids
B009KP6HBM,A20NB4UBW4WDKG,4,Coffe shop quality capuccino at home
B009KP6HBM,A3D9NUCR4RXDPY,4,"Very,Very Good"
B0018Z5V7I,AVJJ2D4G5I0Z4,5,"Great for ""catkins"" diet"
B00076TQ1Q,A4GHPW9AAH1NY,2,Very fine granules - nothing distinctive
B00076TQ1Q,A1BV6CS28MAWAR,5,pretty blue sugar
B00076TQ1Q,A2AJIVQ3EKM4V8,5,A Touch of Elegance
B00076TQ1Q,A2DYRRR7YVD61Z,5,For the Kitchen Artist
B000N648JA,A2PMBIUGSQB22N,1,My dogs won't eat it
B001NVY5II,A2PCDFY0GFI82V,5,Fazer Mint Candies
B00076TQ1G,A4GHPW9AAH1NY,2,Very fine granules - nothing distinctive
B00076TQ1G,A1BV6CS28MAWAR,5,pretty blue sugar
B00076TQ1G,A2AJIVQ3EKM4V8,5,A Touch of Elegance
B00076TQ1G,A2DYRRR7YVD61Z,5,For the Kitchen Artist
B000FKL0EU,A2QPWFY4IGQG9B,1,What happened? Blech!
B000FKL0EU,A1WOMXOEX90ARI,5,We Love Altoids!!!
B000FKL0EU,A20EEWWSFMZ1PN,5,Wintergreen is my favorite flavor
B002FYXEDE,A31D5HQ8EQZ293,5,Amazing
B002FYXEDE,A3NAN0AHTY46M5,5,Best bone for bigger dogs!
B001EO6FTQ,A3FGVNVERPQUAU,5,Great food for allergies in dogs!
B0055TCURC,A3T0OTH5072YRE,3,Larabar Peanut Butter & Jelly
B000N648JU,A28MKDFKWNO2IM,1,"Looks like vomit in a bowl, and my dogs HATE it!"
B000N648JU,AWJXWD0EMKIUV,5,Two Dew Claws Up
B000N648JU,A1LPIWKM3RHPJI,4,My dog love this!
B001ELLB4S,A3VKBFC5K2INR4,5,awesome
B002UL1K6K,A33PLZ7SD5MCG0,5,Simple enough for kids to even do on their own
B00025644O,A2EAZBTT1B922F,5,Crescendo of your anchovian experience
B000QSN2M4,AH6BI8F3EE6K1,5,Can't buy this locally.  My dog loves it.
B0001VWGJ6,A1WBEIH7Z37LN9,2,"Too spicy ""flavor"", too fine grind"
B001RN1O0E,A29313797NGT9L,3,Okey do kee
B000YV7WBU,A1LZJZIHUPLDV4,5,Vegan Natural Raw Kosher Choice
B000YV7WBU,A383XURHVF8ON6,5,Best price on macadamia nuts for baking
B000YV7WBU,A132ETQPMHQ585,3,Not as good as others that I've brought!~
B000YV7WBU,A2CZ4OA313WSKS,5,Beyond delicious!!
B001EQ5LT4,AO0HPTFIKQE9B,5,best peanuts I've ever had
B004U7QZ4Y,A3N7IG2EQPMLXL,5,great taste
B0036FOV2O,AY12DBB0U420B,5,Wonderful Aroma.
B004WMB132,A2TN9C5E4A0I3F,4,Excellent just pricey
B007HP9T5S,AAH6764FP1GOZ,4,A Good Fruity Matcha
B007HP9T5S,A3OGYXV9S7MJHM,3,Leggo my Mango!
B001SAQDYS,A3T5S5CEEBMVTT,2,Not sure why all the hype
B004H0ZCI4,A1Q7A78VSQ5GQ4,5,Highest quality Marzipan. Read on for the story here.
B000ET93N2,A3BIAXCA7ILMUH,2,SESMARK RICE CRACKERS
B000ET93N2,A16J5HGMGX5LWM,4,Almost perfect crackers
B000ET93N2,A2X03R55ZW9QE,5,The best kind of crackers on earth
B00438MLHK,A16PI051YKM276,5,Delicious!
B00438MLHK,A1K82R24ROO2I7,4,Not bad...extra scaly this time...
B002SW9J8W,A19G8B2QYETD7W,1,Great if you like your chocolate with a side of body lotion
B001VNEA9M,A3B6TOEXSQVO24,5,SPICE HEAVEN  ANISE SEED
B000EVT04C,A2BLJGGWN8GTXQ,5,My favorite Haribo candy!
B001VP88K2,A1RN9FGWEUHDPS,1,Splintered in the first hour
B0011XKHY4,A5Y70Y025O34P,5,Warning: Addictive
B0011XKHY4,A32NEDX6UVV8DE,5,Great tasting European cookies
B0045TDE46,ACAIEIV03NBHY,3,"Tasty, but instructions are way off"
B002GWHAXK,A34BRSDS9MJXTZ,5,Passed with a coffee snob
B002TMV34E,A2OKRGHIYTBQ6P,4,Mystery Coffee Tastes Pretty Good
B002TMV34E,A58F10T4OE58C,1,Inexpensive coffee lacking in flavor
B002TMV34E,A1Y5ERIKQBEMSP,5,Excellent Coffee
B002TMV34E,A8KWNRQPZLAXC,1,Don't expect much
B002TMV34E,A3VYKXHQDICC6,4,Good.
B002TMV34E,A1JAPP1CXRG57A,5,Bold Taste Without Bitterness
B002TMV34E,AOODNGLAEDN76,4,Nice Cup O' Joe
B002TMV34E,A6B92PTV0Z1SU,5,Bold + Smooth - Acid = A Winner
B002TMV34E,A37D5847LN3WQ,3,Decent but wouldn't buy again except for a special occasion
B002TMV34E,A4SD8F79JBYG2,4,surprisingly good!
B002TMV34E,A7EU2BWLLCJY2,5,Great for cold brew coffee!
B002TMV34E,A3QVAKVRAH657N,5,"SMOOTH, FOR BETTER AND WORSE"
B002TMV34E,A3AUL23GMCOP2A,3,Unobjectionable mid-range blend
B002TMV34E,A3EUSH8DPW75LR,5,A quality supreme coffee
B002TMV34E,AHN86VFJIJ2JP,3,"Passable, but not outstanding"
B002TMV34E,A3U5JCXIXTGSLN,3,Pretty Good Cup of Coffee
B002TMV34E,APP5MBH2BSX6I,5,Better than Folger's French Roast--high praise indeed!
B002TMV34E,A87RT63V7SMD3,5,Great bold and yet mild coffee...
B002TMV34E,A2AOW20EGSCAY2,3,Melitta Cafe
B002TMV34E,ALRCAGJOJ9583,4,Excellent coffee for the price
B002TMV34E,A20NB4UBW4WDKG,5,"Complex, European, flavorful coffee"
B002TMV34E,A2VIUUWR7B11KS,4,"Decent, but not great."
B002TMV34E,A3UKWQS8SRW6IO,4,Pretty good coffee
B002TMV34E,A33X80DIINN48Y,3,Supreme? Nothing stood out to me
B002TMV34E,A1NGFGBX2VCQS8,3,"Melitta, an also ran Coffee"
B002TMV34E,A1WBEIH7Z37LN9,4,A good premium coffee
B002TMV34E,A3FD3BHIUYIFPD,4,rich and flavorful
B002TMV34E,A14L2638XC00EZ,5,Wonderfully smooth
B002TMV34E,ABNMD6670TV53,3,"OK, but not great"
B002TMV34E,ASJ0MKRFZC47B,5,Robust Yet Mild
B002TMV34E,A1C139F5C7Y38P,4,Office tested...cubicle approved!
B002TMV34E,AJD41FBJD9010,5,very good coffee
B002TMV34E,A3JH18T58CY65P,5,Sighhhhh!
B002TMV34E,A3NOBH42C7UI5M,3,decent rich flavored coffee
B002TMV34E,A1QK0XCAPHIW1L,5,"Hey buddy, can you spare a dime for a cuppa coffee?"
B002TMV34E,ACWVXZ8VKJ19V,4,Robust Flavor and Chocolate Undertones
B002TMV34E,A2XA8CW5DF4MNZ,5,One of the best!
B002TMV34E,A1FHWJ7EFO3E3U,4,"Tea lover, but . . ."
B002TMV34E,A14ENWEKTHCBXR,5,Good Cup of Joe!
B002TMV34E,A3SZXYX9YEDGT6,3,Blandly Does the Job
B002TMV34E,A1BK60GZ4QME6I,5,Superior to my usual coffee
B002TMV34E,A1PW5SQLR0Z6IH,5,Just plain good
B002TMV34E,AFJFXN42RZ3G2,4,The aroma and taste is enough
B002TMV34E,AVU1ILDDYW301,5,Rich. . . Smooth. . . Delicious!
B002TMV34E,A1B70ZEWQ6UH1A,4,middle range European coffee
B002TMV34E,A11FFLD0GV82CQ,3,"Rich aroma, slightly better than average taste"
B002TMV34E,A1J75JJ0Q2OEJN,3,It's pretty good.
B002TMV34E,A212MDP6K4VJS5,4,Average Medium-Dark Roast Coffee
B002TMV34E,A2XNOB1T796Y6B,3,"Tastes nice, but I've had better..."
B002TMV34E,A1MZOXELEBGS47,4,Strong and Good
B002TMV34E,A235UFZGCFN3J5,4,A very good medium roast blend
B002TMV34E,A3OO4WIO4SKD55,3,taste doesn't live up to my expectations 2.5 stars
B002TMV34E,A3OIC7GUFY941R,1,Yuck!
B0038RLIYO,AD2M8ASWO7M36,5,pleasure without calories
B0038RLIYO,A1TMAVN4CEM8U8,2,I can't recommend this.
B003ZXFX2E,A2WS6FMF750EI9,2,Flatbread Crackers - Finesse = Flat Crackers
B004OLKF60,A18R5409KMKG1B,4,Strong and Smoky
B004OLKF60,AMRNVZKWF6519,5,"Yes, finally!"
B004OLKF60,A1B6O7SAIYG2N0,5,i really like it
B004OLKF60,A2SZLNSI5KOQJT,5,"Bold But Not Rocket Fuel Bold.  Nice, Smooth Flavor."
B004OLKF60,AYOMAHLWRQHUG,4,Definitely My New Favorite
B004OLKF60,A311QDUHEORR5P,5,Barista Prima Italian Roast
B004OLKF60,A18K14K26PMZTF,4,"Great coffee, slow shipping"
B004OLKF60,A2TIGI9VK33WPQ,5,Better than my other favorite..Starbucks
B004OLKF60,A33JTFRM6S378Q,5,Rich and Delicious
B004OLKF60,A18R5409KMKG1B,2,Not very good.
B004OLKF60,A2SZLNSI5KOQJT,3,"Advertised as Medium-Bold, but more Medium than Bold.  Slightly Bitter, but Not Harsh."
B004OLKF60,A33WX0DNKQ39NW,3,3- Out of 5
B004OLKF60,A33WX0DNKQ39NW,4,3+ Out of 5
B004OLKF60,A2SZLNSI5KOQJT,2,"Medium to Bold, but Not Real Bold.  Bitter with a Distinct Aftertaste."
B004OLKF60,A3NVNHJ1SJW080,1,Bitter and acidic!
B005ZZN34U,A2OLLSGJNOCP9A,5,Great Starbucks Coffee
B00474HER2,A2489OMLMRVLFJ,5,Love Organic!
B003H26J5I,A1J020XG7TABPG,5,a diet saver
B003H26J5I,A3VFIWVZ2P2SC6,5,You Must Buy These-just like Angel Hair Pasta!
B003H26J5I,AXJ1QYBUL86ON,4,"Good for Asian-style food, but pricey per serving"
B003H26J5I,A3L5PEHPMY8T4A,5,At first I hated them
B003H26J5I,A23QCWKO0IXK8G,3,Tofu Shirataki noodles angel hair
B004BCV53O,A2NV6EVUDPV0OP,5,If you have a cat that likes to vomit on your carpet or your down comforter
B004286RC6,A1V8JNUT1SOJEQ,5,Great!
B004286RC6,A1ODKP5Y7DPMM1,5,A BIG YUMMMM TO AMAZON FOR SELLING SEES
B004286RC6,APBYHGRZBYJCW,5,Worth it
B004286RC6,A2NRNO4MDXRR3N,5,Best Chocolate
B004286RC6,A3IY09W95H8TWJ,5,bought for grandkids
B004286RC6,A2U439EVGP8RG3,5,"See's gets 5 stars, but shipping charge gets ONE star."
B004286RC6,A3E5MZXGIGZ6IW,5,See's candy is delicious
B004286RC6,A2YDDLVUX7UHVT,1,See's Truffles through Amazon
B004286RC6,A3KLYCB8MHZ6M4,1,why buy something when you are getting ripped off?
B001BSBFUO,A2WX8REGY23RQU,5,Truly a heaven-sent...
B001BSBFUO,AQ80LJNDLVZPG,5,"Hahaa fooled you, you picky dog!"
B001BSBFUO,AN0N05A9LIJEQ,5,"2 paws up, from a cat"
B001BSBFUO,A3NDSMZ33YUNP1,3,Nice way to hide pills.
B001BSBFUO,A3ENN12GLNTUAF,5,Two paws up from our dog!
B001BSBFUO,A25TUTPHY92TQ6,3,Too large
B001BSBFUO,A2FOMCYGVURHF3,5,Outsmarting my pug!
B001BSBFUO,AVTY5M74VA1BJ,5,the pills go down easy
B001BSBFUO,A15RYTNK30XJ7R,5,Fantastic Item
B001BSBFUO,A17IIS0PQXP257,5,Neat idea for pet meds
B001E5DQGK,A3HJHV83O2U8BL,4,Delicious but not the best
B001E5DQGK,A2YO8731SKDKLL,5,Truffle taste without the high cost...
B001E5DQGK,A2C9XE9I8RSKNX,5,NICE..... white truffle flavor- affordably
B001E5DQGK,A21U4DR8M6I9QN,5,Great value truflle oil
B002MXSAD2,AM188RARFCUSA,3,Gets the job done but not a good value
B002MXSAD2,ACAXV4V8PBCE3,5,Love it!
B002MXSAD2,A1S7U6E1L3GOV3,5,Great little freezer tray for baby food
B002MXSAD2,ALLSZRJL9YBCO,4,"Expensive, but great product"
B002MXSAD2,A2RL1RS6PWUHWI,5,Great for things other than baby food as well
B002MXSAD2,ACAXV4V8PBCE3,5,Excellent product!
B002MXSAD2,ACAXV4V8PBCE3,5,Fantastic!
B002MXSAD2,A2974R9BTPZPOJ,5,Not just for baby food!
B0001W2W62,A3MCBV388X4A1Z,5,Good mix.
B0001W2W62,A17771LTRWSKQ5,4,Great mix
B0001W2W62,A2KVAGB52EOKLS,5,"Crunchy, tangy, peppery, tasty."
B0001W2W62,A1AJQUA9PEA90X,5,Favorite sprouting mix
B000AYDHD8,A3LSTGAP7LOV1S,5,good tasting poptart
B000AYDHD8,A3411K5L6QNVH7,5,low fat poptarts
B000LQLV6U,AP3CV0DST5ZYQ,4,like it
B000VMI8W4,A23N5GILA6AX04,5,Dog loves this
B000VMI8W4,A18QBXDXQHMS66,5,Cool Treat!
B0024NXUZI,A1V1EP514B5H7Y,5,Best soda bar none!!!
B0024NXUZI,A2OOQ59V7YWYL1,5,Fantastic
B001ZSF9EI,A1GQSBLU2QXDC9,4,"Happy kitty cat, empty piggy bank"
B001E5DQGU,A2YO8731SKDKLL,5,Great in pasta and lightly applied to steak
B001E5DQGU,A21U4DR8M6I9QN,4,nice flavor
B001E5DQGU,A2BJTZ5JZHAJ9B,3,Great for the price
B001E5DQGU,A3HJHV83O2U8BL,4,Delicious but not the best
B001E5E33A,A17TASZJT6Y39D,5,Decaf Tea Choice
B001E5E33A,A2B6SNR9TLI83K,5,earl grey
B001E5E33A,ASJKKI1EHIYWP,5,Excellent Tea!
B001E5E33A,A1UWE64CPO197G,5,Perfect Match to Twinings Tea Bags
B001E5E33A,A1574S23MT2UXT,5,Impressed.
B001E5E33A,A3LXQNUURHN0RB,4,Twinings Earl Grey tea
B001E5E33A,A1KOCGNDLF2VUR,5,PEGGY
B000GWHFZA,A3JV071KO43Q5X,1,Bland - what am I missing?
B000GWHFZA,AKMEY1BSHSDG7,5,Excellent change of pace!
B0018CK2Y8,A21S0K5PU4YO9L,2,is eaten way too fast
B0018CK2Y8,A19DSLQN7O8UF7,4,Quick Disappearing Bone
B000LRIJ3W,AGNSZVLUSNPLH,5,great herring
B000AY9U20,A3S15YGZ6W6EV2,4,Darned good for a packaged cookie
B000AY9U20,A31N6KB160O508,5,Excellent taste and shipping
B000AY9U20,A1B05INWIDZ74O,4,Great Tasting
B000AY9U20,A370Z6I5GBWU44,4,pretty tasty
B000AY9U20,AO09RWV40IX78,5,GOOD DEAL!!!!!!!
B0002EQTIG,AZFFSBRIADPM0,5,Nice tea!
B0024VCX6M,A1LZJZIHUPLDV4,5,Vegan Natural Choice
B000BSWIQA,A2D1LPEUCTNT8X,2,Very disappointed.  This is  a very sweet jelly with an odd texture
B0017U7TFG,A1G5A8NMZT9QIL,3,Not his best but still good
B0017U7TFG,A20G1KEZ9QZ6Z6,4,"Good, but stir thoroughly, and even then ymmv"
B0017U7TFG,A1UE3WBM2FB06T,2,not the greatest vegan product
B0017U7TFG,A3FQOT5QV7J5HP,5,Great for kids
B000FFIIYU,A1YJ8LZ6RD6GNL,5,A guilty pleasure that manages to avoid my multi allergies!
B0008D6XH8,A5Y70Y025O34P,4,"Lemon zest and a little of this...oh, baby!"
B000E1BKRC,A315S3F1NHG7Y8,5,Great Fish Seasoning
B007GEKOGI,A1OPH7JV1X0RXA,5,Fabulous Tea
B0043H37EW,A2OVI62NN5W0UE,5,Very pleasant taste. Not minty!
B0043H37EW,A1HOXKR7OKJ1X1,5,Wonderfully delicious combination!
B002KE33QC,A35CVV9CN2F3Z2,5,Dog Treats
B002KE33QC,A2CH7O9KNQK8EP,5,Best buddy bones
B002KE33QC,A3DVM439VGR036,4,peanut butter flavor treats
B002KE33QC,ATX6XZZXMX5JY,5,Doggie Love
B002KE33QC,AYQ8RLE0K6RU8,4,3 out of 4 Paws
B002O5QWD8,AQM2GZ90GZN8V,5,Love them!
B002O5QWD8,A1LL8N425UTUM6,5,A considerably healthier alternative to deep fried pork rinds
B002O5QWD8,AGKR2TF00A5OD,4,"Not bad, not bad at all"
B002O5QWD8,A15RT5XOD85Q29,5,"Great protein snack, less salt than other pork skins"
B002O5QWD8,AJV2QY96IVPVM,5,"Yum, yum, yum!! These are awesome!"
B002O5QWD8,A1OIOH453XQ7K6,3,To each their Own
B003DA5536,A36E68YOWHTIDN,4,She loves them!
B003DA5536,A1IGZJIN29DBJQ,5,Awesome product
B005DX8YJS,A2USZP0VDQ7WMG,5,Great Product
B001G2F5R4,A2R6RA8FRBS608,5,all right by me !!!
B001G2F5R4,AC2SMT7WEOBQM,5,My choice in coffee
B002OFZIV0,A2R1HUYHXV7H18,4,Taste like Hot Wings
B002OFZIV0,A17TPOSAG43GSM,4,tasty steak nuggets
B002OFZIV0,A28HQLPE47ZQWF,4,Couldn't taste the A1
B002OFZIV0,A2YWQAFCHIO779,5,WOW!
B002OFZIV0,A7PPSGWM6385B,5,A good after workout snack
B002OFZIV0,A2DG1NQM08X1EI,5,Downright Addictive!
B002OFZIV0,A2RNYW2HIQBGSM,4,Tasty option to beef jerky
B002OFZIV0,A1XGFW5016CGQI,4,STRONG TASTE OF A-1
B002OFZIV0,A2OEZIIK61GDW0,4,Tasty Nuggets
B002OFZIV0,A2TN9C5E4A0I3F,1,"Dry, overly chewy and bland"
B002OFZIV0,AFNTQUTDPMR74,3,Just OK
B00434KRHU,A3PJZ8TU8FDQ1K,4,"You get convenience and value, feed two boys for less than $5"
B0045XE32E,ADY836HK6QSYR,5,"The dog says, ""Yummy!"""
B0045XE32E,ABOTQXNUBA1MM,5,Jack Russel defies tough biscuits
B0045XE32E,AY46DEOJJYFTW,4,woof..woof..
B0045XE32E,A1S52XH2CS4Y26,5,My dog loves them!
B0045XE32E,A2UVYN2FO7X43V,4,"Crunchy, hard biscuits my dogs like"
B0045XE32E,A1KXONFPU2XQ5K,5,Good nutrition in tasty dog treats
B0045XE32E,A2HPVNZZF15W93,4,FOR MED TO LARGE DOGS
B0045XE32E,A3J356L2ADK05Z,5,pupperz dug em
B0045XE32E,A1EE6LQS3OPY6R,4,My Picky Pup Ate Them! Success!
B0045XE32E,A17U562HOY2OQV,5,Very nice doggie treats...good for your dogs
B0045XE32E,A2BIJMB2BITQUM,4,Not great for little dogs - otherwise OK
B0045XE32E,A1S1YWNZEJPVAB,4,Great organic dog treat
B0045XE32E,ANEDXRFDZDL18,5,My dog loves them A++++
B0045XE32E,A3C40PJ9YXREQ5,4,My dog loves it.
B0045XE32E,A3AHDR4F2J7YXX,5,My bulldog loves these!
B0045XE32E,A19XMHRB3G4DIR,5,Pooch Appproved!
B0045XE32E,A1Q08H4B9QGT2N,4,A Tasty Treat for your Large Dog
B0045XE32E,A3A6GXILVT9JNW,5,For the big dogs only
B0045XE32E,A1KBXGIJ9C7YJ2,5,Dog tested and kid approved
B0045XE32E,A7EU2BWLLCJY2,5,Not for small dogs!
B0045XE32E,A1HGXLP6WATS4B,3,"This one gets a ""four ears up"" rating"
B0045XE32E,A17TASZJT6Y39D,5,Finally My Own Review!
B0045XE32E,A3QVAKVRAH657N,5,THE DOG SEEMS TO LIKE THEM
B0045XE32E,ANOBZWKE25SBY,3,Good for larger dogs; not so much for small ones
B0045XE32E,A3QDBUDXLHUJX2,3,Dog loved 'em
B0045XE32E,A1PW5SQLR0Z6IH,4,I wish my dogs could talk!
B0045XE32E,A2WVF9ZQ068DN0,5,Lab approved
B0045XE32E,AQ3IN3MRXQ5KH,3,3/4 Paws
B0045XE32E,A34BZM6S9L7QI4,5,My Pup Eats These Slowly
B0045XE32E,ACR4HKUT808U1,3,A Two Dog Review
B0045XE32E,A31RULW0KNYJ5H,4,Hardest cookies ever made?
B0045XE32E,AWKZAUC0D8DYL,5,More than just a dog treat?
B0045XE32E,A9NXTC0HTPSDO,5,Quality Product But My Dog Did Not Care For These
B0045XE32E,A1HLWQ55JSKK7R,5,"I didn't taste them, but my dogs rate them highly"
B0045XE32E,A3T8WOFS5RD2IR,5,"Quality made, healthy treat for dogs"
B0045XE32E,A3VSMUBKY8HYB2,5,"Such a hit with my senior dog, I decided to add it to my amazon subscriptions"
B0045XE32E,AO4RDTZLAGCJ5,4,Beat MilkBone in Our Exhaustive Test
B0045XE32E,A3T0OTH5072YRE,4,Lamb and Barley Dog Treats
B0045XE32E,AGGAQLXPVGM5D,5,Great little snack for my pampered pooch
B0045XE32E,AYPIF2S8P3RZT,5,Excellent Treat for dogs with allergy issues
B0045XE32E,AKJHHD5VEH7VG,5,Dog and teenager approved
B0045XE32E,A32GCOTGFJ9XC3,4,Too *Hard* For Small Breeds Or Puppies!
B0045XE32E,A2EDWI5EGP4V9N,5,Seemingly a good product and thumbs up from the pupster
B0045XE32E,A1QK0XCAPHIW1L,4,Sit!  Stay!  Chew!
B0045XE32E,A294SHLWPSG1BP,4,Our dog *wants* to eat them
B0045XE32E,A1BKJNAWJT2TG2,5,Big hearty biscuits for big dogs!
B0045XE32E,A29M09QBG9TZLP,2,My dogs didn't like them
B0045XE32E,A2AOW20EGSCAY2,5,Newman's Dog Treats
B0045XE32E,A1SYLII0808HD6,5,"They're Golden!  Healthy, Wholesome Dog Treat."
B0045XE32E,A2ZGHESQDCI77M,5,TOO healthy for my Shepherd's taste?
B0045XE32E,A21B8AV7E3MPXE,3,Iffy
B0045XE32E,A17CP110C6E9KF,5,"My pup said ""yummy"""
B0045XE32E,A3DI391K4GAI7Q,4,"Great ingredients, dogs love 'em - but not recommended for small dogs."
B0045XE32E,A1P2XYD265YE21,5,Obviously Good
B0045XE32E,A1CBNUBPZPWH5D,5,The dogs love them
B0045XE32E,A2SZLNSI5KOQJT,5,Tail Wagging Treats!
B0045XE32E,A3JH18T58CY65P,5,No More Guilt
B0045XE32E,A1S2IY37JU93XS,4,Dogs love them!
B0045XE32E,A2701UXI8QGRHE,5,My little Westie is begging for more!
B0045XE32E,A10ZBR6O8S8OCY,5,My dog loves it
B0045XE32E,A3ATKIU6MZZ4MU,5,Loved by one big dog
B0045XE32E,A2O421DTA8J0RW,4,"Very hard, nice breath refresher for big dogs"
B0045XE32E,A3IR834T7AROBT,5,Schnauzer Recommended!
B0045XE32E,A209D61DH0HZMA,5,All Organic
B0045XE32E,A3HUC8541SJ6UT,5,"My dogs love them, which doesn't mean much; I like that they're organic."
B0045XE32E,A1IA0O3OYQO9LV,4,My dog liked it!  But just too big for my small dog
B0045XE32E,A39G26LKBXB83D,5,my doggies loved these!
B0045XE32E,AG6TX1ZJHLMO7,4,Treat size is a little on the large size
B0045XE32E,A1BTG38XSGYLW3,5,Healthy and apparently tasty
B0045XE32E,A22VNXHU6IZ5MT,5,My doggies love 'em!
B0045XE32E,AF74UAKV3Q3W0,5,Chelsea Loves Them!
B0045XE32E,A175N19FS2B4J,3,Like Real Food. Looks Good. Smells Good. Not for Dogs with Sensitive Digestion.
B0045XE32E,A3U1WPDQLP9CQ,5,Passed The Yellow Lab Test
B0045XE32E,A319Y83RT0MRVR,5,loved by dog; approved by owner
B0045XE32E,A3DOPYDOS49I3T,5,Dog likes em'
B0045XE32E,A5GPH59NDWJRB,5,Pamper your pooch
B0045XE32E,A16YU3GRGCD95S,5,Great Dog Treats
B0045XE32E,ATN4J5VS8Q0YM,5,Love at First Sniff!
B0045XE32E,A1IL6W1NK05UW9,5,"Nice, Organic Dog Treat"
B0045XE32E,A3UKWQS8SRW6IO,5,Delicious (or so I am told)
B0045XE32E,A16AXQ11SZA8SQ,4,My dog likes this treat
B0045XE32E,A3HPCRD9RX351S,4,Hardtack Dog Treats
B0045XE32E,A1YJMG0QJXZLD4,3,My dog was not thrilled
B0045XE32E,AKZ0BCILJ71OT,5,A hit with our little guy!
B0045XE32E,A1JMR1N9NBYJ1X,5,My dogs loved them.
B0045XE32E,API5JLBRT6FIN,5,My dog loves this and its good for him too
B0045XE32E,A38ON1MOZNBCGE,4,My Giant Dog Loves Them
B0045XE32E,A3MZNRSDQ32UUH,5,I almost ate them
B0045XE32E,A2PBMCBT1R8TTL,5,Wife says they taste great!  My dogs love it too!
B0045XE32E,AL4SB31UAZLXL,4,"Dog tested, Mom approved (mostly)"
B0045XE32E,A2G9UDL72YUTT8,5,My dogs loved them
B0045XE32E,A1JDDX70A0XUFO,5,My Dogs loved these
B0045XE32E,A1FWFCJU2G7TRA,5,Even My Picky Dog Loves 'Em!
B0045XE32E,A89ZZKNDFQH23,5,I have never seen her dance for treats
B0045XE32E,APP5MBH2BSX6I,5,Elvis likes it better than peanut butter & banana sandwiches!
B0045XE32E,A2K89R0B20LYHB,5,Fantastic and flavorful organic treat!
B0045XE32E,A3NOBH42C7UI5M,5,Healthy product that my 3 dogs love
B0045XE32E,A28CCN6VYHRUKS,5,Elkhound approved
B0045XE32E,A3094EPI56GKZ6,4,Nice healthy * hard *  dog treats!
B0045XE32E,ADEZOPMPKK146,4,Dog Likes Them
B0045XE32E,A2AAHDM93LC9BI,5,The dogs love these treats!
B0045XE32E,AW7BIYHXUIZ62,5,They love 'em!
B0045XE32E,A2BVNVJOFXGZUB,5,The dogs rate these treats at 5 big slurpy kisses!!
B0045XE32E,A1YCWZWOXLUAY5,4,It's a Doggy Treat!
B0045XE32E,A3FD3BHIUYIFPD,5,Doggies best treat
B0045XE32E,A3F3B6HY9RJI04,3,"Nutritious, but pretty hard and my dog isn't too excited about them"
B0045XE32E,A2UQIQUOAB47OT,4,Probably more suited for medium to large dogs
B0045XE32E,A3M1PLEYNDEYO8,5,Not bad at all...Dog gives two paws up
B0045XE32E,A2AA1G6BYJETY1,3,I say yes but my dogs said NO!
B0045XE32E,A1ZZR25X0CNOJX,2,"too hard, more like small bricks"
B0045XE32E,A1S7BFT0HDF3HA,1,"Reality check: dry, dusty, and uninteresting---and expensive"
B0045XE32E,A350HRB16YUX9P,4,Dog Loves 'Em but...
B0045XE32E,AHN86VFJIJ2JP,3,"My dog enjoys these, but they can be a bit crumbly"
B0045XE32E,A1H88L8X6HM1BQ,3,"Healthy, organic ingredients...but mixed review on flavor"
B0045XE32E,A3UOS7EC0NN88A,5,2 paws up!
B0045XE32E,A1DW1FK1H3F2TM,1,They must be disgusting?
B0045XE32E,A1VXIY1511XQK2,5,my 3 little dogs loved them
B0045XE32E,A2BXMHV2B0QRCM,5,Great doggie treats!
B0045XE32E,A3T3S48UAVTUE9,3,Newman's Lamb and Barley Treats
B0045XE32E,A1KSDKIZ4XN3GG,2,"Dogs don't know ""organic"" is supposed to be good for them"
B0045XE32E,A1XG5WYLFMRRX1,5,My little guy loves these!
B0045XE32E,A1RIQUDE4B8NGX,5,One Dog's Opinion...
B0045XE32E,A3N4CUW4UYC9I3,5,My dog loved them
B0045XE32E,AFG4HIHMX312C,4,Good Treat
B0045XE32E,A3D1TZH619NKHN,5,"Newman's Own Organics Lamb and Barley New Zealand Ranch Style Dog Treats,"
B0045XE32E,A1ZO9D554VQO9F,5,"Keeping it simple, this is an excellent quality product for doggies"
B0045XE32E,A1Z7Y2GMAP9SRY,5,My dog LOVES these
B0045XE32E,A3S96B2GBP04N2,5,My dogs loved them .. Causes a Giant Schnauzer to actually chew!
B0045XE32E,AAKQTXS4JOUR5,5,Newmans New Zealand Lamb and Barley Organic Dog Treats
B0045XE32E,A3TPNC3TKGCCEI,3,"My Yorkie will not eat it, but loves to play with it."
B0045XE32E,A3P8ZDHC7XSKSE,4,Apparently they taste pretty good
B0045XE32E,AZ9WQM7SLUX7E,4,English bulldog had no problems
B0045XE32E,A3DJRNEMOM1XF,4,Our pup loves these treats!
B0045XE32E,AQH1SWR5HA413,5,One of the best dog treats yet
B0045XE32E,A2M1MNG7G40V85,5,Dogs love em
B0045XE32E,AQLL2R1PPR46X,3,Too big for small breeds
B0045XE32E,A3OIC7GUFY941R,5,My Dogs Loved them!!
B0045XE32E,A28WXDXJA1P0MC,5,My dogs like it
B0045XE32E,A1S27P7KJO9I96,5,Good dog treat
B0045XE32E,A1GWDRBUMQOCRK,5,Great for large breeds
B0045XE32E,A3Z9QN0RCOHEY,4,Not Meant for Small Dogs
B0045XE32E,A3EPJSPH03AS29,5,"Didn't taste them myself, but my beagle loves them."
B0045XE32E,A17A1KTVI3DG6U,4,My dogs love them
B0045XE32E,A2TC8FD170FC2Q,5,Arfilicious!
B0045XE32E,A3A4ZAIBQWKOZS,5,Baird approved!
B000Z94AGQ,A2HKU4SOT0CWG9,5,Just love them!
B000F0BXCE,A2Y8IDC1FKGNJC,5,DeBoles Fettuccine
B000F0BXCE,AZ8XMXF7MSJPB,5,GREAT PRODUCT
B001CWV4PA,A2XL6TZM34HFV3,2,Bland
B001CWV4PA,ALZ8BIVCAFB4T,5,Great find!
B001CWV4PA,A34U8UOJOPR0DQ,3,Better than nothing
B001CWV4PA,A3MZFG4EECNX7Y,4,Great Crackers
B001CWV4PA,A14Q5D3QYA8FPV,4,"Tasty, filling, but only four servings per box."
B001CWV4PA,A25ETVRL1LE4LN,5,Delicious!
B001CWV4PA,A25JROTU0YWU4O,5,Yum!
B001CWV4PA,A1JFA8E1XSVX3,5,kid approved
B001CWV4PA,AYGJ96W5KQMUJ,3,Crisp and not glutinous - but not much taste
B001CWV4PA,A2ALN4CC24WQB,5,Awesome Gluten Free Crackers!!!
B001CWV4PA,A2D293ADQ5HCLF,4,best gluten free crackers ever
B001CWV4PA,ADO72DBUPFH4M,5,LOVE these crackers!!!
B001CWV4PA,A1MMFSW19AM019,5,My wife's favorite GF crackers
B001CWV4PA,A16J5HGMGX5LWM,4,Better than most GF crackers
B001CWV4PA,A23W55M32D2AC,5,Really great and fulfills cracker urges
B001CWV4PA,A36PG3D7ILZEU2,3,So-so....
B001CWV4PA,A1XXXYOJ1YYDB0,5,just like I remember!
B001CWV4PA,AAX5SMAWNANMR,5,Great gluten free alternative to Ritz
B001CWV4PA,A1NKZ7A7T47413,2,I've tried several different flavors and haven't like any of them.
B001CWV4PA,AK8LOFYRZJJW0,4,Best substitute we've found.
B00063KO34,ALOR97KTZTK1P,4,My puppies like them!
B00063KO34,A3MTDNQ3Z3UT3P,5,crate Happy no mess
B00063KO34,A1X7QD2UE9TU6Q,5,Great Product. Cleans teeth
B00063KO34,A1IC75BCAGQ4IK,5,My Dog's Favorite Treat
B00284TR82,A2MUGFV2TDQ47K,3,Good Product - Sticky Mess!
B00284TR82,A36Y4XHEHNGZ7B,4,Delightful!
B00284TR82,A6OLGXCVNLN3,5,Yummy and convenient
B00284TR82,A2EA0KDO04UU9H,5,vanilla creamer
B002HPRB9Y,A2TN9C5E4A0I3F,4,We liked them
B000CMD63E,A12IRGQLFE4EBA,5,It Works
B004TPE0VM,ALOR97KTZTK1P,5,So happy that Amazon is carrying this product!
B000LKU3GU,A2XJGCX2KT6FA8,5,Yummy!
B000LKU3GU,AE1ZME0QHI8U,3,not so high protein
B000LKU3GU,APX38OL5RONWA,4,Great non-meat alternative
B0032BXUJM,A120BPRX233DLL,5,Always good
B0032BXUJM,A103U3KR4L2ZXT,5,Great Coffee
B0032BXUJM,A2RWVUT42HQAQC,5,My Favorite K Cup
B0032BXUJM,A2PJZELNVQXN4W,5,Good and Smooth
B0032BXUJM,A2M3I5JEBZJR40,5,This is BOLD!!!
B0032BXUJM,A2BXD9E5I6L3D4,2,Not recommended
B0032BXUJM,A1MJFZ975LIEHE,5,AMZN CS RATES 5 STARS/Emerils not bad either.
B0032BXUJM,A26NFIQ7KWI8Y7,4,tastes a little grind-y
B0032BXUJM,A3RSWDQJ9B479Z,4,Great Bold Coffee
B0032BXUJM,AIODQVA7W10YL,4,A bit bitter
B0032BXUJM,A3916G6EAUK63A,5,lovin' my java....
B000DZKKK2,A2X663MMJ0XYKQ,5,awesome brownies - pancake mix is really good too!
B000DZKKK2,A1REUVV0JG6S1F,5,Good and easy brownie mix
B000DZKKK2,A2VA1CSQ74IKXP,3,"not ""chocolatey"" enough for me"
B000DZKKK2,A36Z5NGBSMSPDX,5,THE best brownies...
B000DZKKK2,A3BSPXD2A2UQ2T,5,Suprisingly GOOD
B000DZKKK2,A2NV6EVUDPV0OP,5,How many delicious versions can you make from one brownie mix?
B000DZKKK2,A3BMXVPSW75SJF,5,Wow - great!
B000DZKKK2,ATKLOMDBJL0QM,5,Awesome Brownie Mix....
B000DZKKK2,AR5YCBPFBPMHE,5,grab one before they're gone!
B003TLMM44,A52KI87KEWX39,5,Dog love it
B0047ORGWK,A1XMB52F1KZ4PK,5,By Far Our Favorite Baby Food
B0047ORGWK,AFYNHATHQRU68,5,My baby loves this stuff!
B0047ORGWK,A2YNIKQDLZR2WW,5,Such fresh bright colors!
B001I8BNMC,A2GLD72HQYHG0P,5,Best Grocery Store Coffee we have tried
B001I8BNMC,A1XEHQJ0UHJ18E,5,Outstanding Coffee
B004989EEW,A1W415JP5WEAJK,4,"Just like the little cups, but neater"
B003UDZ65I,A264UDLWWRJ7X4,5,"Wonderful dog food, good price"
B003N8XO3Q,A2DPYMNI2HCIOI,4,"a nice treat, especially with berries"
B000DZKKKM,A36WGHR8TO5DKT,4,Good and Healthy
B000DZKKKM,AF1H4YRBRMBB9,5,"Oh, my!"
B000DZKKKM,A3MZFG4EECNX7Y,5,Just a very good cookie.
B000DZKKKM,A16Q1LYIDE2WDZ,5,Tasty!
B000DZKKKM,A1T1YSCDW0PD25,5,Great - considering...
B000EGZ99W,AX5JZLRL9KN9B,5,Our new go-to basmati!
B0012ZJ4S6,A12IRGQLFE4EBA,3,"Don't like taste, but do like medicinal qualities"
B0012ZJ4S6,A3E5KPDJ9OMGL3,5,Excellent orange aroma.
B0012ZJ4S6,A3KPT4FF3J91W4,1,Hideous over-powering orange flavor
B000DZKKKC,A1REUVV0JG6S1F,4,Good and easy chocolate chunk cookies
B000DZKKKC,A2YB7DLC3FOR7W,5,Excellent gluten-free & wheat-free cookie mix!
B000DZKKKC,A3RR2P5IS3DGPR,4,Delicious but makes a difference on what you bake them
B000DZKKKC,A1VABWDOUQLULZ,5,The best!
B000DZKKKC,AR5YCBPFBPMHE,5,another great Pamela's product
B000DZKKKC,A2843500EKO5YB,5,Really good!
B004YPV15A,AY12DBB0U420B,5,A Tasty Treat With Fiber and a Good Shelf Life.
B002W4KZM0,A1Z7AFFHBSER9J,5,YUM!
B001LO501S,A3KHKX8PY7I8TW,5,Excellent Pineapple Juice
B000UVKZXQ,A2GR4GDMBC5VWJ,5,I love roasted chestnuts!
B000UVKZXQ,A1J2JXJLPXQOPS,5,roasted chestnuts
B000UVKZXQ,A1OUB5B4VNFMQD,5,Very Good
B000UVKZXQ,A31BD4RXCON7QO,5,Excellent roasted chestnuts
B000UVKZXQ,A17771LTRWSKQ5,1,Slimey and disgusting!
B000UVKZXQ,A2E26NXH227J8C,1,"AWFUL, AWFUL, AWFUL"
B000UVKZXQ,AJXVOY9PS5UUP,1,Galil Roasted Chestnuts...............
B000EGZ99M,A3UCN2RGY7O6S1,5,A great find
B000EGZ99M,A1GY0FE07QFFLF,5,Whole Wheat Orzo Tasty and Versatile
B000EGZ99M,ARWIOUASZIL1X,5,Delicious!
B0000CDBRZ,A23JL9SHTJIKZT,5,I'd be lost without this product!
B0000CDBRZ,A3PLR0MF3ZU141,5,Chef Paul Prudhomme's Magic Seasoning Blends
B0000CDBRZ,AVYJX4FYVF00A,5,Excellent !
B0000CDBRZ,A1MUCR6OGBLH8Y,5,Everyone ate their vegetables
B0000CDBRZ,A1XL8WOEFCS1J1,5,Chef Paul's Vegetable Magic
B0000CDBRZ,A3C7U0DJHLBHZ3,5,best salty spice ever
B0000CDBRZ,A3VFFBBDQ8E6TM,5,LOVE THIS STUFF
B0000CDBRZ,A253F3QA4WHGXU,1,Vegetable seasoning very spicy
B0000CDBRY,A23JL9SHTJIKZT,5,I'd be lost without this product!
B0000CDBRY,A3PLR0MF3ZU141,5,Chef Paul Prudhomme's Magic Seasoning Blends
B0000CDBRY,AVYJX4FYVF00A,5,Excellent !
B0000CDBRY,A1MUCR6OGBLH8Y,5,Everyone ate their vegetables
B0000CDBRY,A1XL8WOEFCS1J1,5,Chef Paul's Vegetable Magic
B0000CDBRY,A3C7U0DJHLBHZ3,5,best salty spice ever
B0000CDBRY,A3VFFBBDQ8E6TM,5,LOVE THIS STUFF
B0000CDBRY,A253F3QA4WHGXU,1,Vegetable seasoning very spicy
B001E55XPW,A35JP8KSV9281K,4,Great product
B002LA5BRO,A3JHC8O59WDHFZ,2,grainy and bland
B002DHL6II,A1YXY2JGDLO8XG,5,Best Trail Mix Bar I've Tried
B002DHL6II,A3091RP0SPZLMN,5,Best Granola Bars from Kashi
B002DHL6II,A1W0F3F6EXIAKP,5,Great Granola Bars!
B002DHL6II,A35N0EICBY7X8J,5,The least grossly sweet energy bars I've found.
B005HUWGGY,A1YKXVGAIA8952,3,Fruity
B002076V22,A30DWKEDHUXWUG,5,great oatcakes
B002076V22,A1MJSWI87ZME83,5,Excellent oatcakes
B004IN43SU,A21EA3MMQG162S,5,Truly fantastic
B0013E21V8,A3QFVEQNX2FQ8P,5,Extraordinary Maple Syrup!
B0013E21V8,AMHY9DA73ZZ4Y,5,WOW THIS IS GREAT PURE SYRUP
B0013E21V8,A28ZDVY6NV75P,5,Worth it and wonderful
B0013E21V8,A1TWM78I835NGZ,5,Quality Taste
B0013E21V8,AL3XTUU4866TC,5,Deeee-lish!
B0013E21V8,AKACGHPVILE9R,4,Best Available IMHO
B0013E21V8,ATN552TF5V40Z,3,"Great price, not very maple-y"
B0013E21V8,A1TVE3RZW1U3AY,5,Why pay more?
B0013E21V8,A37AO20OXS51QA,5,Delicious and affordable.
B0013E21V8,ATKLOMDBJL0QM,5,Very rich flavor...
B0013E21V8,AH6FQW533AKF1,1,Might have been OK?
B0013E21V8,ADN8MKY17P5HJ,3,Product packaged tightly but still leaked
B000HALT80,A2NV6EVUDPV0OP,5,Good for protein sensitive cats
B000HALT80,A3PNN6W95O5XNV,3,"Kibble is not ""softer"""
B000SSV9X6,AAEL8AM7VT1FK,1,Diappointed ! !
B008ADQQ3O,AAH6764FP1GOZ,5,Perfectly Butterscotch!
B008ADQQ3O,A29P51TN9KKMU9,5,Sweet Sinful Delight - No Guilt!
B008ADQQ3O,A3OGYXV9S7MJHM,4,So buttery...
B00503DP0O,A33PVCHCQ2BTN0,5,I love them!
B00503DP0O,A1IA0O3OYQO9LV,4,"Ingredients, Nutrition Facts, and review"
B00503DP0O,A17TASZJT6Y39D,4,Pretty Good
B00503DP0O,A1VABWDOUQLULZ,5,Dangerous!
B00503DP0O,A37NHGD0WTRYFH,4,Yummy!  Tastes like a Almond Joy bar
B00503DP0O,A28WXDXJA1P0MC,5,Nom nom nom...excellent!
B00503DP0O,AZ9N3928BGQ0E,3,Only OK
B00503DP0O,A1EX5SK2PD0XLC,2,"Yes, moist, chewable,but unpleasant taste"
B00503DP0O,A2V5R832QCSOMX,5,Really delicious and not too sweet
B00503DP0O,A3CIHP9FFPE9I3,2,I would not buy it
B00503DP0O,A2KJY3CA1CB1GE,5,Best GF Bar I've Ever Tasted
B00503DP0O,A306153FTKS9PL,3,satisfying but sweet
B00503DP0O,A3I1BJIFFM4S21,4,"For a reasonably healthy snack, these were fine."
B00503DP0O,AYNAH993VDECT,4,Healthier replacement for a candy bar (180 calories)
B00503DP0O,A1H6SBO7R007I8,5,amazing delicious fantastic
B00503DP0O,A33X80DIINN48Y,2,"They are somewhat ok, but I wouldn't get them again."
B00503DP0O,A18MBO1U4DPY20,2,Awful to taste.
B00503DP0O,A2WVF9ZQ068DN0,3,The search for the best snack bar continues
B00503DP0O,A1Q0Q6S0Z0V37Y,4,Reminds me of a cookie
B00503DP0O,ABC68JUCPTVOE,5,good stuff
B00503DP0O,A3M1PLEYNDEYO8,3,Bland
B00503DP0O,A1DSRM2P0WGQNS,3,Pretty tasty and fairly healthy
B00503DP0O,A7EK88GF8N40F,3,Nice snack
B00503DP0O,ATN4J5VS8Q0YM,3,Not Yummy to my Hubby
B00503DP0O,A1VYFEJM12ZP11,4,Surprisingly good
B00503DP0O,A3EYP65V7ADYH6,5,Sooo goood!
B00503DP0O,A2HC9549CZAKNN,4,Really Good And Not Terrible For You
B00503DP0O,AYQQOW0VR0YF5,3,"Anytime, tasty, but really small"
B00503DP0O,A37PZJH2F13IOR,5,Really great product
B00503DP0O,A2XBE812RSFZO7,5,Great substitute for candy bars
B00503DP0O,A11OTLEDSW8ZXD,5,Yum!
B00503DP0O,A3GKMK6KQH3Y1H,4,Not Bad as a Good Snack Alternative
B00503DP0O,A2UQIQUOAB47OT,4,"5 bars per box, 6 boxes per order"
B00503DP0O,A3I9MCGO36KZ7V,3,"Taste Great, But The Cost Is Ridiculous"
B00503DP0O,A2FYK4HWXZRLPN,5,I'd Buy It If I Could Find It
B00503DP0O,AOLKA6NI7GN38,5,These make Great Snacks!
B00503DP0O,A1S27P7KJO9I96,5,Great snack for coconut lovers
B00503DP0O,AHFGCH8LANEZK,4,"Tasty enough, but I need more protein"
B00503DP0O,ADY836HK6QSYR,3,Mixed review from this family
B00503DP0O,A3D9NUCR4RXDPY,4,"Delicious coconut taste, gluten-free oats is the first ingredient"
B00503DP0O,AK8LOFYRZJJW0,4,Oat Chocolate Chip Coconut
B00503DP0O,A31RULW0KNYJ5H,5,"Tasty, Healthy Snack"
B00503DP0O,AYNRALJ4X1COS,4,Really good!
B00503DP0O,A1Q7A78VSQ5GQ4,5,"Delicious , Nice soft texture"
B00503DP0O,AK7CAW3N1XZV6,5,"Very tasty, but not really a health food"
B00503DP0O,APP5MBH2BSX6I,4,Recommend you give it a try!
B00503DP0O,A11FFLD0GV82CQ,5,Gone in a day! Tasty gluten-free snack bar.
B00503DP0O,A3ICDLUQ3V2QY2,4,Tasty Treat Should Be Enjoyed Carefully
B00503DP0O,A1HLJJ6MKZLR3Z,4,Tastier than expected!
B00503DP0O,A3OXHLG6DIBRW8,4,Very Good Tasting Snack Bars - Recommended
B00503DP0O,A33VELHWFACU48,4,HEALTH TREAT
B00503DP0O,AEL6CQNQXONBX,4,Nice balance - healthy and all natural but also tastes good
B00503DP0O,A1UYMXFON06KQ6,4,My kids love them!
B00503DP0O,AD34TCPEP7P84,5,delicious gluten free cookie!
B00503DP0O,AFFVUZEGP1FDQ,4,Tasty
B00503DP0O,A3SMV35531YME,5,Great Taste
B00503DP0O,A1D6PWUMDY9F7V,4,Tasty
B00503DP0O,AJQDIT55SZ3ZX,5,As Always Pamaela's Products are Fantastic.
B004AFODLI,A1TWM78I835NGZ,5,The only whole grain pancake mix I'll ever buy.
B004AFODLI,A15C9JJZIFH95R,5,Great pancakes
B0000CDBRP,AHDOV721XZ7DG,5,Yum!
B0000CDBRP,A253F3QA4WHGXU,5,BEST SEAFOOD SEASONING AVAILABLE
B004TPWSEI,A1RLA4JD522O0S,5,Great tasting gluten free pasta!!
B0002IMRTC,A13E0ARAXI6KJW,4,Retro Soft Drink Is Worth a Few Measured Sips But Oh That Calorie Count!
B0010OOM1S,A17HMM1M7T9PJ1,5,Mushroomy goodness!
B001EO62CG,AD2M8ASWO7M36,5,best honey available
B004QKNWU0,A1SYJ0JI4QQGVZ,5,great flavor
B004QKNWU0,A3FI3UH5M3VYEP,5,Good flavor!
B005YVVODW,A65AXFDTYLRZ0,5,Watch out Jenny! Here comes Medi!
B004S8X034,A3F1YQ1AZQ6B72,3,Taste like corn muffins
B000FFPXBG,A36MP37DITBU6F,5,the perfect cinnamon apple oatmeal. Organic and tastes incredible with big chunks of apple.  Everyone loves it.
B000FFPXBG,AKZ0BCILJ71OT,5,Excellent companion to Maple-Brown Sugar
B000FFPXBG,A1WX42M589VAMQ,5,"Best of the instant app/cinn oatmeals I've had, plus organic and no funky extra ingredients"
B000FFPXBG,A2DPYMNI2HCIOI,5,"Love, love, love!"
B000255OIG,A2G1LRD120SJPC,5,Excellent Product and Made in U.S.A.
B000255OIG,A18UVHCREY2RE2,5,Dogs love them!
B000255OIG,A29JUMRL1US6YP,5,Like Candy for Your Dog
B000255OIG,ADXXVGRCGQQUO,5,5 snouts!
B000255OIG,AJD41FBJD9010,5,dogs LOVE it--  best treat for rewards and training
B000255OIG,AJD41FBJD9010,5,best dog treat-- great for training---  all dogs love them
B000255OIG,A3H1V2E2O81536,5,Gimborn Pro-Treat Liver
B000255OIG,AE9ZBY7WW3LIQ,4,Best snack item for my dog.
B000255OIG,AE9ZBY7WW3LIQ,1,Why sbould I get crums?
B000255OIG,A2QHCF0OYJ2N33,3,Overpriced!
B000255OIG,AJD41FBJD9010,5,NO waste at all ----  great for training  ----  all dogs love liver treats
B000255OIG,A34BRSDS9MJXTZ,4,"Dogs love them, but pieces aren't sized uniformly and they melt when wet"
B000255OIG,A2EDWI5EGP4V9N,4,Really good treats for training
B000255OIG,AJ1CE24O54TFM,5,Great liver treats-extra benefits for white dogs
B000255OIG,AJD41FBJD9010,5,NO waste at all--- all dogs love liver treats--- great for training!
B000255OIG,AFGHXL0I9BYXD,4,Travis loves them; inconsistent in size.
B0000CDBRJ,A1FRKRUFEEJWIT,5,Chef Paul Prudhomme's Blackened Redfish Magic
B001UFP1QC,A9PKYI8B9V9VB,5,Best cheese curls - UPDATED: overpriced and poor quality
B001UFP1QC,A9PKYI8B9V9VB,4,Five stars for the cheese flavored puffs
B001UFP1QC,A3AHDR4F2J7YXX,5,"Yummmm, I love these goodies"
B001UFP1QC,ACAIEIV03NBHY,5,Michael Seasons Cheese Curls
B001EO5WF4,A1MAB962ZLTD7F,5,GOYA COFFEE EXCELLENT LATIN FLAVOR
B007TJGZ5E,A3RSWDQJ9B479Z,5,My new favorite
B007TJGZ5E,A2TJG4N8LNJW23,4,A saving grace for Green Mountain Coffee...
B007TJGZ5E,A2MPYCJOQ3XX2B,5,good cuppa coffee
B007TJGZ5E,A1IZJVLNMFACS6,5,Love the Nantucket!
B007TJGZ5E,A1RS732SMTA5W2,4,good coffee
B007TJGZ5E,A12UZWJ6N3JBGO,5,Great tasting coffee!
B007TJGZ5E,A2FJH6TNED2M1P,4,Delicious cup of coffee
B007TJGZ5E,AEL50OB2KIEW4,5,Perfect cup o'coffee!
B007TJGZ5E,A3PJZ8TU8FDQ1K,5,Delicious medium-roast blend with complex tones
B007TJGZ5E,A2MPYCJOQ3XX2B,4,good coffee
B007TJGZ5E,A1H5LEFDUN4XQD,5,The Best
B007TJGZ5E,A3LXQNUURHN0RB,4,Green Mountain-Keurig
B007TJGZ5E,A2NVX117EFIW7Q,3,Tastes like nothing
B007TJGZ5E,A3OXHLG6DIBRW8,5,Very Smooth Coffee - Highly Recommended
B007TJGZ5E,ARSXCLVS4QA6W,5,Coffee
B007TJGZ5E,A6SB8A3A2NWWE,2,"Poor coffee , Nothing to do with Nantucket, named wrong"
B007TJGZ5E,A6SB8A3A2NWWE,2,"This is NOT DECAFFINATED COFFEE, Green box doesn't mean Jack"
B007TJGZ5E,A17HMM1M7T9PJ1,5,"A very nice, full flavored medium roast coffee"
B007TJGZ5E,A4VMQ6ZTSXSSL,4,"Berry flavors, full body and subtle smokiness"
B007TJGZ5E,A1Q7K2TXDK0PJB,5,The Best in the Pack
B007TJGZ5E,A25UTJ1AXFC0Z9,5,My Go-To Coffee
B007TJGZ5E,ANOD28P22F3YO,5,Really good coffee
B007TJGZ5E,A24BG4B6F3NUT3,5,My favorite
B007TJGZ5E,A3CG93783LP0FO,5,"Yummy, smooth coffee"
B007TJGZ5E,A321B5DIQCYBLK,4,One of the best...
B007TJGZ5E,AQQLWCMRNDFGI,3,Nice coffee to start the day
B007TJGZ5E,A8INT3NMHRUS4,4,Didn't buy on Amazon but
B007TJGZ5E,A1BJHZE41QWBX6,5,"Green Mountain Coffee, Nantucket Blend K-Cup Portion Pack for Keurig Brewers, 50 count"
B007TJGZ5E,A1NPFM9604UR9L,5,Best flavor - not too weak - doesn't curl your hair
B007TJGZ5E,A1KZUXE70GYNGO,4,Not bad for coffee quickly
B007TJGZ5E,A1JVFV1VAA08X,5,YUM!
B007TJGZ5E,A1XPT6TAPFPPEM,4,Old stand by
B000F9XBD4,A392XPUTJDHSDJ,5,Great price for Wheat thins
B000F9XBD4,A2R6RA8FRBS608,5,all right by me !!!
B000F0JOSO,A1K7OUOZGT6EG3,5,Supremo!
B000F0JOSO,A3IWO1KYMRQWMI,1,Warning: This is NOT gluten-free!
B0006G5N0K,A35CVV9CN2F3Z2,2,Added surprise!
B000PDRYPQ,A35A5S6H1WROO6,5,"California may have a few problems right now, but this sauce is not one of them!"
B000PDRYPQ,A2F9I7CI9GWANO,5,Pepper Plant Rocks
B0029K15LC,A1KEK09ZA6J9P8,5,Awesome for camping!
B0025UNW4E,A3L9ZT7SRJYLVH,4,Lemon at your fingertips!
B001EQ4CJO,AJDBCSP6R5G73,3,They are ok
B001EQ4CJO,A361PLXEWB9UC1,5,You actually have to think when buying....
B001EQ4CJO,A2I1DIUGYJAIWL,5,Delicious Walnuts!
B002IAERJK,AAEL8AM7VT1FK,5,You Will Love This One!
B006BXUZTQ,A2EVG2PM6CUV18,3,"Bacon, Bacon, Bacon"
B000ETGBO6,A20VMMW9HI4SUL,4,Tasty crackers
B0054TWQ2C,A3PJZ8TU8FDQ1K,5,2011 Chef's Best Award for Nong Shim's Spicy Chicken Noodle Bowl
B0054TWQ2C,A3PZ4AXTY9J1DZ,4,A Spicy Meal Alternative... But Pricy...
B0054TWQ2C,A1VV72295OP6B4,5,Just the right spice...
B0054TWQ2C,AM3XNQU9TZBD8,5,I love it!
B0054TWQ2C,A2RKI7RPP5CJMG,4,"Noodles, Noodles, Everywhere"
B0054TWQ2C,A2F2S1L61X1LA9,4,Spicy Noodles That Bite Back.  :)
B0054TWQ2C,A58N07M0ZCYMB,4,"Good... for work lunches get the cup version, the Nong Shim Cup Soup"
B0054TWQ2C,AOODNGLAEDN76,4,Nice Light Lunch
B0054TWQ2C,A3VD6KREW99X02,3,"Extremely mild, good spice level for kids"
B0054TWQ2C,AY12DBB0U420B,4,"A Quick And Easy Lunch, With A Few Additions."
B0054TWQ2C,A224KM22RQ5CD4,3,Lacks flavor
B0054TWQ2C,A3GRN6J64F2C3X,5,Happily fed one of the kids one evening
B0054TWQ2C,A3I9MCGO36KZ7V,4,"Tasted Really Good, But There Were A Couple of Issues"
B0054TWQ2C,A3VYKXHQDICC6,3,"OK, for what it is"
B0054TWQ2C,A3IR834T7AROBT,4,Brown Bag Treat!
B0054TWQ2C,AWKZAUC0D8DYL,4,Easy meal
B0054TWQ2C,A2H2I5FY1PUHP1,3,Spicy Ramen Noodles
B0054TWQ2C,A16RI68PS6T5CA,4,A small step up from the usual cup o' noodles
B0054TWQ2C,AVU1ILDDYW301,3,Nothing Special. . . Not spicy. . . Chicken?  Really???
B0054TWQ2C,A1MRRMHGV3PN5W,4,Love these!
B0054TWQ2C,A27H0T39U3FZB5,4,"Tasty, but the picture is misleading"
B0054TWQ2C,A3I1BJIFFM4S21,4,It's basically Ramen with a nice kick
B000II27QE,AWAB7PKBO3BBT,3,A fun treat!!
B000II27QE,A2VUD4SPJO4V33,5,In Limerick Form...
B000II27QE,ABTUNH7645QJL,4,"Not the real thing, but quite good"
B000II27QE,A2YM3KILJ1G0YJ,5,My girlfriend likes it
B000II27QE,A2PR6NXG0PA3KY,5,Avast! Ahoy! Shiver Me Timbers!
B000II27QE,A135XHGMBR0OWF,5,Spotted Richard
B000II27QE,A26M5O53PHZTKN,5,Good stuff
B000II27QE,A16Q1LYIDE2WDZ,3,I've had better....It was a bit short on flavor
B000II27QE,AY12DBB0U420B,4,Quite Good. Much Too High In Calories.
B000II27QE,A2A1XYSB692L6J,3,A.....W A Y....T O....S T O P.....E A T I N G.....T H I S.....P U D D I N G
B001RJ91IK,ADAASOYZ1TOMW,5,Great healthy mix...
B0019N0OTE,AQ6AGWKWMTY8H,4,A Wonderful Sweet Cornbread Mix
B0019N0OTE,A2GEZJHBV92EVR,5,Cheap & very good!
B001EO5O9I,A3H56Z1I2I2VZ3,3,tastes pretty mediocre to me
B005EL6VOY,A3CJGCQI6RKRNJ,5,Great oatmeal.
B0018AMWLG,A3T8J8FZ6R8B3W,4,Good product - better price elsewhere
B0018AMWLG,A1286MWY9ZAMDN,1,Yuk!
B0018AMWLG,A1818NWEJP4RND,5,Great color
B0001BVD04,A6GMEO3VRY51S,5,Best cherry soda I have ever had
B0001BVD04,A1SYLII0808HD6,4,41/2*  Working Guy's Cherry Soda
B0027E2M7Q,A24HT9FC6OU1J2,5,So convenient
B0027E2M7Q,A24HT9FC6OU1J2,5,I love grocery shopping at Amazon
B0027E2M7Q,A1BD342U8BF3UC,5,I got this for a diet i tried
B0027E2M7Q,A2GLD72HQYHG0P,5,"Reliable product, easy way to purchase"
B000E8Y5CC,A1ZR28SCA9CRPQ,5,Revolution Tea's Crown Jewel
B000E8Y5CC,A1AEQZM99LO9VA,4,Love this tea but I just can't do nylon bags
B007TJGZ54,A4WD4PJES81BR,5,Green Mountain Coffee K cups
B007TJGZ54,A3CW0ZLUO5X2B1,5,Nice mild coffee that still delivers a morning kick...
B007TJGZ54,ARSXCLVS4QA6W,5,Coffee
B007TJGZ54,A2FJH6TNED2M1P,5,Delicious cup of coffee
B007TJGZ54,A1KOCGNDLF2VUR,5,PEGGY
B007TJGZ54,ACM6X1Q9R2K81,5,best k-cups
B007TJGZ54,ANE1CIDM4RRID,5,"Green Mountain, the smooth coffee"
B007TJGZ54,A1H5LEFDUN4XQD,5,A Close Second
B007TJGZ54,A1XA1ENL7T3NPP,5,Green mountain breakfast blend
B007TJGZ54,A1XA1ENL7T3NPP,5,Breakfast  Blend by Green Mountain
B007TJGZ54,A3PZXFWWLWZLCB,5,Nice Flavor
B007TJGZ54,A1Q4MNIUESQTBM,5,Lets rate the flavor shall we. The price will always fluctuate.
B007TJGZ54,A152SEWEPC9987,4,rather bland
B007TJGZ54,A2A7AFPDGLYLHK,1,aftertaste
B007TJGZ54,A1IZJVLNMFACS6,5,This is our favorite k-cup coffee!
B007TJGZ54,A2SZLNSI5KOQJT,4,On the Light Side of Medium Blend Coffees.  Smooth with No Aftertaste.  Typical Breakfast Blend.
B007TJGZ54,ANE1CIDM4RRID,5,great breakfast blend
B007TJGZ54,A1Q7K2TXDK0PJB,5,Just Right for Me
B007TJGZ54,A2EDTVVR9IFNLW,4,Good everyday coffee
B007TJGZ54,A2KX4741KP6G8W,5,Yum! My favorite morning coffee
B007TJGZ54,A2YFBDCW1AT642,3,A good cup of coffee
B007TJGZ54,A1Z54EM24Y40LL,4,"Not the best, but CERTAINLY, not the worst!"
B007TJGZ54,A1BJHZE41QWBX6,5,"Green mountain Coffee, Breastfast Blend K-cup Portion Pack for Keurig Brewers, 50 Ct."
B005H8E1F0,A1P5MNOGR6KXP0,2,too gummy
B005H8E1F0,AOY6MHTS66YMW,4,great mix of dried fruit.
B000F9XBDE,A1ZH9LWMX5UCFJ,5,Delicious snack
B000F9XBDE,A1Q0OLCS18M7O7,4,Like little mini pizzas
B000F9XBDE,AM4UVNWCW9NJE,5,"Something like a cracker, but more like a snack."
B000E8Y5CM,A1ZR28SCA9CRPQ,5,The beginning of a love affair
B002RRLZQW,A2JP9E1H0SF392,2,Not a fan of the cocoa taste
B003VZCZ0O,A25C2M3QF9G7OQ,5,Nice treat
B003VZCZ0O,AJCK6OKNWGIYG,5,Love this cereal
B003VZCZ0O,A1XGFW5016CGQI,5,LUCKY CHARMS - DON'T YA LOVE EM?!!!
B002HNZRKQ,A2XKJ1KX6XUHYP,5,The Best...
B000FNADD6,A2XNJJ9TF70P4J,5,I love it!
B000FNADD6,AVJJ2D4G5I0Z4,5,Delicious
B000RJARJS,A1IU7S4HCK1XK0,5,"Clear, beautiful tea--some hints on brewing"
B000HDONJO,A1MYS9LFFBIYKM,5,The Best Gluten Free Pasta!
B000HDONJO,ADJJYTAI7B577,5,My Favorite Gluten-Free Pasta!
B004GU3YXA,A2XAQ3LB4QPEV9,5,Outstanding snack at less than Walmart! Made in USA!
B001LGGH40,A2SH6A32BE6NEV,2,"Too sweet, high calories."
B001LGGH40,ATLO3YXU2BC16,4,A little expensive .... BUT
B001LGGH40,AZ9WQM7SLUX7E,5,Awesome & fun
B001LGGH40,A1QO88MU0PYJON,5,yummy
B001LGGH40,ACWVXZ8VKJ19V,4,Switch Fruit Juice
B001LGGH40,A3DI391K4GAI7Q,5,Wow! Totally Natural Tasting & Delicious!
B001LGGH40,A1B70ZEWQ6UH1A,3,"good idea, so-so product"
B001LGGH40,A23ZNGL704AW7O,3,"Tasty, but I wouldn't drive out of my way for it"
B001LGGH40,A1C760KGFSRI6F,3,Yummy -- but where's the kiwi?!
B001LGGH40,A353U0L2HAMSHV,3,The Switch Kiwi Berry
B001LGGH40,AWIF8AR75LL9L,4,Better than I expected
B001LGGH40,A3TPNC3TKGCCEI,4,Tastes good. Simple ingredients.
B001LGGH40,A2YEZ8Z3BW2SKG,4,Switch things up with this tasty energy drink.
B001LGGH40,A3MCBV388X4A1Z,3,Sweet carbonated juice
B001LGGH40,AE1IT64JYGU4O,3,Good flavor but nothing like Kiwi and Berry
B001LGGH40,A1F2EYORWOZ3G1,4,actually 4.5 starts
B001LGGH40,A2L6QS8SVHT9RG,4,"Sweet & Carbonated ~ Nice, but not for everyone"
B001LGGH40,A3JPFWKS83R49V,4,Your Body Will be Glad You Made the Switch
B001LGGH40,A2065HBMYDXJ1S,4,Good taste
B001LGGH40,AAA0TUKS5VBSA,4,Playing it Safe
B001LGGH40,A16AXQ11SZA8SQ,5,Tastes like real kiwis and berries!  Yum!
B001LGGH40,A3DOPYDOS49I3T,5,Taste pretty good...
B001LGGH40,A2ULQOGN59LDNK,5,Delightful
B001LGGH40,A2OJCTT5WLB2HR,5,It was a hit!
B001LGGH40,A37PZJH2F13IOR,3,Sweet drink
B001LGGH40,A2WRWK0ARXOFSZ,4,refreshing drink
B001LGGH40,A3T8WOFS5RD2IR,4,"Carbonated ""Premium"" Juice?"
B001LGGH40,ANKQGTXHREOI5,3,Mediocre beverage
B001LGGH40,A3GKMK6KQH3Y1H,2,Not Up to Par Taste-wise
B001LGGH40,AHFGCH8LANEZK,2,Not a huge enough difference over regular juice or soda
B001LGGH40,A11L5M4MJP00UW,4,Fruity and Tasty
B001LGGH40,A1T61QP7QHYBRQ,5,Fruiy Carbonated Drink
B001LGGH40,A2BJ9I0BQ1LH5S,3,"nice soda alternative, but lacks a little something"
B001LGGH40,AN81JUYW2SL24,5,Tarty but also sweet
B001LGGH40,A2OKRGHIYTBQ6P,5,It was pleasure to try.
B001LGGH40,A1KKE6VX8VPWZK,5,Very tasty just wish there was more in the can!
B001LGGH40,A3H9MD4MOY3PXS,4,Worth Switching?
B001LGGH40,ACAXV4V8PBCE3,2,Still too much carbonation
B001LGGH40,A3D9NUCR4RXDPY,3,Strong berry flavor; an okay drink for when you are thirsty
B001LGGH40,A2F2S1L61X1LA9,3,Expensive Tasty Indulgence
B001LGGH40,A3DJRNEMOM1XF,2,Yucky taste- expensive too!
B001LGGH40,A2V5R832QCSOMX,4,Tasty drink!
B001LGGH40,A25C2M3QF9G7OQ,3,"Not bad, but nothing special"
B001LGGH40,A22CW0ZHY3NJH8,3,Sweet and syrupy.
B001LGGH40,A3ATKIU6MZZ4MU,3,"Tasty, sugary"
B001LGGH40,AUV3OR951650C,2,Basically tastes like bubbly fruit punch
B001LGGH40,A3QDBUDXLHUJX2,4,YUM!
B001LGGH40,A3HRDRQ5VAFPQS,3,"Great taste, small serving."
B001LGGH40,A3BH63GKL7MQ2K,4,Very Tasty!
B001LGGH40,A1LJR5IS0B6ADX,4,It actually tastes like kiwi-berry
B001LGGH40,A2AQUIHJELUVLE,2,Much too sweet
B001LGGH40,A2FRFAQCWZJT3Q,1,WAY sweet
B001LGGH40,A1H7Y5XKPGT0OS,1,Carbonated kiwi juice in a can
B001LGGH40,A1Z7Y2GMAP9SRY,1,I will not be making the switch to SWITCH
B001LGGH40,A30IP3E4MDQ36,3,"Taster then soda, but still full of sugar..."
B001LGGH40,ADS5APY1NKTL4,5,tasty and effervescent...
B001LGGH40,A2WCFDOCS73PNB,4,Cool refreshing Kiwi taste
B001LGGH40,A2I5LVVQ7WXEH6,4,Switch Kiwi Berry
B001LGGH40,A24O15MYDNLZBE,4,"Great Flavor, A Little Too Sweet"
B001LGGH40,A37JNUJSVAJKYN,2,Different
B001LGGH40,A1RRMZKOMZ2M7J,4,Nice change from soda pop
B001LGGH40,A2701UXI8QGRHE,4,"A nice treat, but no substitute"
B001LGGH40,A36S5U0QOWMOSX,3,It's okay
B001LGGH40,A28CCN6VYHRUKS,2,Too sweet for my tastes.
B001LGGH40,ABNMD6670TV53,2,Lots of calories and carbs
B001LGGH40,A2J8DE8R94ZB02,5,I Love It
B001LGGH40,A2CIQEY05SPHTZ,2,Where is the Kiwi?
B001LGGH40,A3UOS7EC0NN88A,4,Tasty and refreshing
B001LGGH40,APP5MBH2BSX6I,4,Swwwwweet but aftertaste
B001LGGH40,A3HPCRD9RX351S,3,Good But Not Enough to Switch
B001LGGH40,A1SCANWWQTEG9I,3,pretty good
B001LGGH40,A1FWFCJU2G7TRA,4,"Great Taste, wish calorie count was lower."
B001LGGH40,A3UBDVOL5UDIIB,4,Pleasant tasting and refreshing
B001LGGH40,A1R9QOPV6HVEKF,3,"Sweet Fruity Drink, Better For You Than Soft Drinks, Why Not Just Drink Water?"
B001LGGH40,A2R1HAXRNU0QX7,3,Tastes more like Carbonated apple juice
B001LGGH40,A3QS4WWC1LCA6H,4,"Different flavor, still pretty much unexciting"
B001LGGH40,AIGI4MMOFYO46,5,Sweet treat!
B001LGGH40,A29TZ0192IY8IZ,3,Too sweet!
B001LGGH40,A1P4RH7KMJ1SV2,2,Sweetness Overload
B001LGGH40,A1517476XFOC7A,5,This is What Soda Should Be!
B001LGGH40,A1NGFGBX2VCQS8,4,Looking for a replacement for soda?
B001LGGH40,A35JP8KSV9281K,5,My fav
B001LGGH40,A1S78V0MOUYFUA,5,Tastes great and is better for you!
B001LGGH40,A306153FTKS9PL,2,"Crisp taste, but high in carbs/sugars"
B001LGGH40,A2Q2A6JKY95RTP,3,Better Than Soda
B001LGGH40,A3BTL4FV6ODKAT,4,Soda Juice II
B001LGGH40,A14X244VGHWPSX,4,I like it!
B001LGGH40,AJ3FY4QHTOUKC,4,very good
B001LGGH40,A375NF45A1MDWI,4,A nice LITTLE drink.
B001LGGH40,AYNAH993VDECT,4,Sweet carbonated juice is a 135-calorie compromise
B001LGGH40,A1XJOSJN6FHFO0,5,Great Taste!
B001LGGH40,A1FHWJ7EFO3E3U,3,Lightweight juice with bubbles
B001LGGH40,AAG0O8X2PYE6G,3,sweet
B001LGGH40,A250AXLRBVYKB4,2,Much too sweet
B001LGGH40,A1D6PWUMDY9F7V,5,Solid
B001LGGH40,A3U5JCXIXTGSLN,2,"Good Every Once in a While, but Not Often"
B001LGGH40,A20H1M28WLI9J2,5,Great Taste & All Natural
B001LGGH40,A1NN8Q1DLAYPGH,3,Surprisingly GOOD!
B001LGGH40,A2VHCA21QKNEKE,2,"Too Sweet, Too Small, & Too Expensiv e"
B001LGGH40,A1P2XYD265YE21,5,"Perfect Blend of Flavor, Healthy Components"
B001LGGH40,A688RIZ2POWSQ,5,"The taste is big, even though it's a little small"
B001LGGH40,A3IR834T7AROBT,3,different than colas
B001LGGH40,A1SI2993YY7C61,4,Great healthy alternative to soda
B001LGGH40,A1TW9ZGRDQQZ2Y,3,My second favorite of the four I tried
B001LGGH40,A1ZGHA3IJV01BK,4,Pretty Good...
B001LGGH40,AHRNDSKWH1YBT,3,WHOO WEE That is a Sweet Drink!!
B001LGGH40,A2XBE812RSFZO7,5,UNIQUE FLAVOR
B001LGGH40,A17771LTRWSKQ5,3,Good but not out of this world
B001LGGH40,A16WPA6JV83YXT,4,Healthy juicy soda alternative
B001LGGH40,AWKZAUC0D8DYL,5,Great alternative to sugary soda
B001LGGH40,AAKQTXS4JOUR5,4,Switch Carbonated Juice Drink
B001LGGH40,A2I98OOPNIJNYY,3,Not what I grew up on
B001LGGH40,A36K2N527TXXJN,5,The true un-soda
B001LGGH40,A1J5HIF41ENSMZ,5,I really enjoyed this flavor
B001LGGH40,A1SINHLUYMCCRK,3,"Apple, Grape and a touch of Kiwi-Berry"
B001LGGH40,A1D6DFC3AGV3JZ,3,Nothing special
B001LGGH40,AFFVUZEGP1FDQ,3,Overly sweet and too expensive
B001LGGH40,A3SQQYS79AV13M,5,Refreshingly Tasty
B001LGGH40,A2MSQNPTNAAGL1,5,Best one yet!
B001LGGH40,A1TRAEV7QWA5DX,5,Great for a cabonated drink
B001LGGH40,A34W7QA4J5UTOR,4,Kiwi Berry
B001LGGH40,A1JFGBFN1W5G6U,4,"Very tasty, sweet and tart"
B001LGGH40,A16PUD6V3KAZ0Q,4,Refreshing and tasty... Very light on the kiwi...
B001LGGH40,A1DW1FK1H3F2TM,4,"This ""flavor"" is actually pretty good!"
B001LGGH40,A1CFU5XJXN3PV4,3,Let Me Call You Sweet/Tart
B001LGGH40,ADEZOPMPKK146,4,Refreshing
B001LGGH40,A13MKSASQ6YWL7,4,I enjoyed it
B001LGGH40,A1ER6IYOMM8VCT,2,TOO SWEET AND TOO SMALL! SWITCH!?? I THINK NOT!
B001LGGH40,A3HJHV83O2U8BL,1,Too sweet and does not quench thirst
B001LGGH40,A1S52XH2CS4Y26,4,"Great taste, but a little too sweet"
B001LGGH40,AMRMK86X3PKXD,4,Switch Beverages Have Good Flavor
B001LGGH40,A3F1G6UH4Y39X2,5,Guilt Free Flavor!!  (With no Soybean con attached!!)
B001LGGH40,A1C139F5C7Y38P,3,A very good thing - in a too-small package.
B001LGGH40,A2MY9VXHZYAHUZ,1,Tastes like a cheap lollipop.
B001LGGH40,A3VBXQKRM7A4JR,5,Very tastey
B001LGGH40,A29YKT85YFAY87,5,Why aren't all packaged fruit drinks this good?!
B001LGGH40,A3T3S48UAVTUE9,5,Tasty and refreshing
B001LGGH40,A2MLA4FHL5K325,5,Refreshing
B001LGGH40,AW7BIYHXUIZ62,3,8.3 ounces of expensive mixed juice
B001LGGH40,ACVDL5QRCOPE1,4,This was pretty good
B001LGGH40,A22K36X80X815R,5,D- liscious !
B001LGGH40,A3L2KYOYDWSRPL,5,love the taste
B001LGGH40,A37WVR9M1STQDU,4,A bit on the sweet side.
B001LGGH40,A2VYSDQ4Q7B2TC,4,"Exactly what it states, but nothing special"
B001LGGH40,A3J356L2ADK05Z,4,good; still bad for you though
B001LGGH40,A3OO4WIO4SKD55,3,Tastes great but nothing like Berry or kiwi
B001LGGH40,A2WN1QF8GSVHYV,5,"GREAT portable juice, and great flavors!"
B001LGGH40,A1VXIY1511XQK2,4,"""100% if what you want, 0% of what you don't"""
B001LGGH40,ACYR6O588USK,5,Healthy Alternative
B001LGGH40,A1Y5ERIKQBEMSP,4,Crisp and refreshing but spendy
B001LGGH40,A2YQ2ZI65F37N8,4,flavorful
B001LGGH40,AONUCJBC85BL,5,really really tasty
B001LGGH40,A3H8PA7AG48K33,5,Refreshing Kiwi-Berry Beverage
B001LGGH40,A1YUL9PCJR3JTY,3,Serviceable Substitute For Unhealthy Sodas
B001LGGH40,A17A1KTVI3DG6U,4,Flavorful and Refreshing
B001LGGH40,A2WPO2NR9FIWR2,4,Surprisingly Good
B001LGGH40,A25HYPL2XKQPZB,4,"100% Juice, so that's good, right?"
B001LGGH40,AXVKMYWNIHK7W,5,Switch drinks
B001LGGH40,AMTK54YZAO411,4,"Please, sir -- may I have some more?"
B001LGGH40,A1B4MIXYVIKMU2,5,Great Tasting Carbonated Juice!
B001LGGH40,A3GK9LT41X73NC,5,Most Excellent and Healthy Carbonated Juice!
B001LGGH40,AVJJ2D4G5I0Z4,4,Refreshing taste
B001LGGH40,A1B05INWIDZ74O,4,A Berry Carbonated Fruit Juice
B001LGGH40,A3R33KMESG0XGQ,5,Tasteful!
B001LGGH40,A3D6KZT0QG6UKB,2,Tastes like bubblegum
B001LGGH40,A2BCDZO1XQLDH,5,Excellent product
B001LGGH40,A3JLOIXFM75QNV,2,No sugar but awfully sweet-and not in a good way
B001LGGH40,A2XA8CW5DF4MNZ,5,GREAT HEALTHY ALTERNATIVE TO REGULAR SODA!
B001LGGH40,A37NHGD0WTRYFH,4,Its a pleasant fizz
B001LGGH40,A25KVM6GJBLISZ,4,Excellent Flavor
B001LGGH40,A26U7D0N4PCTNT,2,Not a fan of flavored carbonated water
B001LGGH40,AYGEP8I4BQ3CK,4,A more portable Switch
B001LGGH40,A4VMQ6ZTSXSSL,4,100% Vitamin C but 34g. of sugar.
B001LGGH40,AL4SB31UAZLXL,5,Delicious!
B001LGGH40,A1S2IY37JU93XS,3,Too sweet for me
B001LGGH40,A1LHAXBM5GBJS2,4,Good Tasting but Not Great
B001LGGH40,AESPLVBQJCNC7,5,"Tastes like a ""regular"" soda, but made from 100% juice!"
B001LGGH40,A1BEKAQQGP8CMF,5,I would probably recommend drinking this with a pastry
B001LGGH40,A3G7BEJJCPD6DS,3,"An Alright Taste, Too Sweet"
B001LGGH40,AZAKCIFE27RAA,1,False Advertising
B001LGGH40,A1IH42TUIZ2XJL,1,Liquid Lollipops
B001LGGH40,A1E8XXAKINL0B1,1,33 grams of sugar in a small can
B001LGGH40,A2W4014S06NAIT,2,Not quite my cup of tea
B001LGGH40,AFJFXN42RZ3G2,4,"Kiwi, kiwi, kiwi, where?"
B001LGGH40,A1ZH9LWMX5UCFJ,5,Tasty and refreshing
B001LGGH40,A2F1QPIJTDWK55,3,Good drink!
B001LGGH40,AYPIF2S8P3RZT,1,Wasn't for me
B001LGGH40,A1DJ9FOEOA0WF1,5,A real thirst quencher
B001LGGH40,A3464G00K8ZYD1,5,Great Un-Soda
B0002PHDAS,A2A9X58G2GTBLP,5,GREAT LEMONY EXTRACT!
B002GWHGBQ,AZG9NISRWJB6F,5,Great Decaf
B000OM8IFS,A9PKYI8B9V9VB,4,Delicious for just about anything
B003XUJ564,A2YIO225BTKVPU,4,BEST VARIETY RAVIOLI
B003XUJ564,A2C9XE9I8RSKNX,4,Pretty good flavor !  Great price !
B003XUJ564,AOINAOO0NQRGN,4,The tastiest and most flavorful Chef Boyardee product yet
B003XUJ564,A35W3JQYP0M655,5,Fine Home Made Flavor
B003XUJ564,ASBLZT964CTIZ,5,"A classic, updated a bit."
B003XUJ564,A2P1YV1633ZX8W,5,Great Stock Item
B003XUJ564,A1XVQ3KHS22E3F,4,RAVIOLI - ITALIAN SAUSAGE
B003XUJ564,AYZZSRYAIXNOS,5,Enjoyable snack
B003XUJ564,AC2SMT7WEOBQM,5,Quick and easy
B003XUJ564,A3RHPBNP2N9RJB,3,Weird Black Stuff
B004GI0I68,A6GMEO3VRY51S,5,made in Michigan since 1866
B004GI0I68,A2GEZJHBV92EVR,5,Like it.
B004391I3C,A18SPWHKMN5P86,5,Finally an impressive and felicitous single-pod option!
B004391I3C,A381EV6XXMCIOQ,3,"It's okay, but there is definitely a bitter aftertaste"
B004391I3C,A34U4Y40W1GW9I,5,Excellent product.
B004391I3C,AEWYUPCNDV7HY,4,Target dot com has better price
B000PIQF8S,A2SB7QP43RNWC9,5,LOVE LOVE them
B0029K0QHG,A14BTJRH9VNLJJ,5,Very tasty and surprisingly satisfying
B0029K0QHG,A3GGQC9BRC6ABK,5,"Gift- but I had some, YUM!"
B000EMOCTE,A2NOZB6VZCTOI4,5,Dog-Shaped Gelatinous Fruit Chews!
B000EMOCTE,A1CVN6FWUCZOMD,5,best fruit snacks out there
B000EMOCTE,AIL7KO1U5Y5HZ,5,"Don't be fooled by the Sams Club ""fruit"" snacks"
B003KT9L0S,A1MMFSW19AM019,3,"Nutritious and sweet, but very thick and syrupy"
B000F2VESU,A2LRTX6NJ26P74,1,shipping over kill
B000NJMV14,A383XURHVF8ON6,5,Excellent grain-free treats!
B000NJMV14,A1YY3M98PYO22G,5,Great treats for a picky dog
B0018CE5L4,A22J92A80WI059,4,Basic Stuff
B0018CE5L4,A8INT3NMHRUS4,5,Upgraded from the smaller sized bag
B001NJJOCW,A1IATV65IYNK96,4,Delicious!
B003VVL8NS,A36TDUTU6LK1ZL,1,Not at ALL the same!!!
B003VVL8NS,AIMENKO3TMZ4X,2,Not The Same - Very Artificial Tasting
B000EH0RU2,A31Y8G63IXG285,5,Great Rice Combo
B000EH0RU2,A24NDM8VZ4VNU8,5,Great rice
B000EH0RU2,A28QTVEFQX6Y9X,5,Great
B006JG8ALK,AWIF8AR75LL9L,5,Beats Jennies Coconut Macaroons!
B006K02VJC,AVFVXW75F5Q2O,5,Delicious treat with simple ingredients
B00474G3BU,A1O3ONM1MJM7EM,5,Addicting!
B000I6PZVK,A2L00YZBDOOM8N,5,A real fan
B005DM3N2M,A2N2O5DQAHQSRK,5,SUMMER THIRST
B005DM3N2M,A21U4DR8M6I9QN,5,"wonderful, better than ten years ago"
B005DM3N2M,A2MNB77YGJ3CN0,4,Nice assortment of flavors ...
B005DM3N2M,A3TBTAX85OYRKP,4,Crystal light on the go
B000V9NFAM,A3DD96LN8U1NM,3,Bitter
B000GPXRRW,A2R6RA8FRBS608,5,Vanilla caramel Coffee-mate is TOPS in my book !!!
B000EVIDUY,A1REUVV0JG6S1F,5,Really great gluten-free brownies!
B000EVIDUY,A1EJUI68G6UXBG,5,Fantastic brownies
B000EVIDUY,A3K893ZQAUFP3H,5,Absolutely delicious brownies
B000EVIDUY,A37GAGAZDFRMZ3,5,Great brownies that just happen to be gluten free
B000EVIDUY,A3BPPXMWA7BF6Q,5,"company's coming, get out the brownie mix!"
B000EVIDUY,A3ICDLUQ3V2QY2,3,Tasty but Crumbly
B000EVIDUY,A36PG3D7ILZEU2,5,NIRVANA!
B000EVIDUY,A25ETVRL1LE4LN,2,Disappointing
B000EVIDUY,A19C2AS1H3ZGXY,4,family favorite
B000EVIDUY,ALOCJ67KRE6G1,5,Great brownie mix (if you're a little creative)
B000EVIDUY,A1JFA8E1XSVX3,5,great mix
B000EVIDUY,AMJJZBOAV8HCC,5,YUMMY YUMMY YUMMY
B000EVIDUY,A2VA1CSQ74IKXP,5,fabulous brownies
B000EVIDUY,A2ALN4CC24WQB,5,Awesome Brownies!
B000EVIDUY,AKY1ISIZP5DIU,5,Great gluten-free brownies
B000EVIDUY,A2FVD05Z2FYW1P,5,delectable brownies
B000UJW0W2,APPJNVNF4BFLB,2,Not the best
B004P8JNFQ,AVJJ2D4G5I0Z4,5,"Great for ""catkins"" diet"
B0045Z6K50,AYA27SRXFOXP7,5,Great choice!
B0045Z6K50,A2OGPJKR9TT8SI,5,The best!
B0045Z6K50,AGFV9F4CI93S3,5,Picture and Description DO NOT AGREE which is it?
B0045Z6K50,A1HGXLP6WATS4B,5,Possibly the world's most perfect k-cup.
B0045Z6K50,A2ZNXVTFNE6MQO,5,Makes a strong big mug of coffee
B0045Z6K50,A3K9YKYVGEENPI,5,Great Coffee
B0045Z6K50,A1RS732SMTA5W2,5,great coffee
B0045Z6K50,A3UROAHZHOIMTR,5,A Rich Cup
B0045Z6K50,A2BXD9E5I6L3D4,4,Excellent but pricey
B0045Z6K50,A152SEWEPC9987,4,Nice flavor - consistent with the regular one
B0045Z6K50,AAR4GSQH9FR8Q,5,Still the best!
B0045Z6K50,A3KHF4HNHSQYZ0,5,NEWMAN'S OWN
B0045Z6K50,A2SZLNSI5KOQJT,3,"Bold, Not Extra Bold.  Slightly Bitter."
B0045Z6K50,A10PEXB6XAQ5XF,4,Good Cup of Morning Joe
B0045Z6K50,ALOCJ67KRE6G1,2,Nothing bold about this flavor
B0045Z6K50,A2N3Q3TZW0AIVN,4,SORRY STARBUCKS
B0045Z6K50,A3T5S5CEEBMVTT,2,Definitely not my favorite
B0045Z6K50,A1WVMU2PMQ0GXW,5,Excellent coffee.
B0045Z6K50,A103U3KR4L2ZXT,5,My favorite K-Cup Coffee
B0045Z6K50,AQQLWCMRNDFGI,4,A nice addition to my K-cup repertoire
B0045Z6K50,A2YFBDCW1AT642,5,Newman's Own
B0045Z6K50,AYH8K5A9NPMNN,5,More bang for my buck!Q
B0045Z6K50,AAR4GSQH9FR8Q,5,Yummy!
B0045Z6K50,AIODQVA7W10YL,5,My daily driver
B0045Z6K50,A1WQ82GSABUJJJ,5,My favorite for the morning!
B000CMIYWM,AULIHX03CFCF8,5,searching for peace
B000CMIYWM,A1KXONFPU2XQ5K,5,A complex flavor that seems to offer relaxation
B000CMIYWM,A56JFSLUCHI4J,5,It's the smell kept me coming back for more.
B000CMIYWM,A3MUO47CT6EQF8,5,GREAT tea!
B0000GH6UQ,A2PNOU7NXB1JE4,5,Mexican is quite good
B0000GH6UQ,A3H7DJ8TDWZTIC,5,world's best hot chocolate  !
B0000GH6UQ,A1YJMG0QJXZLD4,5,This is the really close to the real deal
B0000GH6UQ,A29QXI9MWCVO7Q,1,Just OK
B000CMIYWC,AULIHX03CFCF8,5,thank you
B000CMIYWC,A2Y6TZTQT2HYH4,5,It works!
B000CMIYWC,A15ZLXABTK8F3F,5,Amazing Tea for Allergies and Asthma
B000CMIYWC,A3EBHHCZO6V2A4,4,Learning to exhale
B000IHXML4,A2JCKLHCJI1DLN,2,Bone
B003QWN6B4,AJXVOY9PS5UUP,5,Great littler bars are these Oskri Coconut Originals
B003QWN6B4,A2YO8731SKDKLL,5,"Better than a mounds bar,  this was awesome"
B004A9GIGM,AJ94Y22SUFCGU,5,lots of sweetness with no sugar
B002Z04RNY,A316PEISP38C8O,5,Perfect finger food!
B002Z04RNY,ANK76360Q8YU2,5,"Wonderful organic, healthy snack for your toddler"
B00390BRVE,A1PI8VBCXXSGC7,4,Great tasting MILD coffee....
B00390BRVE,A2A8KWCE8RKB9T,5,Starbucks Best
B000HTU1U8,A1Q7A78VSQ5GQ4,5,Highest Quality of Marzipan-like no other!  A brief history here. Read on.
B000R32F6M,A1HBC0NBQJHT7X,5,Rich and delicious
B003YBJ9JA,A1D0N7I6OHX3WU,5,"Good Flavor, Good Nutrition"
B003YBJ9JA,A1D0N7I6OHX3WU,5,Great Taste and Price
B000RJRFNO,A3KUC5K5VSJNU9,5,Fantastic!
B000LKTSZ2,A360OAQUH18QAJ,5,Lovely Treat - Not Too Sweet!
B000LKTSZ2,A4JS8BC0B8Z65,3,Just barely O K
B000LKTSZ2,AFQRD8UY20DJ7,2,Disappointingly thick and crunchy
B000LKTSZ2,A2PRQHCIDISMM4,4,"Good, tasty wafers, but where is expiration date?"
B000Z978SS,A1SO1PGDNVMLXC,5,Great stuff!
B000Z978SS,A3OXHLG6DIBRW8,4,Really Good Sugar Substitute - Highly Recommended!
B000Z978SS,A1SO1PGDNVMLXC,5,"Great product!  From corn, not birch"
B000Z978SS,AWPN47SSWK1JV,4,Tastes Good
B000Z978SS,A338F6SDG7B0UP,3,natural sweetner
B001EQ4LAE,AR5YCBPFBPMHE,4,yummy!
B001EQ4LAE,A2EP47EDN74VIM,5,Very good brownies
B001EQ4LAE,A3RR2P5IS3DGPR,5,The best GF Brownie Mix
B000EVMNO6,ARBKYIVNYWK3C,5,"Big bag, interesting taste"
B000EVMNO6,A20L63B48RPSOH,5,Almost too much of a good thing
B004OKXSXI,A31N6KB160O508,5,Delicious
B0001FQVCA,ACYR6O588USK,5,Sweet and Delicious
B0001FQVCA,A3JV071KO43Q5X,5,"Heard of it often, never tried it - OMG is this good!!"
B0001FQVCA,AXCQAX1RVO3SW,4,Nutella... an Italian institution!
B0001FQVCA,A8INT3NMHRUS4,5,Addictive!
B0001FQVCA,A2NOW4U7W3F7RI,5,Addictive!
B0001FQVCA,A1J65EXRZ14U0U,5,love it
B001BMDEZY,A20G1KEZ9QZ6Z6,2,They Taste Like Misflavored Corn Chips
B001BMDEZY,AE2FJJ3UM4VS7,5,Just as flavorful as I remembered!
B001EO653M,A1EX5SK2PD0XLC,3,"not my cup of tea, so to speak"
B001EO653M,A1AF48ABEIIDOX,5,WINTER BLAST HOT CHOCOLATE
B001EO653M,A2WLS1TTUUGJYU,5,Gotta' Have My Chocolate!
B008ZRKZSM,A1MXA7BT95J28Z,4,Tasty
B008ZRKZSM,A3VFIWVZ2P2SC6,5,Great taste!
B008ZRKZSM,ATJN4KEHJBOC8,5,Powdered peanut butter??  YES!!
B008ZRKZSM,A2YWQAFCHIO779,4,Worth a try!
B008ZRKZSM,A2B9GVKFAI76XS,5,This is a must have!
B008ZRKZSM,A2KVAGB52EOKLS,5,Great for COOKING.
B008ZRKZSM,A1J020XG7TABPG,4,"Like shirataki noodles, this is a winner"
B008ZRKZSM,A1H6TK4JX6VH0S,5,This is great! pay attention though; you DO have to mix it!
B008ZRKZSM,A2TN9C5E4A0I3F,3,Good..but price is AWFUL
B008ZRKZSM,ARQPQ8LF5NTEZ,4,No basic directions
B008ZRKZSM,A1P5MNOGR6KXP0,5,wow and yum over in Afghanistan
B008ZRKZSM,A15S9OH2IG6VVD,5,Perfect.
B008ZRKZSM,A3V1A3C9DTLPME,5,Pretty tasty and very handy for the health conscious
B008ZRKZSM,A3HJVLNBJ6LS6M,5,"Yummy alternative to fatty PB, but priceMUST be wrong"
B008ZRKZSM,A2I5OC3AQBTPC1,1,Disappointment
B008ZRKZSM,AIW77UMHDBGLU,2,"Low fat, but it has sugar added so whats the point"
B008ZRKZSM,A1RJUXDK64O91A,3,Not a substitute in taste
B008ZRKZSM,A2IIMX1CS0TIE9,5,So Good why isn't it Bad???
B008ZRKZSM,AHDOV721XZ7DG,5,Yum!
B001VNP4A6,A1T9D6S6ETH42I,5,Freshness counts!
B001EX0NWM,A19YPE8M0WAWXF,5,Vegan/Vegetarian High Quality Dog Food
B000SATIGO,A1BIPJK03QKFQA,3,It is okay ... I'll drink it....  but won't buy it again
B000SATIGO,A3H7DJ8TDWZTIC,5,excellent tea !
B002HG5BNQ,A1IDJJNXXN7ZOP,5,"Wow, these are REAL cookies!"
B002HG5BNQ,A1JMCY0XKUXT6X,5,This are really good.
B002HG5BNQ,A2YCEKVUN1W5F1,4,Good GF cookies
B001TM3XKW,A1N4NAIHZF4J7X,5,BEST FOOD IN THE WORLD!!!!
B001I7PNKQ,A1YUL9PCJR3JTY,5,"Herbal Alternative to Caffeinated Beverages, A Different Rooibos"
B002X1831C,A2VUD4SPJO4V33,4,Delicious! And better value than the six-pack of full sized bars
B0053T1688,A235EY6S2D1SG0,3,USA made!
B0053T1688,A2QDTQVEVVJA5,5,Amazing dog treat.
B004BKVQF8,A3M922QSBYYXR,5,These were amazing!
B000CMF1A0,A2OEBXH97ET16R,4,Delicious aroma
B000CMF1A0,ADS5APY1NKTL4,5,One of the best licorice/mint teas I have ever tried...
B000CMF1A0,A21THKVZYP10WG,5,A Favorite!
B000CMF1A0,A3EYP65V7ADYH6,5,My Absolute Favorite Tea & Amazon Has the Best Price
B001XVW3DC,AH6BI8F3EE6K1,5,My favorite salt.
B001XVW3DC,A2IKX7H2PLHULP,5,great salt
B001XVW3DC,AF1H4YRBRMBB9,5,One of life's little pleasures
B001XVW3DC,AIQDUKFB4X38M,3,Puts The Sea in Sea Salt
B001XVW3DC,A2RWVUT42HQAQC,5,Wow
B001XVW3DC,A2K4SLANHLGYGR,5,Great finishing salt
B000NVD9DG,AEXV0U23G2GTY,5,Healthy Chew
B0047CNMMU,A33Y6C4N1FKNJX,2,Instinct Grain-Free Salmon
B0047CNMMU,A2ZI9P5J5BWGBH,1,not good
B001FA1G6G,ASIAG7SXINSBI,5,Great value
B001FA1G6G,APP8XWYYV4PAA,5,Yummy assortment of favorite candy bars in bite-size pieces
B000BZ6LXO,A20L63B48RPSOH,1,Gnats here too
B000BZ6LXO,A2TGDTJ8YCU6PD,1,Gnats all over my house from this product!
B000LKTSZM,A360OAQUH18QAJ,5,Lovely Treat - Not Too Sweet!
B000LKTSZM,A4JS8BC0B8Z65,3,Just barely O K
B000LKTSZM,AFQRD8UY20DJ7,2,Disappointingly thick and crunchy
B000LKTSZM,A2PRQHCIDISMM4,4,"Good, tasty wafers, but where is expiration date?"
B001FA1DYG,A25C2M3QF9G7OQ,5,"The return of the dark chocolate Kit Kat, but there's a catch"
B001FA1DYG,A2A9X58G2GTBLP,5,EXCELLENT!
B001FA1DYG,A1X2A8LAZLOUO0,5,kit kat heaven
B001FA1DYG,ASIAG7SXINSBI,5,Perfect mix for my family
B001FA1DYG,A3OXHLG6DIBRW8,5,Great For College Students - Highly Recommended
B000MXEN7Q,A3DAS42VRO66SN,5,My twins love it!
B000MXEN7Q,A3HGBBGUAF3D8H,5,Son eats it
B000MXEN7Q,A1LHOKYENR7HP2,5,Good Breakfast
B000MXEN7Q,A3DAS42VRO66SN,2,My twins hates it!
B000MXEN7Q,A1BD342U8BF3UC,5,I got this for a diet i tried
B000MXEN7Q,A24HT9FC6OU1J2,5,My baby loves this
B000MXEN7Q,AH5GCNH82ZU0C,5,baby loves it!
B002OFTFVY,A2TKKLZTJV4NLV,1,Worst taste ever!
B003ANJ9SI,A2ZGHESQDCI77M,5,My Shiloh loves it!
B003ANJ9SI,A2PMBIUGSQB22N,2,We switched to Pinnacle upon recommendation
B002UL6M0E,A1GQAKL9CGQLP1,5,Great Gift for the Holidays
B001O8MPDW,A1YCRX6QBEGD21,5,Great product. Try making your own.
B000F4H5F4,A3D6TFYRMIV3ZL,4,The quintessential breakfast tea.
B000F4H5F4,A1DC8ZQOCYUZJX,5,Good Deal
B0059L7SFU,A2T3R6XXD9PAZB,2,inedible
B00008JOL0,A3QZ6JT0R1OWEC,1,Tastes like chemicals...my Shih tzu & Pekingese would not eat them.
B00008JOL0,AR32T3627EWQ0,5,HIP ACTION
B00008JOL0,A3BUWPGBC82ZB,5,Two Havanese Love These
B00008JOL0,A3HHLRVCGQW0L7,5,Love these treats!
B00008JOL0,A3HPCRD9RX351S,5,Hip Hip Hooray for Zuke's
B00008JOL0,AY50S2HZHQO2Q,5,My 3 dogs love these
B00008JOL0,AY50S2HZHQO2Q,5,My dogs love these
B00008JOL0,AS5VIFYZBZTSA,5,Great product
B00008JOL0,A31X839XCZ3WE9,5,Zukes Dog treats
B00008JOL0,A34BRSDS9MJXTZ,5,Best way to give glucosamine that I've found
B00008JOL0,A2B9GVKFAI76XS,5,These really work!
B00008JOL0,A3MGVBGYQAZ7PA,5,Great for all dogs!
B00008JOL0,A1W2F15YRW36XF,5,All natural!
B00008JOL0,A3W37DL6P9WZHC,5,Great little treats that dogs love!
B000FFRU3U,A1WX42M589VAMQ,4,"Hearty, very pleasant instant oatmeal with fruity bits--a big serving, too"
B000FFRU3U,A2E3WMF9RWW2X2,5,REAL Fruit inside!
B000FFRU3U,A2L6GDFGKYC6GP,2,Barely Edible
B000FFRU3U,A1G5A8NMZT9QIL,5,Great Breakfast
B001534R00,A3OXHLG6DIBRW8,4,Effective Energy Drink - Recommended
B001534R00,A3L5PEHPMY8T4A,1,HORRIBLE EXPERIENCE DRINKING THIS STUFF
B001PO7FIU,A3I5YPJZMTG1QO,5,This is really a 10-STAR item--go buy it right now!
B001PO7FIU,A1UQBFCERIP7VJ,5,"Excellent quality oil with a delicate color, flavor, and fragrance"
B001PO7FIU,A2A8KWCE8RKB9T,4,Good grade oil
B001PO7FIU,A35N0EICBY7X8J,5,Great pan-cooking oil!
B001PO7FIU,A1UD16T8XBNNIE,5,Reminds Me Of Olive Oil
B001PO7FIU,AO1HIVTUCQZQ2,3,Just okay...I prefer Olive Oil for taste
B001PO7FIU,A236JGXFISDMKL,3,ODD TASTE
B0007ZPY2C,A1TMNIGFVJ32JL,5,The Only Thing Better Than . . .
B0007ZPY2C,A3GTHBGPYBTB1J,5,Straight from Jamaica
B0007ZPY2C,A54Q23KJDSWWR,5,Conscientious Seller
B0007ZPY2C,AASDC50X3QHYX,5,the.best.coffee.ever
B0007ZPY2C,A2ZPKV563FR4NS,5,Jamaican all the way!
B0007ZPY2C,AHG1X8SCKAVAU,5,"I don't even like coffee, but I LOVE this!"
B0007ZPY2C,A331TXDQ3NFCHG,3,so so
B0007ZPY2C,A22OICJE7B2CE0,2,Jablum leaves me nonplused...
B0007ZPY2C,A9Q0F94C8NMVZ,3,Nothing to write home about
B0007ZPY2C,AMRGQ0SDOOMLQ,3,Nothing special
B0007ZPY2C,AJQZGRNYW75B9,1,I did not like it.
B000F4H5FY,A1HRYC60VTMYC0,5,Unbeatable flavour and taste
B000F4H5FY,AC6LV5D2RKTIR,5,Great pack of dark teas
B000F4H5FY,A1F7YU6O5RU432,5,A collection for those who enjoy black teas.
B000F4H5FY,A3NVB6HKMUH2NM,4,"Actually the tea was two 5 Star, one 4 Star and one 1 Star"
B000F4H5FY,A2ALRZ0ENQLYY5,5,Good variety
B000F4H5FY,A3VD6KREW99X02,5,All time favorite tea bags
B000F4H5FY,A2YB7DLC3FOR7W,5,Good Value on Great Tea Sampler
B0078DPT3K,A1GQAKL9CGQLP1,5,Healthy and Tasty Chip for Snacking
B003FSPWXY,AIQDUKFB4X38M,4,Decent Meal Starter
B003SC0Q4C,A233H2J16V56W8,3,an acquired taste
B003SC0Q4C,ARRINXMQMRJQP,5,Best. Ginger Ale. Ever.
B000F4H5FE,A3D6TFYRMIV3ZL,5,"The ""Green Pearl"" of Tea."
B000F4H5FE,A1IN9LVY9QL620,5,Beyond basic...
B000F4H5FE,A2H2LJCQ5DJ5K3,5,Great Tea!
B000OQ2DJ6,A2PNOU7NXB1JE4,5,"A bit waxy, but has all the health benefits"
B000OQ2DJ6,A3NNO32KVSYJTO,5,Organic Honey
B000F4H5FO,A2KHE353KJDQY6,5,My favorite tea - for a reason!
B000F4H5FO,AXO4PQU0XG3TG,2,$20.04 too citrusy!
B003R0LM48,A8FJHPCMKR28F,5,Great if your cat has urinary problems
B003R0LM48,AYUWG8PVGRJ6R,5,wonderful for cats with UTI's
B004BKP68Q,A2XNJJ9TF70P4J,5,Wow.
B00375LB6C,AOJQAJLOLTL9H,3,Okay but not Cake Mate
B00375LB6C,A2GHCO7AQPZFVU,2,Got the job done
B00375LB6C,A3M931MLZ5Y7IY,5,Exactly what I wanted
B00375LB6C,AZH7YG7XUM4G9,5,Rainbow jimmies
B00375LB6C,A30NZHE1H756IU,5,Perfect for our cupcakes!
B00375LB6C,A10HEE7D9Z66WZ,5,Great Looking!
B00375LB6C,AIIK70YY3CT19,5,Pink Sprinkles
B00375LB6C,AOQSK3TOBM66C,5,Its a light purple
B00375LB6C,ACQET5AAIJE5,5,Great Price and Delicious sprinkles....
B00375LB6C,A2JQ32S2QX5FAB,5,Classic Jimmies!
B00375LB6C,AD1ZVPX4TKOVW,3,Not my favorite tasting jimmies
B00375LB6C,A2UIVSCVH5S6H3,5,Perfect!
B00375LB6C,A3C18MRX72K9RV,5,These Are Great!
B00375LB6C,A23GFTVIETX7DS,4,Exactly what I needed
B00375LB6C,A1XGFW5016CGQI,5,AESTHETICALLY PLEASING~~~~SPRINKLES!
B000F0FVJU,A106ZCP7RSXMRU,5,Natural organic and great tasting crunch!
B000F0FVJU,A3GQOY83MX72TQ,1,Once Great Snack Gives Cardboard a Bad Name
B00375LB6M,AOJQAJLOLTL9H,3,Okay but not Cake Mate
B00375LB6M,A2GHCO7AQPZFVU,2,Got the job done
B00375LB6M,A3M931MLZ5Y7IY,5,Exactly what I wanted
B00375LB6M,AZH7YG7XUM4G9,5,Rainbow jimmies
B00375LB6M,A30NZHE1H756IU,5,Perfect for our cupcakes!
B00375LB6M,A10HEE7D9Z66WZ,5,Great Looking!
B00375LB6M,AIIK70YY3CT19,5,Pink Sprinkles
B00375LB6M,AOQSK3TOBM66C,5,Its a light purple
B00375LB6M,ACQET5AAIJE5,5,Great Price and Delicious sprinkles....
B00375LB6M,A2JQ32S2QX5FAB,5,Classic Jimmies!
B00375LB6M,AD1ZVPX4TKOVW,3,Not my favorite tasting jimmies
B00375LB6M,A2UIVSCVH5S6H3,5,Perfect!
B00375LB6M,A3C18MRX72K9RV,5,These Are Great!
B00375LB6M,A23GFTVIETX7DS,4,Exactly what I needed
B00375LB6M,A1XGFW5016CGQI,5,AESTHETICALLY PLEASING~~~~SPRINKLES!
B001FA1EZ4,A1Z54EM24Y40LL,5,Super yum!
B00375LB6W,AOJQAJLOLTL9H,3,Okay but not Cake Mate
B00375LB6W,A2GHCO7AQPZFVU,2,Got the job done
B00375LB6W,A3M931MLZ5Y7IY,5,Exactly what I wanted
B00375LB6W,AZH7YG7XUM4G9,5,Rainbow jimmies
B00375LB6W,A30NZHE1H756IU,5,Perfect for our cupcakes!
B00375LB6W,A10HEE7D9Z66WZ,5,Great Looking!
B00375LB6W,AIIK70YY3CT19,5,Pink Sprinkles
B00375LB6W,AOQSK3TOBM66C,5,Its a light purple
B00375LB6W,ACQET5AAIJE5,5,Great Price and Delicious sprinkles....
B00375LB6W,A2JQ32S2QX5FAB,5,Classic Jimmies!
B00375LB6W,AD1ZVPX4TKOVW,3,Not my favorite tasting jimmies
B00375LB6W,A2UIVSCVH5S6H3,5,Perfect!
B00375LB6W,A3C18MRX72K9RV,5,These Are Great!
B00375LB6W,A23GFTVIETX7DS,4,Exactly what I needed
B00375LB6W,A1XGFW5016CGQI,5,AESTHETICALLY PLEASING~~~~SPRINKLES!
B003SBRUC4,A159699NARVH23,1,Horrible. Worst Root Beer EVER!
B000LQNK96,AOHRHPJP38LLT,5,This one is my favorite!
B003WT71MG,A2XKJ1KX6XUHYP,4,Olive Oil...
B001RVE7WI,A2TN9C5E4A0I3F,3,Good but not great
B001RVE7WI,A2VJE7S4RMHDQG,2,These were ok
B002YR7B90,A3VL263FW0O1JL,5,Good GF white flour replacement
B002YR7B90,A2IAYGGXNMS4J0,5,An excellent fiber-rich gluten free flour blend
B001E5E20O,AFFVUZEGP1FDQ,4,Not that bold
B001E5E20O,A230PPNNJYJ6HR,5,Just plain awesome tea
B001E5E20O,A1WKEAS58297E5,5,Love it!
B001E5E20O,A3UBDVOL5UDIIB,3,Not my favorite but pretty good
B001E5E20O,A2SH7OWE8QJYNC,3,Slightly different from standard Earl Grey
B001E5E20O,A1RLP0R1N8H8C4,5,Yummy Organic Black Tea!
B001E5E20O,A30IP3E4MDQ36,5,I actually like tea!
B001E5E20O,A26DA070XLT8FP,4,"excellent, aromatic and smooth"
B001E5E20O,A1YXEYOWESHVLJ,4,An atypical Earl Grey
B001E5E20O,A250AXLRBVYKB4,5,"A fine, high quality Earl Grey"
B001E5E20O,A1V7889Z1SVIVY,4,Everyone should have one.
B001E5E20O,A16PUD6V3KAZ0Q,3,Fabulous packaging & overpowering bergamot....
B001E5E20O,ALSAOZ1V546VT,5,"Robust Earl Grey - the very best out there! Organic, too."
B001E5E20O,A1BZN88T4GSZG0,5,"I was going to share this with my sister, but......."
B001E5E20O,AW2BZYHG2MGSN,5,High Quality Earl Grey. A very strong tea.
B001E5E20O,AMEZJVXMSEPY0,3,"Loose Tea, Tastes Great"
B001E5E20O,A1MKS4PE04FC3Q,3,"Bright-eyed bergamot, packed for freshness."
B001E5E20O,A56Y7MX2QGTN8,5,Real tea starts here
B001E5E20O,A2DV48TSVVVO6V,5,"Lovely aroma, the best Earl Grey ever..."
B001E5E20O,AQHX3MG6JY68,4,great tea
B001E5E20O,A3FKPBNI7UWQFW,5,Another fabulous Rishi Tea!
B001E5E20O,A2RKI7RPP5CJMG,4,A Bold Earl Grey
B001E5E20O,A2DYW9Y2D8E43L,5,Perfect cup 'o tea.
B001E5E20O,A24N79JNVNFSBV,5,Excellent Tasting Tea
B001E5E20O,A10AFVU66A79Y1,5,Best Earl Grey ....... loved it.
B001E5E20O,A2MLA4FHL5K325,4,"Rich, strong Earl Grey"
B001E5E20O,A3GKMK6KQH3Y1H,5,Rishi Tea - Great Earl Grey
B001E5E20O,A2J19U8H5SSFCJ,4,Kick up Your Morning!
B001E5E20O,A146H4KN4LFR60,4,An Enjoyable Brew- But Not The Best Out There
B001E5E20O,A33PVCHCQ2BTN0,5,"Bold, but very pleasant"
B001E5E20O,A37USOKUTI724H,5,Pure tea
B001E5E20O,A2Y8IDC1FKGNJC,5,great tea!
B001E5E20O,A2MSQNPTNAAGL1,5,Very Smooth and goes a long way!
B001E5E20O,A3VZH0PWLQ9BB1,4,Great tea! Wonderful flavor
B001E5E20O,A2I5LVVQ7WXEH6,5,What a great aroma in the tin and wonderful flavor in the cup!
B001E5E20O,A7Y9MP7H8LYUE,5,Perfect Balance
B001E5E20O,A1I25F9S8ZR6ET,5,A superb Earl Grey!
B001E5E20O,A1KSDKIZ4XN3GG,5,Delicious
B001E5E20O,A1AEPMPA12GUJ7,4,Smooth and fragrant
B001E5E20O,A2G7B7FKP2O2PU,5,Great fragrance and flavor
B001E5E20O,A2M9D9BDHONV3Y,5,This is a delicious tea with absolutely no bitterness!!
B001H0FHXW,AOVROBZ8BNTP7,4,"Very strong flavor, but not bitter"
B001H0FHXW,AKCCXEWXJ0VIW,4,My favorite of the Dolce Gusto line
B001H0FHXW,A3UKWQS8SRW6IO,3,Too strong for this household
B001H0FHXW,A2SH7OWE8QJYNC,5,"Very, very good!"
B001H0FHXW,AEWYUPCNDV7HY,5,"Authentic, deep, rich flavor"
B001H0FHXW,AS44QEHT3KSPK,1,blech
B001H0FHXW,A3A1OA237FOZFK,3,Another in between
B001H0FHXW,A3A90CELVLOUP6,4,Some days I like it better than other days
B001H0FHXW,A3DJRNEMOM1XF,3,Not Amazing
B001H0FHXW,A3G7BEJJCPD6DS,3,Very Mediocre
B001H0FHXW,AM8W6Y3HVXLZT,2,Barely drinkable.
B0029JVP4U,A31N6KB160O508,4,A tad too sweet
B0040PX5HQ,A37NNC4NMVMR4S,5,SO YUMMY!
B0040PX5HQ,A130VGG4P4PW5J,5,Excellent - ordered anticiapting another long winter ... but just ..
B0040PX5HQ,A3PD8JD9L4WEII,5,"No dented cans, good quality, tasty and handy."
B0040PX5HQ,A3N94EX7EQNWWN,5,Perfect for me!
B0040PX5HQ,A2489OMLMRVLFJ,1,Blah!
B0040PX5HQ,AB094YABX21WQ,5,great potatoes for canned
B0040PX5HQ,A4EWLZLUCY5QR,5,very good quality
B001O832J8,A351W0BCYYUGYW,5,my dogs HAVE to have these every day
B002ACU9XY,A1OWK80YIEFWOD,5,"Rich, delicious coffee"
B0040WG120,A2OWR2PL3DLWS4,2,I wanted to like them...
B0013OSJMI,A3RYMO6S22FMM5,5,"Delicious, healthy, a real treat!"
B0013OSJMI,AY0FVZNQD6Q3M,4,Good way to get your omega-3.
B003ZNRDPE,A1F465XE6126IS,1,This is made in China!
B003ZNRDPE,A3EMO92UYVCHCS,5,Awesome
B003ZNRDPE,A2OXFVELYBRQ1X,1,A Glitch in the system?
B003ZNRDPE,AS5VIFYZBZTSA,5,My dogs love these!
B003ZNRDPE,A2VDMNG4I18Q1E,5,Love that they are not Rawhide
B003ZNRDPE,A3184VVBBF1BB6,1,Made in China!!!
B003ZNRDPE,A24P78ZUJ7F4T0,5,Puppy Love!
B003ZNRDPE,A1ES5M12UW9AHO,5,Big Hit
B003ZNRDPE,A14CEAW83UN2B3,4,My Pup Loves it!!
B003ZNRDPE,A1VOYZC0FJ9VO9,5,Great Doggie Treat!
B003LPQE8I,AY1EF0GOH80EK,5,"If you're allergic to egg yolks, this is your mayo!"
B003LPQE8I,A2C8O554YMY2ZL,5,Really great flavor!
B002GP405S,A1FDVT0DLJWV78,4,"Good ingredients, okay taste"
B000GZYAT6,A39Z97950MCTQE,5,Multi-Purpose Noodles
B000GZYAT6,A3PNN6W95O5XNV,4,"Yes, they are good for pho"
B000GZYAT6,A2YLD81DDAYPVM,5,Great Noodles Even When Served Cold!
B000Y8Y5F4,A2KRQN4HSPSHHP,5,Fantastic!
B000Y8Y5F4,AEMV9IMH665B9,5,If You Love Coffeee You Need These!!
B000Y8Y5F4,A1TD2589ZVHZ3S,5,The only candy I ever CRAVE
B001YZV1XA,AYB4ELCS5AM8P,5,Excellent!
B000BXX20G,A1ZR28SCA9CRPQ,5,Natural tasting pear flavor
B0016BFR4G,A3B1HFF2NIOUA7,5,Great Green Tea at a Great Price
B001397X3O,A2QPWFY4IGQG9B,5,"get the rolls, not the tins"
B001397X3O,A1UE3WBM2FB06T,3,I wish I still loved you.
B001397X3O,A1JFXOFDRZ9CFQ,5,GREAT
B001EO5QO6,A3VL263FW0O1JL,5,Fresh and delicious!
B000E3VANE,A1F7SX3GNVBNE3,5,This is the best flavor of Zatarain's - universal pleaser.
B00507FBVQ,A38RWVWOQPYJSA,5,A New Favorite!
B00507FBVQ,A3OGYXV9S7MJHM,4,Licorice? I barely know orice!
B000084ETV,A1MP8Z3WQ1DD5A,5,Better than treats?
B000084ETV,A2ZEW2KJ76TSMA,5,"good stuff, less farts"
B000084ETV,A2ZEW2KJ76TSMA,5,"good deal, dogs have less gas.  everybody is happy"
B000084ETV,A1S2GUIPPNHBJW,1,New formula nothing like old!
B000084ETV,A1S2GUIPPNHBJW,1,Beware new formula!
B000084ETV,A383XURHVF8ON6,5,"Grain-free, & the protein isn't too much too handle"
B000084ETV,A3NMA7RSO2HMBG,4,I actually heard about the formula change and properly transitioned my dog without issue
B000084ETV,AYUWG8PVGRJ6R,5,Excellent food for all dogs
B000084ETV,A157NH3OJD4WDG,5,Excellent quality food at an excellent price.
B000084ETV,A386OP2O7Z5Y5L,1,Warning
B000084ETV,A260DR5GXQ5NMJ,5,"Changed the Formula...but, I cant change the rating...ONE STAR."
B000084ETV,A1NHQNQ3TVXTZF,1,CHANGE IN FORMULA MAKES DOGS SICK!!!!!
B0030VBRIU,AOWHV1P78VYG0,1,Very thick and dry
B0030VBRIU,A1LYZF2VZCJR51,5,Wonderful Beef Stew by Happy Family
B0030VBRIU,A32TYCJ4JJVCIM,5,Just Love this Combo!
B0030VBRIU,A1UFPQ3C1MI3QC,5,Great Product & Reasonable Price!
B0030VBRIU,A219WUOP4BNUX1,5,Fish for baby!
B0030VBRIU,A5993LK5CYHAA,2,It does not taste good
B0030VBRIU,A90I4J49NU3XN,3,So so
B0030VBRIU,A2MF0C4E7GYCI,5,My son loves this
B0030VBRIU,AL4269Y3JX766,5,Baby loved this on the first try!!!
B0030VBRIU,A2IRI9FQ3Y2THO,5,Great texture and tastes delicious
B0030VBRIU,A2IRI9FQ3Y2THO,1,"Dry, looks like cat food"
B0030VBRIU,A3FIV3X7H4VLI7,3,Not as good
B0030VBRIU,A3FIV3X7H4VLI7,4,pretty good
B0030VBRIU,A3FIV3X7H4VLI7,5,great food
B0030VBRIU,A3P9MK4EKMA892,1,Yuck!
B0030VBRIU,A4DTM6B4IBYQX,5,Texture and taste
B0030VBRIU,A1N8YWKJVXVXKY,5,Natural fish oil for your baby. Stinky!
B0030VBRIU,A90I4J49NU3XN,3,"My 18 month old liked it, my 3 year old did not."
B0030VBRIU,A2BT4NQWOUS5C0,5,Easy and tasty
B0030VBRIU,A2IRI9FQ3Y2THO,1,Smells and looks like cat food
B0030VBRIU,A3VX9G8YEOD2XO,3,Didn't sit well with my baby
B0030VBRIU,A1N8YWKJVXVXKY,1,sent me the wrong food
B0030VBRIU,A19SXBQWY5Y4YW,3,Ish
B0030VBRIU,A4DTM6B4IBYQX,5,L O V E Chick Chick
B0030VBRIU,ATIHDHZYNQ0EI,5,Organic and Tasty!
B0030VBRIU,AOWHV1P78VYG0,1,"Used to be great, company changed the formula"
B0030VBRIU,A2P7TE7CVQAHH7,5,Don't give up and give it more then one try!
B0030VBRIU,A3DLCJQO7827TL,2,Might be good for you but very blah!
B0030VBRIU,A8PP8NPRJSAKO,1,Baby HATES the new recipe!  (Loved the old formulation).
B0030VBRIU,AFYNHATHQRU68,1,My baby hates this stuff!!!
B0030VBRIU,A6LAMY7Z10BBJ,5,Baby loves it
B0030VBRIU,A20P8VC55KPPCT,5,These pouches are great!
B0030VBRIU,A4DTM6B4IBYQX,2,Um... no thanks (sorry Happy Baby)
B0030VBRIU,A3VX9G8YEOD2XO,3,Too Thick
B0030VBRIU,AECQLWLETPUFZ,5,perfect portions
B0030VBRIU,A1UFPQ3C1MI3QC,5,Love it!!!
B0030VBRIU,A5993LK5CYHAA,2,It taste sour more than anything...
B0030VBRIU,A1N8YWKJVXVXKY,5,I guess he likes it!
B0030VBRIU,A6LAMY7Z10BBJ,1,Icky mama grain
B0030VBRIU,A2BT4NQWOUS5C0,5,Delicious introduction to solids
B0030VBRIU,A3DLCJQO7827TL,1,Grossest of all Glop
B0030VBRIU,A2P7TE7CVQAHH7,5,My baby loves it!
B0030VBRIU,A39WWOFLLOQC3L,4,My cats love this product
B0030VBRIU,A39WWOFLLOQC3L,3,Blend your own baby food
B0030VBRIU,ATIHDHZYNQ0EI,5,Organic and tasty!
B0030VBRIU,AL4269Y3JX766,3,Original Recipe was better.....baby no longer likes
B0030VBRIU,A3IFDLRQBY4MW5,3,Thumbs down for the new ingredient
B000E3VANO,A1YLOZQKBX3J1S,3,good but not great
B00390T5JA,A2TJG4N8LNJW23,5,We really couldn't be happier and now our Cusinart is in retirement...
B00390T5JA,A23GFTVIETX7DS,4,Mid-Line Keurig Model
B00390T5JA,A2FTGWMYLP4M8U,1,Very poorly made  bad design
B00390T5JA,A15U64VGUV6RBF,5,When you're not in the mood for a full pot
B00390T5JA,A1WVMU2PMQ0GXW,5,Wonderful machine.
B00390T5JA,A2AEBH3O9EKFV4,4,Great coffee and tea maker!
B00390T5JA,A3C6A40RHKRZBV,5,Amazing coffee maker!
B00390T5JA,A16KFZE04C1EAK,5,Well pleased.
B00390T5JA,A24BG4B6F3NUT3,4,Great for us one cuppers...
B0042GUIV4,A1V8JNUT1SOJEQ,5,Great!
B0042GUIV4,A1ODKP5Y7DPMM1,5,A BIG YUMMMM TO AMAZON FOR SELLING SEES
B0042GUIV4,APBYHGRZBYJCW,5,Worth it
B0042GUIV4,A2NRNO4MDXRR3N,5,Best Chocolate
B0042GUIV4,A3IY09W95H8TWJ,5,bought for grandkids
B0042GUIV4,A2U439EVGP8RG3,5,"See's gets 5 stars, but shipping charge gets ONE star."
B0042GUIV4,A3E5MZXGIGZ6IW,5,See's candy is delicious
B0042GUIV4,A2YDDLVUX7UHVT,1,See's Truffles through Amazon
B0042GUIV4,A3KLYCB8MHZ6M4,1,why buy something when you are getting ripped off?
B001G0NKVO,A1Z54EM24Y40LL,5,Great starter for this variety
B001G0NKVO,A3CG93783LP0FO,5,Good for constipated kitties
B001G0NKVO,A1HRYC60VTMYC0,5,Mmm! Cee Cee's FAVORITE!!!
B002C50X1M,A1KKE6VX8VPWZK,5,Fantastic gourmet chip - this flavor is one of the best.
B002C50X1M,A2ULCJD3E9FP2M,5,DEEP RIVER POTATO CHIPS
B002C50X1M,A2GTIFY34FM10D,4,Good Chips
B002C50X1M,A2TQV5S2MIUJ0R,5,Mesquite BBQ
B002C50X1M,AGS1GGTC4ZK4V,5,Superior chips - wow!
B002C50X1M,A2R1HUYHXV7H18,5,Love these!
B002C50X1M,A3LFBF9975Q7PR,5,Don't have to eat just one.......
B002C50X1M,AZUUU81LB0NYV,5,"Spicy, Hot Chips!"
B002C50X1M,A3VBXQKRM7A4JR,3,Keep it simple
B002C50X1M,AVSR5EDZGC83I,5,yummy
B002C50X1M,A18IIZOGAQPJIO,5,flavor and crunch!
B002C50X1M,A173PXWIJT9T0Z,5,Great Flavor
B002C50X1M,A2W7L2F36SOBFD,4,"Great Tasting, just wish they were thicker cut."
B002C50X1M,A2LGMFK15OZIA,5,"Great taste, great price."
B002C50X1M,A220PJBDV3DJG9,5,Great Tasting
B002C50X1M,A1AZ1NXGGP6LDX,5,Hard to find item
B002C50X1M,A1XRXZI5KOMVDD,4,Crispy and tart
B002C50X1M,A7G9M0IE7LABX,5,Exceeded my expectations. One of the best chips I have had
B002C50X1M,A38J5PRUDESMZF,5,"Awesome Goodness! (deep river kettle chips, swt maui onion [pack of 24])"
B002C50X1M,A17TPOSAG43GSM,3,"Pretty good, but prefer other jalapeno chips"
B002C50X1M,A3LWC833HQIG7J,5,"Excellent chips, full of flavor and just the right thickness and doneness"
B002C50X1M,AJKQOYD9ILG9Y,5,good chips
B002C50X1M,A2WV4N0X29CIFN,5,Great Chips
B002C50X1M,A32SQ3PVLO0UGQ,4,Very good taste-twist chips
B002C50X1M,A1WRBCQDIH209I,5,chips
B002C50X1M,A2ICY2Y1JNCXAM,5,Great Tasting Potato CHIPS.
B002C50X1M,ADYHYJQFKM70N,5,Best Jalapeno chips
B002C50X1M,A28CUV51TCMFVQ,5,just the right size package; great chips
B002C50X1M,A2KQXXE40J4TKV,4,Flavorful but Salty
B002C50X1M,AVC789PXME9TG,1,According to the Manufacturer's own website these have no Olive Oil!!!!
B002C50X1M,A2TFHMXBU9HG3P,1,too much of a good thing
B002C50X1M,A2JO9MU465LFBE,5,Yum!
B002C50X1M,A19NP8YYADOOSF,5,"Delicious, great texture, 3 ingredients"
B002C50X1M,A32T12MJ883R17,5,Good product.
B002C50X1M,A1KX9LI4I9LU8H,5,Excellent chips!
B002C50X1M,A3EBSEY42XYMVW,5,Deep River Salt & Vinegar Chips
B002C50X1M,A23ZGL2ELO5Y0G,2,Yuk
B002C50X1M,A2Z8VKTJX9RQLI,3,Disappointed
B002C50X1M,A1DTQYJG91K12I,1,Too many rotten chips!
B002C50X1M,A3FRWBGL8TSOY7,2,"FLAVOR TOO STRONG, COATING TOO MESSY"
B002C50X1M,AJ3M8ZLT6W5CC,3,"Crunchy, but a bit on the salty side"
B002C50X1M,A3RAN1B9KD553H,3,Misleading Allergen Info
B001LDAE4C,A2DYMDOAJURO5F,5,Best quality
B001LDAE4C,A5Y70Y025O34P,5,The recipe on the box is the only one you need
B000NY8OLU,A290GVEOOADG5W,5,Professional whipped cream
B001T4WKJ0,A2QSKQYEA493BY,5,Wonderful gold food paint
B001T4WKJ0,AKLT9KJIBWAIV,1,NOT metallic
B001T4WKJ0,A2EN37RUJTLFYL,2,not the same
B001T4WKJ0,A3PJD1PGZXD5TF,5,"Lovely color, great to work with"
B001T4WKJ0,A14UUJMRQ6ULRV,5,Just what I needed
B001T4WKJ0,AYJ33PQ0H8A7P,1,"Is this a joke? If I could give it a 0, I would."
B001T4WKJ0,A1K0TEFCRCKU9B,5,"Blue Pearl Sheen, AmeriColor"
B001T4WKJ0,AUHEZA8AYSXOE,5,Love it
B001T4WKJ0,AKGIHE73N0HJW,5,Love this product works amazing!!!
B0029JZ5LE,A1EEJLIAC40FBF,5,"Amazing sauce, delicious"
B000VBSJFQ,A2YMCPP3KW9IXU,5,Best aioli
B004U49R24,A2EE7H7BR3KDFS,5,I love these!!!
B004U49R24,AVU1ILDDYW301,2,Too sweet and just yucky
B0001JXBFG,A3R5EAPPUTDKHL,5,very good
B000VYP4EW,A1I4UIBK83VV1Q,5,Best Tasting Chai Latte
B000HM503S,A26HA9KTIOJC48,3,Caramels not fresh
B002HGQ0YK,A1RJUXDK64O91A,2,Nothing special for the price
B001EO5QOG,AKND6XZ7CO5EF,5,Nice assortment of black teas
B001EO5QOG,A129FZ5BFFUK87,5,Great Value for the price
B001BDDTB2,A2NA4NHE5QRLZ7,5,four paws up!!!!!
B001BDDTB2,A1RRMZKOMZ2M7J,4,Nice but pricey
B001BDDTB2,A1AEPMPA12GUJ7,3,"If your cat likes people food, this may be for you."
B001BDDTB2,A2TI8XP8GY1RO1,4,Cats' meow
B001BDDTB2,A2MLA4FHL5K325,3,Human food but apparently not cat food
B001BDDTB2,AZAKCIFE27RAA,4,ALMOST PERFECT--
B001BDDTB2,AG90OGHDGOOVH,3,Ho Hum Response
B001BDDTB2,A1Q7A78VSQ5GQ4,5,A Feast For the Most Finnicky Furry Feline
B001BDDTB2,AG90OGHDGOOVH,4,They Seem to Like It
B001BDDTB2,A1ZKGSDVP057L9,3,"My Cats Like It Okay, But It's Too Watery For Me"
B001BDDTB2,A23E9ZPS2RQZS0,5,Finicky cats
B001BDDTB2,AF3BYMPWKWO8F,1,Warning: Contains Menadione
B001BDDTB2,AF3EWORDT15AU,5,My Cats Love It
B001BDDTB2,A20J0NBT6FWXXM,5,excellent
B001BDDTB2,A11LNY2OLQSUSV,5,Yummy Chicken
B001BDDTB2,A17CP110C6E9KF,3,Almost...
B001BDDTB2,A3FKGKUCI3DG9U,3,"If it looks good, is it good for the cats?"
B001BDDTB2,A3FKGKUCI3DG9U,3,"It looks good, but is it good for the cats?"
B001BDDTB2,A3FKGKUCI3DG9U,3,"It looks good, but is not a big hit with the cats."
B001BDDTB2,AF74UAKV3Q3W0,2,The cats weren't impressed!
B001BDDTB2,A2PNOU7NXB1JE4,3,"5 star for quality, but 2 for price"
B001BDDTB2,A1J75JJ0Q2OEJN,3,It's OK for some cats... But not all.
B001BDDTB2,A26DA070XLT8FP,4,High quality - two paws up!
B001BDDTB2,A1LFXR2GB56XWA,5,5 PURRS FOR THIS DISH
B001BDDTB2,A306153FTKS9PL,3,"Good quality, but ultimately it depends on the cat's personality"
B001BDDTB2,A2F2BVY8DQKEPM,5,GOOD GOURMET CAT FOOD
B001BDDTB2,A2FRFAQCWZJT3Q,4,Got Diarrhea?
B001BDDTB2,A3861IBNFDR8RU,4,my 10 cat review.....
B001BDDTB2,A3D6KZT0QG6UKB,4,My cats seem to like it
B001BDDTB2,A2BCDZO1XQLDH,5,Kitties love it!
B001BDDTB2,ANKQGTXHREOI5,3,Nutritious but...
B001BDDTB2,A13H5US9Z7L9M7,3,I have three cats
B001BDDTB2,A12XHPZ1GIWG8T,3,One Cat Liked it and One Cat Hated It
B001BDDTB2,A12XHPZ1GIWG8T,5,Cats Love  It
B001BDDTB2,AZFHSPEZUPGD2,5,"Looks and smells high-quality, kitty likes it"
B001BDDTB2,A3JLOIXFM75QNV,3,Too pricey for cat food
B001BDDTB2,A2W9I628I6SE1U,4,A Petite Treat
B001BDDTB2,A1RLP0R1N8H8C4,5,Just like homemade!
B001BDDTB2,A1ST9PG26FSN2H,4,The fish is better
B001BDDTB2,A2I5QH4F5FDKK5,5,Petite Cuisine Variety Pack (Chinese Chicken & Chicken Pot Pie)
B001BDDTB2,A3QS4WWC1LCA6H,4,Almost worthy of five stars
B001BDDTB2,ADEZOPMPKK146,5,Kitty Yum Yum :0)
B001BDDTB2,A25C2M3QF9G7OQ,3,Three out of four cats approve; owner less enthused
B001BDDTB2,A1JMR1N9NBYJ1X,4,Doesn't look like catfood!
B001BDDTB2,A2PNOU7NXB1JE4,4,Chinese chicken and Chicken pot pie
B001BDDTB2,A2MLA4FHL5K325,4,Smells good to me (wish it smelled good to my cats!)
B001BDDTB2,A1Z4LX3Q1YMF84,5,Only the best for my Pussing Foot Kitties
B001BDDTB2,A87RT63V7SMD3,5,Not your typical catfood.......
B001BDDTB2,A1RLP0R1N8H8C4,5,Looks & smells good enought to eat!
B001BDDTB2,A3UBDVOL5UDIIB,5,Very good but expensive
B001BDDTB2,A37NHGD0WTRYFH,5,"Good nutrition, cat likes it"
B001BDDTB2,A25KVM6GJBLISZ,4,Looks and smells like human food
B001BDDTB2,A1B2T9LI5KWT8P,4,Strange names
B001BDDTB2,A146H4KN4LFR60,5,"Cat Tested, Owner Approved"
B001BDDTB2,A2L01339XV496V,4,A NEW BRAND FOR ME
B001BDDTB2,A250AXLRBVYKB4,5,Very healthy cat food. Much better than almost any other
B001BDDTB2,AVJJ2D4G5I0Z4,5,Our kitties LOVE this food!!!!
B001BDDTB2,A2NA4NHE5QRLZ7,5,"the kitties say ""more, please!"""
B001BDDTB2,A1BZN88T4GSZG0,5,The kitty committee has reached a decision.
B001BDDTB2,ADY836HK6QSYR,4,Even for a picky cat
B001BDDTB2,AJ3FY4QHTOUKC,5,Good stuff
B001BDDTB2,A2UYWE97KME0M,5,A Cats Love It
B001BDDTB2,A1HBI9BBQIG1NH,5,it will spoil little pussy
B001BDDTB2,APP8XWYYV4PAA,5,Great chow for a gourmet kitty!
B001BDDTB2,AUJEF31CXWTCQ,5,Our Cats Love It!
B001BDDTB2,A2F2BVY8DQKEPM,5,My Cat Seems to Love It
B001BDDTB2,A2AOW20EGSCAY2,5,Petit Cuisine Cat Food
B001BDDTB2,A27O5ZUFAEWT9L,5,My Cats Love It
B001BDDTB2,A1QK0XCAPHIW1L,4,Tasty but pricey
B001BDDTB2,AF3BYMPWKWO8F,3,Please check the controversial ingredients and decide for yourself
B001BDDTB2,A3CG6YLYZJXQG4,5,Looks like a winner
B001BDDTB2,A1KEK09ZA6J9P8,5,a review from Trixie the Wondercat as told to her person....
B001BDDTB2,A3A6GXILVT9JNW,4,Caution - may cause kitty stampede
B001BDDTB2,A2PNOU7NXB1JE4,2,Crab meat layer thin as veneer
B001BDDTB2,A2DYW9Y2D8E43L,4,The cat seems pleased.
B001BDDTB2,A3VSMUBKY8HYB2,3,"Quality ingredients; unfortunately, not a hit with my cat"
B001BDDTB2,A16AXQ11SZA8SQ,5,My cats love this stuff!
B001BDDTB2,A3VZH0PWLQ9BB1,5,"Great assortment, aroma, cats love it."
B001BDDTB2,A3DA0BTIGT3WG5,5,MMMEEEEEEOOOOWWWW!!
B001BDDTB2,A10U8DJAPJJI8I,1,#1 Ingredient is Mostly Water
B001BDDTB2,A1EPP56A17R62Q,2,My cat likes the broth
B001BDDTB2,AK8LOFYRZJJW0,4,Seems to give our cat more energy.
B001BDDTB2,AJ3FY4QHTOUKC,5,Cat loved this.
B001BDDTB2,AF3EWORDT15AU,5,My Cats Love It!
B001BDDTB2,A13MKSASQ6YWL7,5,Meow
B001BDDTB2,A3T3S48UAVTUE9,5,Petite Cuisine
B001BDDTB2,AQLL2R1PPR46X,5,Great food for you kitties
B001BDDTB2,A2ZJDGVJ45AR5W,5,"Excellent cat food, causes enthusiastic eating"
B001BDDTB2,AQ8DU6XVA3USJ,5,Confessions of a Finicky Eater
B001BDDTB2,A362X1G4N4R9S9,4,Pricey but Apparently Tasty
B001BDDTB2,A2G7B7FKP2O2PU,5,Another great cat food
B001BDDTB2,A3J356L2ADK05Z,4,Quality cat food
B001BDDTB2,A105S56ODHGJEK,2,Good... If your cat will actually eat it.
B001BDDTB2,A3MWXF2CLXHBRI,4,"tasty, not sure about how much tuna is good for cats"
B001BDDTB2,A3861IBNFDR8RU,4,the 10 cat review.....
B001BDDTB2,A20J0NBT6FWXXM,5,excellent quality
B001BDDTB2,A2NMQWBDWT3SQF,4,Looks almost like people food!
B001BDDTB2,A3MZNRSDQ32UUH,5,my cats can't get enough
B001BDDTB2,AQ8DU6XVA3USJ,5,"Confessions of a Finicky Eater, Part Two"
B001BDDTB2,AAG0O8X2PYE6G,5,The Cats' meow
B001BDDTB2,A2DB720I9XRX7K,5,A Winner!
B001BDDTB2,A1P4RH7KMJ1SV2,5,My cats love it...
B001BDDTB2,A1ZKGSDVP057L9,3,Reminds Me of Garden Medley
B001BDDTB2,A1BTG38XSGYLW3,4,50/50 response from family cats
B001BDDTB2,A1BA72K4VK1UN1,5,12 cats later.....
B001BDDTB2,A35B701Z30TKJC,1,My cat tried to bury this food.
B001BDDTB2,A10U8DJAPJJI8I,1,Cat Goes On Hunger Strike
B001BDDTB2,A35B701Z30TKJC,1,Most cats won't eat this
B001BDDTB2,A2G7B7FKP2O2PU,5,Highly Recommend
B001BDDTB2,AKCCXEWXJ0VIW,5,My Cat Liked It
B001BDDTB2,A15XY6GGKD3B6D,5,My Cat Loves It
B001BDDTB2,A2E2PA6UNK1E05,5,Two Paws Up!!
B001BDDTB2,A1JMR1N9NBYJ1X,4,Actually smells pretty good!
B001BDDTB2,APP8XWYYV4PAA,5,"Great cat food, even the dogs love it!"
B001BDDTB2,A2DV48TSVVVO6V,5,My cat gave these five stars...
B001BDDTB2,A2R1HUYHXV7H18,4,You can see this is quality food when you open the can
B001BDDTB2,A1ST9PG26FSN2H,5,Pricey but my cats love it
B001BDDTB2,A19XBW5WUDH1Z,4,Very Good Cat Food but...
B001BDDTB2,ADZ1E2SYWSG99,4,Cuisine for kitties
B001BDDTB2,A1DC1O4VX6AHPP,4,"good food, but may not please picky cats"
B001BDDTB2,A3T3S48UAVTUE9,5,Red Snapper
B001BDDTB2,ARWTYTY1OTBCZ,5,my cat loves red snapper entree
B001BDDTB2,A2QDBOHV00NOR2,5,Cat's love it
B001BDDTB2,A2KJY3CA1CB1GE,3,It's okay
B001BDDTB2,A89ZZKNDFQH23,3,I'm sorry to say that things did not go well with this food
B001BDDTB2,A31YSTICHFYN7O,3,"Quality Product, But Not What My Cat Would Prefer"
B001BDDTB2,A1BK60GZ4QME6I,3,One out of three cats partially liked it
B001BDDTB2,A2K3DB7X56UXLZ,5,Pleasing for the cat and for me - a good alternative for my Fancy Feast Elegant Medleys addict
B001BDDTB2,A1BA72K4VK1UN1,5,My 12 cats like this product just fine (details)
B001BDDTB2,A3FKPBNI7UWQFW,4,Cats love it!
B001BDDTB2,A1S78V0MOUYFUA,4,"Good Quality Cat Food for ""People Food"" Cats"
B001BDDTB2,A3MWXF2CLXHBRI,5,A taste winner for sure
B001BDDTB2,ARWTYTY1OTBCZ,5,my cat's favorite
B001BDDTB2,A2YSFKX18XTHED,5,"Speaking for ""The Cat"" - This Stuff is Great!"
B001BDDTB2,AAA0TUKS5VBSA,5,People Food?
B001BDDTB2,A2QDBOHV00NOR2,5,Cats love it
B001BDDTB2,A189BPUDLRCQEQ,5,Ex's cat likes it--need I say more?
B001BDDTB2,A1F2EYORWOZ3G1,3,mixed reviews
B001BDDTB2,A11LNY2OLQSUSV,5,Bast Cat food out there
B001BDDTB2,A1QK0XCAPHIW1L,4,My cats vote  yes!
B001BDDTB2,A2ZJDGVJ45AR5W,4,Tempted to eat them myself!
B001BDDTB2,AN0N05A9LIJEQ,5,It's a 100% HIT!!!
B001BDDTB2,A1T61QP7QHYBRQ,5,Luxury Meal
B001BDDTB2,A2WN1QF8GSVHYV,5,People Food For Cats!
B001BDDTB2,A1MKS4PE04FC3Q,3,sesame awesome and chicken pot water
B001BDDTB2,A2FRFAQCWZJT3Q,5,Got Diarrhea?
B001BDDTB2,A79XDKI3P4VN9,5,The Cat's Meow
B001BDDTB2,A27O5ZUFAEWT9L,5,Great!
B001BDDTB2,A1BEKAQQGP8CMF,5,Source of protein and hearty enough to serve as one meal
B001BDDTB2,A1HRYC60VTMYC0,5,Five Paw Salute !!
B001BDDTB2,A2SH7OWE8QJYNC,3,More watery than expected; cats are not digesting it well
B001BDDTB2,A1B2T9LI5KWT8P,4,Meowingly yummy!
B001BDDTB2,A27O5ZUFAEWT9L,5,Cats went nuts over it!
B001BDDTB2,A250AXLRBVYKB4,4,Healthy food for cats
B001BDDTB2,A1S8FJT0AQSF60,4,"Delicious, says my cat; messy, says I..."
B003PFUNU4,A2KUUWP4ZZMOBP,3,A good way to try the other flavors
B003PFUNU4,A1W415JP5WEAJK,5,Six for the price of two ...
B003PFUNU4,A2YHXAZLCLDT8D,5,Awesome!!
B003PFUNU4,AEC90GPFKLAAW,4,"Kind of expensive, but good flavors and they last a long time"
B003PFUNU4,A3S3L24L3MMDXR,3,some are better than others
B003PFUNU4,A33ODUX6596NW3,5,Great Value
B003PFUNU4,A39H1WPTI8EPUA,4,Flavor forever
B003PFUNU4,A1N03V52IRZ5PR,5,Best sugar free coffee syrups on the planet
B003PFUNU4,A2IAHIO9LCK1VO,5,"Great flavors, many uses, excellent price"
B003PFUNU4,A21C5CR95LT0ZY,3,Great for new users; disappointing for those with an established favorite.
B000PEPKFQ,A1MFG9E45RX5OW,5,Fantastic!
B000PEPKFQ,A18GKCC69KPR51,5,Surprise
B004BCT2PW,A1YKXVGAIA8952,3,Ok..
B0018CJYPG,A2SZLNSI5KOQJT,4,Seems to Be Good Food - Dogs Like It.  Does have an Odor While Other Premium Foods Do Not.
B0018CJYPG,AIXBFF39SH41D,4,Quite pleased with my purchase of this food.
B0018CJYPG,A3GLQSR6MTHXGL,5,premium edge dog food
B0018CJYPG,ANY74IVWZPZ3,5,My dogs are doing great on this dog food!
B0018CJYPG,A36TDCR3BJZNS6,2,Maybe just not for my dog?
B0018CJYPG,A2JGWDPGYD5X0N,1,Not so great..Expiration date soon..
B000MP84MO,AM8W6Y3HVXLZT,5,Tully's means great coffee!
B000MP84MO,A3OXHLG6DIBRW8,5,Excellent Bold Kona Coffee - Highly Recommended
B0009ORSRK,A1QUIHLOSKDY7R,5,"Excellent as is, or add a few of their fave DVD's"
B0092VQCM8,AAH6764FP1GOZ,5,"Toasty, Nutty Matcha"
B0092VQCM8,A38RWVWOQPYJSA,5,Astonishingly Good!
B003ZNXCKE,A3A4ZAIBQWKOZS,5,"Safer than rawhide, don't last as long but also cleans teeth"
B003ZNXCKE,A1ES5M12UW9AHO,5,Dogs LOVE
B0001IVR8A,A296L8EY2F5A7T,2,Not worth the $$
B0001IVR8A,A1R6GSEASGXJGA,1,Roaches and Mice may be mixed in the chocolate
B0062MAJPG,AO1HIVTUCQZQ2,5,Great for mochas and hot chocolate!
B000MC1BXG,AEMV9IMH665B9,5,"If You Love SOUR, You Will Like These!!"
B000SDMFC0,A1CZLOI3W8E5JM,5,"Good, Solid Espresso"
B000SDMFC0,AGQB7D61U9RW,5,Beats Starbucks
B000SDMFC0,A3MUO47CT6EQF8,5,Delightful coffee
B000SDMFC0,A1VUN4JU731CBH,5,Our Every Day Coffee
B000SDMFC0,AMZCZBK1EF1PV,5,Great beans
B001GVIRD4,A2PNOU7NXB1JE4,5,Tasty and rather plump (in comparison)!
B001GVIRD4,A2W9B725TZBXOX,4,Sweetened w apple juice
B001GVIRD4,A19SXBQWY5Y4YW,5,Awesome and delicious
B001GVIRD4,APGQCBO10LZTH,5,Yum
B004IN2PS0,A2CLOUNAICQ1M8,5,Friskies Natural Sensations Tuna Treats a Winner
B001EPPYME,AJLIPG8K8O294,2,"Hot ""Chocolate""?"
B001EPPYME,A627EC0QXW6H5,5,Perfectly Fancy!!!
B001EPPYME,A2CHR6AOFR5XJ3,2,pretty color
B001EPPYME,ANTWFMQSZLEJF,3,Dents in 2 of the tins when arrived
B001EPPYME,ANTWFMQSZLEJF,3,Not impressed!
B001EPPYME,A3EAP7BME0J8OW,1,Luck O' the Irish Hot Chocolate Mix
B001EPPCFS,AXVNVV5VH5XZY,5,Product is great....packaging/shipping is so-so
B001EPPCFS,A3P222CN9HAPTF,5,An English Classic
B001EPPCFS,A1RJUXDK64O91A,5,Perfect snack
B001EPPCFS,A3TU2PWKE8GBAK,5,Best biscuits you can buy for daily use
B001EPPCFS,A3PH51ANO0DAEC,5,"Great taste, great memories"
B001EPPCFS,A3TU2PWKE8GBAK,3,Disgusting biscuitlets
B001EPPCFS,A21T1TDO74WNTM,3,Bad Packaging
B001EPPCFS,A2Q8RE77HMDIK7,5,Excellent source of these hard-to-find biscuits
B001EPPCFS,A6KL17KKN0A5L,5,Nothing like McVitie's!
B001EPPCFS,A1AF48ABEIIDOX,5,TEA -TIME BISCUITS
B001EPPCFS,A1AF48ABEIIDOX,5,DIGESTIVE  INDEED
B001EPPCFS,AEO1L073HMSPQ,5,"Excellent product, very addictive, great flavor 3 varieties"
B001EPPCFS,AEO1L073HMSPQ,5,Excellent
B001EPPCFS,AEO1L073HMSPQ,5,I'm a nut for most McVities biscuits (cookies)
B001EPPCFS,A3TU2PWKE8GBAK,4,"Best biscuits in US market, shame on Amazon packaging"
B001V6XW2U,AQQLWCMRNDFGI,4,The original--albeit a bit tamed
B001M23WG4,A2MNB77YGJ3CN0,5,One of my all-time favorite cereals ...
B007ZI1ZRC,A2NOW4U7W3F7RI,5,Awesome tea
B003JH91RE,A1DRKSQAJ16YZ8,1,USA Chicken Stix
B003JH91RE,A2L1E2KQLL9BS1,5,MADE IN THE USA
B003JH91RE,A2VHO3LINCOL62,5,a favorite
B003JH91RE,AUZDX389VTJ1X,5,Happy Camper!
B000FAMURQ,A1D7SKBDFLSKFX,5,Precut makes it easier
B000FAMURQ,A2E3WMF9RWW2X2,5,LOVE parchment paper!
B003V8Y5F4,A8KJS2P6E5DCB,4,MMMMM so good!!
B003V8Y5F4,AJDBCSP6R5G73,5,Tastes like popcorn
B003V8Y5F4,A1ELZC3WXWILX2,4,good tasting
B003V8Y5F4,A1WQ3UGXPT15VI,3,Not Bad
B000E682LY,A1AEQZM99LO9VA,5,"No grassy aftertaste, great green tea. Love, Love, Love"
B002QWP89S,A21U4DR8M6I9QN,5,addictive! but works for night coughing in dogs
B002QWP89S,AVTY5M74VA1BJ,5,dogs love greenies
B002QWP89S,A1OU45ZINNK7YV,4,My dogs' teeth are pearly white
B002QWP89S,A1F5004VYZ3AXH,5,Great for dog breath and teeth
B002QWP89S,A25OE2QSYV6J38,4,My dog LOVES these
B002QWP89S,A19123D9G66E0O,3,"Dogs love them, but I don't think they love dogs"
B002QWP89S,A3ACKWYDNR7ROA,5,Excellent product!
B002QWP89S,A19YPE8M0WAWXF,5,Greenies Senior
B002QWP89S,A10D02RQH2SRC6,5,love my litttle dogs
B002QWP89S,A1CMD08Z49PGKQ,5,My vet suggested this.
B002QWP89S,A3BIAXCA7ILMUH,5,My Dogs Love These
B002QWP89S,A37RIRXE3WECZ,5,My Dog's Favorite- and Amazon's the Place to Get Them!
B002QWP89S,A1JK0GD4UVOGAI,5,Teenie Greenie
B002QWP89S,A18QBXDXQHMS66,5,The Best!
B002QWP89S,A1UM2Y9A9TCJXU,3,"Just Okay, nothing else"
B002QWP89S,A3NDSMZ33YUNP1,4,Love 'em!
B002QWP89S,AA5D2Q1O4ZMG8,5,Dog's love them
B002QWP89S,A1UGRR7QI5TGAF,5,Great dental chew deal
B002QWP89S,A31X839XCZ3WE9,5,greenies dental chews
B002QWP89S,A12TCY12RMA0YE,5,OMG look at the great price!!!!
B002QWP89S,A48939C20S0J8,5,best dental chew
B002QWP89S,A3VZ65TA1PHJJP,5,Treats
B002QWP89S,A30UXI3KH3WA51,5,"Sticky, but delicious."
B002QWP89S,A2XAKGRUHIE2ZA,4,Small dog loves these.  They don't last long.
B002QWP89S,AA5D2Q1O4ZMG8,5,My Dogs Go Crazy for These Greenies
B002QWP89S,A1X7QD2UE9TU6Q,5,Turned her teeth around
B002QWP89S,A1JK0GD4UVOGAI,5,Greenies
B002QWP89S,AGQB7D61U9RW,5,Do these things work
B002QWP89S,A3VH9WGKFM1498,5,They're Greenies
B002QWP89S,A3OIE7IE9LTPJG,4,Dogs love these bones and I can see a difference
B002QWP89S,A1YLVJNGUB0XRT,5,Greenies
B002QWP89S,A3VH9WGKFM1498,5,They're Greenies. What else do you need to know?
B002QWP89S,A2BBY5HVWEJEEX,4,Dogs really like them
B002QWP89S,A8KRBLBBYIN87,5,ambers greenies
B002QWP89S,A1XEHQJ0UHJ18E,5,Excellent Teeth Cleaner
B002QWP89S,A8KRBLBBYIN87,5,Ambers favorite
B002QWP89S,A1MP8Z3WQ1DD5A,5,Minty Fresh Breathe
B002QWP89S,AR4R0I0ISSUJ5,5,My 2 Dachshunds love these
B002QWP89S,ASCSHRBJ9Z04X,5,Great Doggie Treats
B002QWP89S,A3QNK88K5JM8V3,5,Dogs Love
B002QWP89S,A7G9M0IE7LABX,5,My Dog loves this
B002QWP89S,A1S7LST1G51C3,5,My dogs love these
B002QWP89S,ANZ4KWT464KV8,5,Greenies are GREAT!!!
B002QWP89S,ANZ4KWT464KV8,5,Crazy over Greenies!!!
B002QWP89S,AILAHGJ0LY6RO,5,Love these!
B002QWP89S,A3U58GFUQAOZLE,5,Greenies for Owen
B002QWP89S,A1LBXXQEA2DU14,5,Greenies
B002QWP89S,A25OE2QSYV6J38,5,We have to call them Gs
B002QWP89S,A28QTAFIAZSAIU,5,greeenies
B002QWP89S,A1OU45ZINNK7YV,5,My dogs have clean teeth
B002QWP89S,A1YLVJNGUB0XRT,5,"Love, love, love"
B002QWP89S,A28QTAFIAZSAIU,5,goodies for dog
B002QWP89S,A2YQ2ZI65F37N8,5,Our greyhound loves them
B002QWP89S,A1S7U6E1L3GOV3,4,Great price for this product
B002QWP89S,A1ENZK86F1VE8P,5,My doggie hates everything but loves these!
B002QWP89S,ADMPF64R5C3O8,5,Dogs love Greenies!
B002QWP89S,A1EVPGZPU9XDCP,5,Great Supplier
B002QWP89S,A1EVPGZPU9XDCP,5,Excellent Vendor
B002QWP89S,A1LBXXQEA2DU14,5,Best deal on Greenies
B002QWP89S,A2UCGE4EQZ0P4A,5,"Yummy and Good-for-you, Too!"
B002QWP89S,A3K185BXWHVS6X,1,Bad for My Dog
B002QWP89S,A2K4SLANHLGYGR,5,Another happy dog and owner
B002QWP89S,A2YQ2ZI65F37N8,5,our dogs love them
B002QWP89S,A2974R9BTPZPOJ,4,Just as pictured
B002QWP89S,A2974R9BTPZPOJ,2,Not too thrilled
B002QWP89S,A2YCEKVUN1W5F1,2,I like Greenies but these are too tiny and snap in half
B002QWP89S,A132ETQPMHQ585,2,Our dogs liked them OK...but!~
B002QWP89S,A2L11XFJ1W0AV1,1,do not feed this product to pugs.
B002QWP89S,A3K185BXWHVS6X,1,Not the best
B002QWP89S,A2SLPWNVXLZDAV,5,Yummy!!!
B002QWP89S,A3PPFW1RHMAULY,3,NOT LONG LASTING
B002QWP89S,A3HHLRVCGQW0L7,1,Didn't receive what I ordered
B002QWP89S,AR4R0I0ISSUJ5,5,"Great treat for dogs, plus ""lite"""
B002QWP89S,A15RYTNK30XJ7R,5,Greenies are the Best
B002QWP89S,A74SHV5ZD3RLT,5,Great product and free shipping to AK.  Can't beat that!
B002QWP89S,A1UGRR7QI5TGAF,5,Good deal
B002QWP89S,A3UCXYEAV06AHA,4,My dogs love Greenies!
B002QWP89S,AA5D2Q1O4ZMG8,5,My dogs go crazy for these
B002QWP89S,A3OIE7IE9LTPJG,5,Great Bundle will last forever for small dog.
B002BCD2GO,AUI3N3A5AYO3M,5,Best Sugar alternative.....
B002BCD2GO,A2K3ELBPTKNTTM,4,Dont listen to the Dont Eat Agave ppl!
B002BCD2GO,A1WE8KTC20NY65,4,Great for coffee!
B002BCD2GO,A2S39VLOVSTOJS,1,It may not be what you think it is
B002BCD2GO,A1QCZQTJNK3MU,4,basically cool and tasty (in cold and warm drinks) but...
B002BCD2GO,A33AQPJYH7UUXR,5,edges out the others taste wise
B002BCD2GO,A18SNZN6Z16NCV,4,"It's a little thin for a ""honey"" substitute."
B002BCD2GO,AAZ084UMH8VZ2,5,A healthy alternative in sweetners
B002BCD2GO,AUBGRWIAQCELR,5,Great price!
B002BCD2GO,A253VUYT5I3KLH,5,A Good Honey Substitute
B002BCD2GO,AT050AMICV57J,5,Madhava Organic Agave
B002BCD2GO,A132ETQPMHQ585,4,Good product!
B002BCD2GO,ASCSHRBJ9Z04X,5,Organic Agave Nectar is the way to go
B000UG3FD8,AFGHXL0I9BYXD,2,Oil is comparable to others - seller is lacking
B005DVVB9K,A2D7X9N3IV3S7B,3,"High cost, average product"
B000NOEE0K,AIAQQAAE5G2VR,4,"Good, but not my favorite Harney Sons tea"
B001UOW8AU,A13QM0HT6VXHL5,4,delicious olive oil.  not too full bodied.
B000KV61FC,A201LL5EVCEOBG,5,"Durable, still fun when ""solved"""
B000KV61FC,A31FYZK04YNOJ5,5,Amazing way to provide treats
B000KV61FC,A36TDCR3BJZNS6,3,"Love This Product, But..."
B000KV61FC,A2G1LRD120SJPC,5,Surprised at how much my dog liked this!
B000KV61FC,A3UKWQS8SRW6IO,4,Favorite toy - just plan to replace it frequently
B000KV61FC,A296L8EY2F5A7T,5,Puppy Loves It!
B000KV61FC,A33V118ZVFLGVK,5,My dog loves this
B000KV61FC,AZ4IFJ01WKBTB,5,we use it daily
B000KV61FC,AJV2QY96IVPVM,4,"Great challenging ""interactive"" toy but rope is too thick!"
B000KV61FC,A2QHCF0OYJ2N33,4,Pretty good occupier
B000KV61FC,A3EJRBPUFFECQP,3,Cute and entertaining
B000KV61FC,A3EWMJZTFJZGPN,5,Best Dog Toy
B000KV61FC,A3EWMJZTFJZGPN,5,Tug - a - Jug Excellent Product
B000KV61FC,ARYGNP5U9A4ZR,3,The rope is a weak point.
B000KV61FC,A3CN2OVKRVSFSF,3,Morkie cannot get any treats out when used as intended.
B000KV61FC,A34BRSDS9MJXTZ,3,"Cool toy, but dog not really interested"
B000KV61FC,A1XG5WYLFMRRX1,5,GREAT entertainment for my pooch!
B000KV61FC,A58F10T4OE58C,5,Great toy but frustrates my dog
B000KV61FC,AWID3YSMRB8EU,5,My puppy loves it more without the rope attached.
B000KV61FC,A2HYHT45PHNIIG,4,Probably a Little too Big for the 'Tween Dachshund
B000KV61FC,A2Z7S5K254ADCT,5,A Thinking Dog
B000KV61FC,A2L11XFJ1W0AV1,2,not worth it
B000KV61FC,A3W37DL6P9WZHC,2,Nothing special
B000KV61FC,A3MTDNQ3Z3UT3P,4,fun but not the way intended
B000KV61FC,A3P43C9U5FZVCI,3,"Okay, I Guess..."
B000KV61FC,A3S96B2GBP04N2,3,Great for a food driven dog
B000KV61FC,ARN85DCNU1YE4,3,Quite the workout - but maybe a bit too difficult
B000KV61FC,A2JGWDPGYD5X0N,1,Three Dogs...No want...
B000KV61FC,A17YPMCHJ10PEZ,2,Good while it lasted ... but it didn't last!
B000KV61FC,A4UWWXUT9H0UJ,1,Doesnt work.
B000KV61FC,A18OTGQU8JM7S2,1,???
B000KV61FC,A1RN9FGWEUHDPS,2,Dogs not interested
B000KV61FC,A96ELROLQRPAE,5,Love love love it
B000KV61FC,ARQPQ8LF5NTEZ,4,Awesome product for many dogs!
B000KOWQ8A,A2A1XYSB692L6J,5,E S S E N T I A L........Y U M M I N E S S... ! ! ! !
B00433YS80,A1EPP56A17R62Q,2,The flax oil is good for me
B0041GHV8I,A2YNIKQDLZR2WW,5,Wow they are soo green!
B0041GHV8I,A2582KMXLK2P06,5,baby food that's right
B0041GHV8I,A1XMB52F1KZ4PK,5,What Peas Are Supposed to Be
B0029JG4DM,A2TO2BN3P4C00L,3,"so-so flavor, too much fiber for me"
B0049D7JQW,A392XPUTJDHSDJ,5,Twix are tasty
B001HTJ49G,A393F381MA82AY,5,Crunchy with fiber
B001HTJ49G,A2Y8IDC1FKGNJC,5,great snack
B001HTJ49G,ACAIEIV03NBHY,5,"A decent prezel, good price"
B001HTJ49G,AK7CAW3N1XZV6,5,"Great source of fiber and protein--but TASTES great, too!"
B001HTJ49G,A1ZPY91VE3IDN1,5,Great Flavor w/ Little Salt
B001HTJ49G,AZRI5QQD2M4ZK,5,Delicious
B001HTJ49G,A3CFN1DW7YHUDP,5,LOVE these
B001HTJ49G,AYGIIQGSHKZNI,1,Mine Also BURNT flavor!
B001HTJ49G,A1LL8N425UTUM6,5,Review for the Hi-Protein variety
B001HTJ49G,AY1EF0GOH80EK,5,How can a pretzel taste this good?
B001HTJ49G,A1RRMZKOMZ2M7J,2,Not so good & close to expiry
B001HTJ49G,A37CENQP0ZNKVE,5,Delish!
B001HTJ49G,A17KNP1347GV5D,5,Great Pretzels
B001HTJ49G,A9PKYI8B9V9VB,5,Best tasting pretzel snack
B001HTJ49G,A17KNP1347GV5D,5,Best Pretzels I've Ever Had!
B001HTJ49G,A1J5HIF41ENSMZ,5,I've liked every kind that I've tried
B001HTJ49G,A30ARMF3JEKEJY,5,Newman knew his stuff
B003QVWGMU,AAX6FRNBEU9PK,5,This is such a bargain!
B001EO7E0K,AQXJM6TILVEDY,5,Light scent and very pleasant
B0013A0NKS,A3TBTAX85OYRKP,4,Good coffee flavoring
B0013A0NKS,A18WKADVOE3BJI,3,So so
B003ZXJEJC,AJ1CE24O54TFM,5,Great complement for my ice tea machine
B00016AU3K,A1YUL9PCJR3JTY,4,"Delicious, Yes, May Help With Stress Relief"
B001YJBO4M,A1PI8VBCXXSGC7,5,These are good
B002BCE9JS,AQLL2R1PPR46X,3,"good, HIGH sodium though"
B002BCE9JS,A3HPZ6BIMNXSZR,4,"pretty tasty, but I'd like more kick"
B002BCE9JS,A3BTL4FV6ODKAT,5,The Best Instant Noodle Meals You Can Buy!
B002BCE9JS,A32GCOTGFJ9XC3,4,*Easy* To Make With *Tangy* Flavor!
B002BCE9JS,A1UB23942QQ7WP,4,Nowhere Near the Real Thing
B002BCE9JS,A3EBHHCZO6V2A4,5,"Good afternoon,Vietnam"
B000CQ25QE,A28QTVEFQX6Y9X,3,Add your own flavor to make it a 5
B000CQ25QE,A21S0K5PU4YO9L,3,just not for me
B000CQ25QE,A31NQQQ4IVF0Y4,5,The best whole grain mac n cheese!
B000CQ25QE,AVFVXW75F5Q2O,5,Our favorite whole wheat mac 'n cheese!
B000CQ25QE,A26HFSVLAGULIM,5,THIS STUFF TASTES GREAT & IT'S CERTIFIED ORGANIC TOO !!!!!
B00013EWNM,A6ORWDZRBVNIT,5,hot stuff
B002CJAOTY,A3I0OTHCHCXEMM,1,Be careful
B002CJAOTY,A1Z54EM24Y40LL,5,"Great food, very meaty smelling and appetizing"
B00170NWEI,AEOAQGZMVBROX,5,Delicious!
B00170NWEI,APYZ6Y3B3FO6,5,Among The Best Sencha
B00170NWEI,A3E5KPDJ9OMGL3,1,Smell & taste too grassy.
B0041CIOL0,A21BPP2B0J8UJ7,1,Terribly Wrong
B0013LWJ1S,A1IRCA0BTW0LLD,5,That's a spicy!
B0013LWJ1S,A2UFC8M91UFRX9,5,Who needs salsa when chips taste this good?
B0013LWJ1S,A3QFVEQNX2FQ8P,5,Delicious!
B0013LWJ1S,A181BEPNIVQWB1,4,Organic yummy chips what more can you ask for
B0013LWJ1S,A1UJ6I72N22HT7,4,Very different flavor
B0013LWJ1S,A386PFEJWL73X5,5,These are the best widely available bbq chips!
B0013LWJ1S,A2MIJOZVTWEXP2,5,My favorite chips from Kettle!!
B0013LWJ1S,A4AYT6I29WTPY,5,"Amazing Taste, Best Chip Ever!"
B0013LWJ1S,A1UDFKEKTO70NX,4,tasty
B0013LWJ1S,A471XPKNUEJGU,4,Plocky's Sweet Smokey Chipotle Whole Grain Tortill...
B0013LWJ1S,A3UCO7B9HP42BG,5,Yummy chips
B0013LWJ1S,A28A3KLKV22OAJ,5,Tasty!
B0013LWJ1S,A1WX42M589VAMQ,5,So Faboo: Dangerous for those prone to Chips Binges!!!
B0013LWJ1S,ARUQJLJBXS88,5,The spice will grow!
B0013LWJ1S,A3MKD1JZEYH8J3,5,The best tortilla chips I have ever eaten!!
B0013LWJ1S,A1ZH9LWMX5UCFJ,5,Such an excellent chip
B0013LWJ1S,AK5DB61C13CN7,1,WRONG FLAVOR - got Country BBQ instead of Chili Chipotle
B0013LWJ1S,A3AIHN7XBD816P,5,Great
B0013LWJ1S,AWZG8HXBE8PNB,5,Plocky's Rice and Beans Tortilla Chips
B0013LWJ1S,A3QAZDJ7NYH2C6,5,Huge fan of these chips!
B0013LWJ1S,A2OPEDFVLL22TP,4,Plocky's tortilla chips--tasty and healthy
B0013LWJ1S,A2M7DO3ICXZWF1,5,Plocky's Three Grain Tortilla Chips
B0013LWJ1S,A1KTR92SDR33GZ,4,"Tasty, but make sure you have gum"
B0013LWJ1S,A1DMR4TXV10JBB,5,Don't stop carrying these chips
B0013LWJ1S,A15UN7OK3WRFXE,5,OM NOM NOM NOM!
B0013LWJ1S,A31UITXO8QXG3H,5,delicious and healthy
B0013LWJ1S,AQAEOMJX8ON8A,5,Unique schrumshist and tasty Tortilla Chips
B0013LWJ1S,A4FVWK4UTFQVT,5,Music to My Palate
B0013LWJ1S,A2D8K0GPVMMSER,5,yummy!
B0013LWJ1S,A2U3DAB0WI8BLZ,5,Kettle Organic Chipotle potato chips
B0013LWJ1S,A3SV6IWK26XK6B,5,Best kept secret.
B0013LWJ1S,ACNON4BZACUUL,5,Delicious and additive
B0013LWJ1S,A1UDZGQRPFHB5Y,5,FANFREAKINTASTIC
B0013LWJ1S,A2ZCD6KO2YY9IZ,5,Smokin'
B0013LWJ1S,A34ZI3K5DNDSNE,5,really good chips
B0013LWJ1S,A1Y1O4GJA3HXQF,5,"Plocky's Tortilla Chips, Red Beans 'N Rice"
B0013LWJ1S,A2TW6FWJYTF8QM,5,"""Simply THE BEST"""
B0013LWJ1S,AISIJIUHHZNHQ,5,Addicted
B0013LWJ1S,AC82F5LXJCR22,5,Perfect tortilla chip goodness!
B0013LWJ1S,A3I7NZC5LUVPPW,5,These chips are addictive!
B0013LWJ1S,A14B8M117EUBLK,5,Best tortilla chips ever!!!
B0013LWJ1S,A228P3VH7SFBHG,2,Meh
B0013LWJ1S,A1AQ2W2R4SOVGN,1,"The ""Organic"" Label is Misleading"
B0013LWJ1S,A3NCTCNAUYCH6H,3,Kind of Bland
B0013LWJ1S,ADD87VB66Y0DQ,5,Delicious chips
B0013LWJ1S,A2GS0QUCV2KVMP,4,Broken chips but tasty
B0013LWJ1S,A1D0P49A1MQO1O,5,The best chips ever!!!
B0013LWJ1S,A3J6N95DIJTPVH,5,Excellent Tortilla chips
B0013LWJ1S,A3MALNCOVF5COP,5,Black Beans Never Tasted So Good!!!
B0013LWJ1S,A1ABDQ02BCIGYQ,2,"Not, my favorite chip"
B0013LWJ1S,A1KBNKFKAWYV7L,5,Very Timely Delivery
B0013LWJ1S,ARLTWKV2AUJ2F,2,Very Tasty - BUT BEWARE
B000H2291O,A129FZ5BFFUK87,5,Best of the best tea
B001GCVLVI,A1ZPY91VE3IDN1,5,"Perfect with tea, coffee, milk, port or scotch whiskey"
B001GCVLVI,A2MNB77YGJ3CN0,5,My FAVORITE shortbread cookies ...
B001GCVLVI,AVFA1JB08RG8G,4,Highland Heaven!
B000QNQZM8,A3N7T3Q56NR6UG,5,How did I live without it?
B000QNQZM8,A2YMCPP3KW9IXU,3,A bit disappointed
B001EO7LQC,A3RO8EWFXJSMLB,5,WONDERFUL SWEDISH PANCAKES
B004LL7GHO,A1D2ZYEXKQQ8FU,5,"Stock up, this is great!"
B004LL7GHO,A2NOW4U7W3F7RI,5,Very nice drink
B004LL7GHO,A2FRFAQCWZJT3Q,5,Not quite as creamy as Silk soy but almost
B004LL7GHO,A2Q2GDB5XDYQV5,5,Perfect for baking
B001EO61AO,A17HMM1M7T9PJ1,4,One of my favorite fats
B001EO61AO,A36K8DLXYRUMBR,5,Awesome for everything
B000RZAJL8,AHHN2Q0GEOI9U,4,Great snack
B000RZAJL8,AHHN2Q0GEOI9U,5,Great snack!
B000RZAJL8,A2II54B3VA45LN,5,Tasty source of protein
B001B3XOW6,A2SKIUWJRJX9O6,1,Doesn't spray
B004ZIER34,A3UOS7EC0NN88A,5,Smooth and delicious
B004ZIER34,A1NN8Q1DLAYPGH,5,Good Enough to Make Me Order More!
B004ZIER34,A2VAD79S4A06DD,5,Good cup of Joe
B004ZIER34,ASY25YMTIC2A9,4,"Low acid coffee, but needs to improve flavor"
B004ZIER34,A2K89R0B20LYHB,4,Tastes like mild everyday coffee
B004ZIER34,A31YSTICHFYN7O,2,"Low Acid, Low Taste"
B004ZIER34,A17A1KTVI3DG6U,3,It is definitely coffee
B004ZIER34,A1S27P7KJO9I96,4,Tasted like coffee. No noticeable taste difference...
B004ZIER34,A3R33KMESG0XGQ,3,Tastes the same as Starbucks.
B004ZIER34,A1D6DFC3AGV3JZ,4,"Puroast Low Acid Coffee Low Acid Coffee French Roast, 3-Ounce Bags (Pack of 10)"
B004ZIER34,A2MSQNPTNAAGL1,4,Not Starbucks but not bad
B004ZIER34,A20VXYT5DL0ZC6,5,Delicious!
B004ZIER34,A2WN1QF8GSVHYV,2,Tastes like Decaf
B004ZIER34,A147FUNITGB21I,3,Cuppa Joe for Hearburn Sufferers
B004ZIER34,A7Y9MP7H8LYUE,3,Still Needs Work
B004ZIER34,A339F4I8GBN3H3,4,"less is more, more or less"
B004ZIER34,A16RI68PS6T5CA,4,Does the trick for me!
B004ZIER34,A3C40PJ9YXREQ5,4,Good coffee
B004ZIER34,A32NEDX6UVV8DE,5,Smooth as silk and great acid free flavor
B004ZIER34,AONUCJBC85BL,4,"No heartburn here, thank you!"
B004ZIER34,AQ1F3NP2G15S5,1,"Smells stale, tastes weak, looks like tea more than coffee"
B004ZIER34,A3G7BEJJCPD6DS,3,"Too Expensive, Somewhat Bitter"
B004ZIER34,A2OJCTT5WLB2HR,4,Tastes great!
B004ZIER34,A21U4DR8M6I9QN,4,loved the first one...
B004ZIER34,A1Z7Y2GMAP9SRY,2,"Husband says it is not very ""Frenchy""."
B004ZIER34,A2FRFAQCWZJT3Q,4,Pretty good
B004ZIER34,A3CG93783LP0FO,3,DARK French Roast?  It's bland and weak......
B004ZIER34,A2FVD05Z2FYW1P,3,Just OK
B004ZIER34,A2AAHDM93LC9BI,5,It does as advertised!
B004ZIER34,A2L6QS8SVHT9RG,2,Too dark and bitter 'French Roast' from Puroast
B004ZIER34,A2BVNVJOFXGZUB,3,I prefer Folger's
B004ZIER34,A1JAPP1CXRG57A,4,"Rich Taste, Weak Aroma"
B004ZIER34,AG90OGHDGOOVH,5,Based upon my wife's feedback
B004ZIER34,ANEDXRFDZDL18,4,Good Stuff!
B004ZIER34,A26DA070XLT8FP,5,Best low acid coffee
B004ZIER34,A3BTL4FV6ODKAT,3,Solution in Search of a Problem
B004ZIER34,AVJJ2D4G5I0Z4,3,"Tastes good, but kicks off my reflux"
B004ZIER34,A1ZKY8IR5TDNJY,5,low acid coffee
B004ZIER34,A23E9ZPS2RQZS0,5,Excellent low acid coffee
B004ZIER34,A2FYK4HWXZRLPN,3,Works As Advertised
B004ZIER34,A3GMVCTJTHYG1F,3,Not great
B004ZIER34,AG36DMYKO3HPM,5,This Coffee is NOT Bad!
B004ZIER34,AO5DDG05DHVIC,5,"Tastes Like Regular French Roast, but Easier on the Stomach"
B004ZIER34,A3RRIP2E45NGRQ,2,Wood to the last drop!
B004ZIER34,A1HLJJ6MKZLR3Z,4,"Rich, dark flavor -- Less acidic aftertaste"
B004ZIER34,ACR4HKUT808U1,2,Yuck.
B004ZIER34,A1P2XYD265YE21,5,Good Coffee
B004ZIER34,A2PU80LCKRMC9X,3,Will not buy again...
B004ZIER34,AI0PLL5DQAHRG,2,An acquired taste perhaps?
B004ZIER34,A1TIVD0Y3KJSCN,4,"Excellent, truly is low acid!"
B004ZIER34,A3NOBH42C7UI5M,3,Puroast Low Acid Coffee
B004ZIER34,AP8D74QD9LUUL,3,just ok
B004ZIER34,A2E3NAL9ECE7VS,3,Turns out acid makes for good coffee...
B004ZIER34,AX54G5AL870Q8,3,I still had heartburn with Puroast
B004ZIER34,AN81JUYW2SL24,4,Low-acid coffee with minimal after taste
B004ZIER34,A3AUL23GMCOP2A,4,Probably need more than one morning to really tell
B004ZIER34,AFJFXN42RZ3G2,4,Try a cup or more
B004ZIER34,A1AES697PC2IW5,5,Mellow Rich French Roast +++
B004ZIER34,A36MS27KAA5S26,4,Can't Tell The Difference From Regular French Roast!
B004ZIER34,A2E1EFNIZL2FVA,5,The taste is good!
B004ZIER34,A22PUBSSNP54L,4,"a little weak, but didn't bother my stomach."
B004ZIER34,A3L2KYOYDWSRPL,4,Good flavor
B004ZIER34,A2T7GZ74MZI0MN,2,Very bitter....
B004ZIER34,A20H1M28WLI9J2,4,Surprisingly Bold Taste
B004ZIER34,AG6JWI77UMETS,5,Nice alternative to regular coffee...
B004ZIER34,A3882RXW8MO4J4,2,Doesn't taste like it's low-acid
B004ZIER34,A35X2JJI49OBZP,4,"A little powdery, a little strong, but not bad"
B004ZIER34,A209D61DH0HZMA,5,great taste!
B004ZIER34,APCSV85SWASN2,4,Excellent Cuppa
B004ZIER34,A1AKU188I6NRF0,4,Smooth
B004ZIER34,A3FD3BHIUYIFPD,4,Wake Up
B004ZIER34,A1H7Y5XKPGT0OS,4,Pretty good coffee
B004ZIER34,A37RIRXE3WECZ,2,I'm not a fan of this coffee...
B004ZIER34,ASPL0SF3VVEZH,5,"Good Taste, No After-bite"
B004ZIER34,A1GQAKL9CGQLP1,5,Great Low Acid French Roast Coffee
B004ZIER34,A1W415JP5WEAJK,4,Did not upset my stomach ...
B004ZIER34,A1YVDY3TISDRE1,5,"great taste, easy on your stomach.."
B004ZIER34,A1ZO9D554VQO9F,4,"Thought it tasted okay, but couldn't say for sure it was low acid"
B004ZIER34,ASHO96ZB8AL1Z,2,Not worth it.
B004ZIER34,ACYR6O588USK,5,Excellent Coffee for Heartburn Sufferers
B004ZIER34,A3W4D8XOGLWUN5,4,Coffee For All
B004ZIER34,ARBKYIVNYWK3C,4,"If you need low acid, you've found your answer."
B004ZIER34,AW7BIYHXUIZ62,5,"No complaints, good coffee flavor"
B004ZIER34,A2I98OOPNIJNYY,5,re-flux or not
B004ZIER34,A29M09QBG9TZLP,2,Not as flavorful as a French roast should be
B004ZIER34,A1ZZR25X0CNOJX,4,"Yes, less acid"
B004ZIER34,A1DNXL8BIR5R8R,2,Prefer my Folgers
B004ZIER34,A688RIZ2POWSQ,4,cajun coffee??
B004ZIER34,A15T9G38F589KM,2,Not my cup of coffee
B004ZIER34,A2GANR9I6XHTU9,4,Good Cup of Coffee
B004ZIER34,A1Z54EM24Y40LL,4,"LOVE the low acid, quite strong, however"
B004ZIER34,A1IH42TUIZ2XJL,5,"Deep, darkly roated coffee with excellent taste"
B004ZIER34,A6B92PTV0Z1SU,4,Servicable Coffee
B004ZIER34,A2E2PA6UNK1E05,2,I'd Rather Deal with the Acid
B004ZIER34,A1N03V52IRZ5PR,4,"If you can't drink regular coffee, this blend is inoffensive."
B004ZIER34,AF3EWORDT15AU,5,An Excellent Low Acid Coffee
B004ZIER34,A3P8ZDHC7XSKSE,2,"Lower acid, unappealing taste"
B004ZIER34,A3SQQYS79AV13M,5,"Smooth, Rich, Dark"
B004ZIER34,A37PZJH2F13IOR,4,You can doll it up
B004ZIER34,AK7CAW3N1XZV6,4,Makes a decent cup of coffee
B004ZIER34,A19GSC3QMK694Q,2,"too strong & tasted yukky to me, smelled bad too."
B004ZIER34,AQH1SWR5HA413,5,"A nice, strong coffee without the stomach upset"
B004ZIER34,A2UQIQUOAB47OT,2,It does have the low acid going for it...
B004ZIER34,A2QSBOAAGW1I1H,3,Coffee OK but price is excessive
B004ZIER34,A3GYY4CBRUZRSO,2,Ehh..
B004ZIER34,A2HPVNZZF15W93,3,Sure was hoping....
B004ZIER34,AKZ0BCILJ71OT,5,At last!!!
B004ZIER34,A1I477ADGMLVJM,3,The magic is in the grind
B004ZIER34,A1HRYC60VTMYC0,3,"Smooth, but with a bitter after-taste"
B004ZIER34,A44OY8EFDM4IP,3,I am on the fence...
B004ZIER34,A1YZEKPPMXG1YJ,2,Too strong
B004ZIER34,AR1T36GLLAFFX,4,"Low Acid Indeed, but Darker Roast than I Like"
B004ZIER34,A1ZZZT0KJR46UV,5,Super cup of coffee
B004ZIER34,A1URMXEEWEQR6V,2,"Wierd smell, funny taste, lasting aftertaste"
B004ZIER34,A2PBMCBT1R8TTL,5,"Full bodied aroma, satisfying blend"
B004ZIER34,A1DSRM2P0WGQNS,4,No heartburn and tasty
B004ZIER34,ABOTQXNUBA1MM,4,A lighter coffee that tastes very good
B004ZIER34,A2EXGRAA6QW96Z,2,"Smooth Coffee With Rich, Flavorful Aroma"
B004ZIER34,AIREHOF22MIBM,4,Lose the acid without losing taste.
B004ZIER34,A3SMD3T0QTN109,4,Smooth and roasty
B004ZIER34,ABNMD6670TV53,4,Full-bodied coffee with no aftertaste
B004ZIER34,A39XAXOXLQODNC,5,if you get heartburn and love coffee it's for you!
B004ZIER34,A1EX5SK2PD0XLC,4,"Different, gentle, mild flavor"
B004ZIER34,A2M1MNG7G40V85,4,Good low acid option
B004ZIER34,A36EW68H08UOCS,3,Not bad coffee... but is it worth it?
B004ZIER34,A19SDJ2TSSL8HI,3,Too Dark for Me but Packets Good for Christmas Baskets
B004ZIER34,A1B6O7SAIYG2N0,2,low flavor
B004ZIER34,A3HPCRD9RX351S,2,Not the Best Part of Waking Up
B004ZIER34,A1YX6S4I5GG5VK,4,Low acid and perfect for strong coffee lovers
B004ZIER34,A2WVF9ZQ068DN0,1,Disappointing
B004ZIER34,A1AEPMPA12GUJ7,2,"Low acid, high bitterness"
B004ZIER34,A1SI2993YY7C61,3,"In the end, it's the taste that matters"
B004ZIER34,A23RZIU0N8K2KR,4,Old World Coffee for those who suffer from acid reflux
B004ZIER34,AFOV2K4F0MDTZ,3,A Decent Average Coffee
B004ZIER34,A1PW5SQLR0Z6IH,3,Just okay
B004ZIER34,A277GP2U2TXH51,3,Puroast Low Acid Coffee
B004ZIER34,A2EDTVVR9IFNLW,3,"Decent flavor, not outstanding"
B004ZIER34,A36S5U0QOWMOSX,3,An Adequate Cup of Coffee
B004ZIER34,A14L2638XC00EZ,3,Nice if your stomach needs the low acidity
B004ZIER34,AF3X7J0XC391L,3,A bit bland but not a bad alternative
B004ZIER34,A3A15L96IYUO6V,4,Definitely strong but with less acid
B004ZIER34,A2GK5S3ZF9Y8YO,1,Unpalatable!
B004ZIER34,A1E8XXAKINL0B1,1,Sorry... Not a fan
B004ZIER34,A3091RP0SPZLMN,3,May be good for others
B004ZIER34,A2YB7DLC3FOR7W,3,Like watered down & weak Turkish coffee
B004ZIER34,A18ECVX2RJ7HUE,3,OK
B004ZIER34,A2H0T0PY5IMEFX,3,Tastes OK & It Is  Low Acid
B004ZIER34,A37WVR9M1STQDU,1,Low acid?  Doubtful.  Taste?  Aweful
B004ZIER34,A2E9HDZXQORZLA,1,Unpalatable
B004ZIER34,A3SZXYX9YEDGT6,2,Seriously Foul Coffee
B004ZIER34,A2VHCA21QKNEKE,3,Not what I expected
B004ZIER34,ATLO3YXU2BC16,4,Now I know why Dad switched
B004ZIER34,A1LFXR2GB56XWA,3,This Java Has No Jump
B004ZIER34,A28ZDVY6NV75P,3,Ok but not as good as regular cold brewed
B004ZIER34,AS44QEHT3KSPK,2,bland and boring
B004ZIER34,A22K36X80X815R,5,Clear coffee flavor
B004ZIER34,AOLKA6NI7GN38,3,Good Coffee!
B004ZIER34,A17771LTRWSKQ5,3,Just ok
B004ZIER34,A2MNB77YGJ3CN0,3,Not bad; not terrific ...
B004ZIER34,A4IL0CLL27Q33,4,Tastes like a strong french roast. I drank it black and had no stomach problems.
B0036QHQ5C,AY12DBB0U420B,5,First Rate Blend.
B0036QHQ5C,AY12DBB0U420B,4,"Promising Aroma, but Disappointing Coffee."
B000FFHT68,ANKQGTXHREOI5,5,Excellent quality
B000FFHT68,A35A5S6H1WROO6,5,Very satisfied with this product.
B000FFHT68,A103FPM7ABVMAW,5,PEPPERCORNS FROM JR MUSHROOMS & SPECIALTIES ARE GREAT!
B000FFHT68,A69D8M35YLTI4,4,Dissapointed in the package
B003FCZQQI,A1RRMZKOMZ2M7J,4,Great with yogurt
B005V9ZB8Q,A1ZPY91VE3IDN1,2,Not Best of Walkers
B0029XP0UG,A2ALR22UJ6QI6R,5,Crunchy Tasty Light Snack!
B001E96JY2,A3CRY1LF4GM6B1,1,Flavorless Goop
B001E96JY2,A27YQF90LFENAT,3,"""Fresh Mixers"" to ""Lunch Express"" Not Good For Consumers"
B001E96JY2,A3MNAQZ8DQQTAD,1,AWFUL............REALLY!!!.
B001E96JY2,A3BH49ZKESHDID,4,Quick Microwave lunch
B001E96JY2,A2O8Z4MX4I8WYT,1,Worst of the bunch
B001E96JY2,AKJHHD5VEH7VG,2,Mushy. Not a fan of this one.
B000X9NRKS,A76CBKP9PQXJ3,3,"May be healthier than ears, but do not last as long"
B000X9NRKS,A19F2M7X0XXOCC,4,Better Than Ears Treats
B000X9NRKS,A3QNK88K5JM8V3,5,"Better than ears, REALLY"
B004R8J8E0,A277GP2U2TXH51,4,Shake N Bake Pork Pouch
B004R8J8E0,AHQ13I9CI4US6,5,Simplifying Dinner Prep with Shake 'n Bake
B004R8J8E0,A1ZKY8IR5TDNJY,5,Pork Shake and Bake
B004R8J8E0,A58F10T4OE58C,4,Quick Dinner
B004R8J8E0,ATLO3YXU2BC16,5,An Old favorite
B004R8J8E0,A58N07M0ZCYMB,5,Why wait 30minutes to mariade if you can Shake and Bake?
B004R8J8E0,A1ONZ8JRPLBNUI,4,Mona Lisa
B004R8J8E0,AJBF0L0KVJG8J,5,Shake and bake rocks.
B004R8J8E0,ACWVXZ8VKJ19V,4,Easy dinner option
B004R8J8E0,A10PEXB6XAQ5XF,4,Good Stuff and the Kids Liked It
B004R8J8E0,A379IB3EYAEL5,5,Very tasty
B004R8J8E0,A26U7D0N4PCTNT,3,Pretty much how I remember it just soggier
B004R8J8E0,AEL6CQNQXONBX,5,Makes a quick but good tasting dinner
B004R8J8E0,A1ZZZT0KJR46UV,5,Great flavor
B004R8J8E0,A2EXGRAA6QW96Z,3,Shake Your Pork Chop
B004R8J8E0,AO4RDTZLAGCJ5,3,Not as flavorful/salty as I remembered...
B004R8J8E0,ANEDXRFDZDL18,5,Regular staple in our home
B004R8J8E0,A3GRN6J64F2C3X,4,Snappy coating makes pork more exciting
B004R8J8E0,AO5DDG05DHVIC,5,A Delicious Blast From The Past
B004R8J8E0,AF3X7J0XC391L,4,Good seasoning and versatile
B004R8J8E0,A1LJR5IS0B6ADX,5,After all these years it still tastes wonderful
B004R8J8E0,ARYSDAZNRXN6G,5,Always easy and good!
B004R8J8E0,A3H8PA7AG48K33,4,Go With Your Taste Buds
B004R8J8E0,A1FHWJ7EFO3E3U,4,"Quick, easy and tasty pork chop coating"
B004R8J8E0,A1B6O7SAIYG2N0,4,crispy crust with flavor
B004R8J8E0,A2E1EFNIZL2FVA,5,Nice and crispy
B004R8J8E0,A23PBLHUOR6GNN,5,Tasty! More than one way to use it.
B004R8J8E0,A2JE8OS1NN9YDB,5,An Easy Dinner
B004R8J8E0,A1LHAXBM5GBJS2,4,Easy and Tasty
B004R8J8E0,AZ9WQM7SLUX7E,4,Typical easy shake and bake
B004R8J8E0,A3HUC8541SJ6UT,2,"Bland & Mushy - very ""School Lunch""ish"
B004R8J8E0,A2VJJ2POCLMED7,4,"Good stuff, but not very much of it..."
B004R8J8E0,A105S56ODHGJEK,5,A dinner classic.
B004R8J8E0,A23ZNGL704AW7O,4,"No plastic bag for shaking, less Shake N Bake than the standard box - flavor is the same"
B004R8J8E0,A3882RXW8MO4J4,3,Shake 'n Bake is an unchanged classic
B004R8J8E0,A1UYMXFON06KQ6,5,Great flavor!
B004R8J8E0,A36MS27KAA5S26,4,Just Like Mom Used To Make
B004R8J8E0,A8KWNRQPZLAXC,4,Used it with chicken instead!
B004R8J8E0,A1XEJRNQSZPWAI,5,A Classic for a Reason
B004R8J8E0,A2G7B7FKP2O2PU,5,Handy and Tasty
B004R8J8E0,A1WKEAS58297E5,4,Crispy and flavorful
B004R8J8E0,AP8D74QD9LUUL,4,delicious as always
B004R8J8E0,A1RF9YK4BK5TRH,3,Improves Taste... A Little
B004R8J8E0,AXVKMYWNIHK7W,4,Shake and Bake seasonings
B004R8J8E0,A5GPH59NDWJRB,3,Tastes Differ
B004R8J8E0,A2I98OOPNIJNYY,5,Very good breading with interesting flavors
B004R8J8E0,A2HTPS0JV3Q8ZD,4,A different way to pork
B004R8J8E0,APP5MBH2BSX6I,5,Oh yeah!
B004R8J8E0,A3EPJSPH03AS29,4,Easy to use.  Okay taste.
B004R8J8E0,A2D7X9N3IV3S7B,3,Uninspirational
B004R8J8E0,A3EUSH8DPW75LR,4,Very tasty!
B004R8J8E0,A2G9UDL72YUTT8,5,Tasty and easy
B004R8J8E0,A1Z7Y2GMAP9SRY,4,A blast from the past
B004R8J8E0,A1H7Y5XKPGT0OS,3,Nothing special about this product
B004R8J8E0,A3M1PLEYNDEYO8,5,Tasty
B004R8J8E0,A37USOKUTI724H,4,Great!
B004R8J8E0,A1WBEIH7Z37LN9,4,It's the same Shake 'N Bake you grew up with.
B004R8J8E0,A9LAPV8XNKZVZ,4,as advertised
B004R8J8E0,A2O421DTA8J0RW,4,"Little Bland, no shaking bag in pouch"
B004R8J8E0,A19GSC3QMK694Q,5,A long forgotten favorite
B004R8J8E0,A16WPA6JV83YXT,5,So easy to use and it makes a great moist pork chop
B004R8J8E0,ACVDL5QRCOPE1,5,Easy weeknight meal
B004R8J8E0,A3VZH0PWLQ9BB1,4,Great on Chicken.
B004R8J8E0,A1LG1DKUZXGJ6J,4,As good as I've come to expect from other Shake 'N Bake products...
B004R8J8E0,A2VIUUWR7B11KS,5,Quick and tasty dinner.
B004R8J8E0,A2WCFDOCS73PNB,5,Quick way for a delicious meal
B004R8J8E0,A3U029B8Z5WGI2,5,Good Old Shake and Bake - Tastes Great and Easy to Make!
B004R8J8E0,AE2MKYLMTYF21,5,"Easy as 1,2,3"
B004R8J8E0,ASJ0MKRFZC47B,4,Breaded Pork
B004R8J8E0,A1I477ADGMLVJM,4,Delicious & a life-long favorite
B004R8J8E0,A20VXYT5DL0ZC6,5,A nice surprise and something new
B004R8J8E0,A2E9HDZXQORZLA,5,Quick and Easy Way to Spice Up a Meal
B004R8J8E0,A2OCDK0BOW6UCY,4,A  Retro Treat
B004R8J8E0,AG6TX1ZJHLMO7,4,Easy With No Clean Up
B004R8J8E0,A1Q08H4B9QGT2N,4,Tasty quick pork chops
B000HDOOL6,A1RJUXDK64O91A,3,Grainy residue
B000HDOOL6,A26KIN6LSNH840,5,Happy Accident
B000HDOOL6,A281NPSIMI1C2R,5,Nirvana by the Cup
B0009YUCM8,A2AAHDM93LC9BI,5,Works great!
B001EO7GYY,A2SPKQTTLENF2A,5,My favorite coffee
B001EO7GYY,A3CG93783LP0FO,2,When they say extra bold they aren't kidding!
B001EO7GYY,AYH8K5A9NPMNN,5,"To me, this is the perfect cup of coffee!"
B001EO7GYY,A103U3KR4L2ZXT,5,Excellent Bold Coffee
B001EO7GYY,A2OGPJKR9TT8SI,5,The best!
B001EO7GYY,A21EA3MMQG162S,3,"Great coffee, very pricey"
B001EO7GYY,A1W7F8UCTE5KYO,5,Awesome Coffee
B001EO7GYY,A56Y7MX2QGTN8,2,Unremarkable
B000E1FXLG,A3OXHLG6DIBRW8,5,Great Sugar-Free Pudding! Highly Recommended!
B000E1FXLG,A1FP5ZLSKR07SU,5,"Ummm, yummy..."
B000E1FXLG,A33DKGANHQJSXC,5,Great Price -- Great Product
B000E1FXLG,A22Z9R91N8L7IQ,5,One Of The Better Flavors
B000E1FXLG,A1ZKY8IR5TDNJY,5,Good pudding
B000E1FXLG,A1YCRX6QBEGD21,4,"Nice taste for no calories, but not as good as the product with Sugar."
B000E1FXLG,A1HLWQ55JSKK7R,5,"Guilt-free, quick and easy dessert"
B001E5DYSU,A3VD9J3FIVJTF2,5,Illy Decaf Espresso is Mighty Fine
B001E5DYSU,A22ML4R2ZHBN3F,5,BEST Decaf Coffee--Ever!!!
B001E5DYSU,A1BKX9MC3YAKF8,4,The best Decaf coffee by far
B001E5DYSK,AEWYUPCNDV7HY,5,Illy Coffee is out of this world!
B001E5DYSK,A3VD9J3FIVJTF2,5,Illy is great for drip or espresso coffee machines
B001E5DYSK,A3H56Z1I2I2VZ3,5,Smooth and flavorful
B001E5DYSK,A14Q5D3QYA8FPV,5,Only ILLY for this filly ;-P...
B000HQR096,AY12DBB0U420B,3,A Good Soup. I enjoyed It.
B0013NUGDE,A2HYHT45PHNIIG,5,Great Chip
B0013NUGDE,ASIMCC20UVK58,5,Great Chips Less Fat
B0013NUGDE,A33UWPTRAU4W3C,5,WOW! THIS IS LO-CAL?!?
B0013NUGDE,A2GSNLOLNOZWMM,4,Great for those watching their weight
B0013NUGDE,A2YB7DLC3FOR7W,5,Addictive!
B0013NUGDE,A3UNPDOS40TSF1,3,Not as good as BBQ
B0013NUGDE,ARWIOUASZIL1X,5,Love them!
B0013NUGDE,A1LTNRGWZFY4C9,5,LOVE THE POPCHIPS!
B0013NUGDE,A2TCY4Q5S0NO5Z,5,yummy and low fat
B0013NUGDE,AXXWXM6K66YMZ,5,Great and Healthy
B0013NUGDE,A14ENWEKTHCBXR,2,Disappointing
B0013NUGDE,A2OH0EA9PEW4FN,3,Only 2 points for Weight Watchers
B0013NUGDE,A1LNMX0VCOU7XK,5,Super Yum!
B0013NUGDE,A3EJRBPUFFECQP,5,great portion contolled snack
B0013NUGDE,A36E68YOWHTIDN,5,Delicious and a little bit nutritious....
B0013NUGDE,A1GQRGB8FGSLIZ,1,Not a fan of the Sweet Potato Pop Chips
B0013NUGDE,A2MNB77YGJ3CN0,5,Great barbecue taste!
B0013NUGDE,AGYD1ZOSM59XM,5,Wonderful alternative to regular potato chips
B0013NUGDE,A34HB1897MDSD9,5,Great Product
B0013NUGDE,A3T0OTH5072YRE,3,Pop Chips Barbeque Potato Chips
B0013NUGDE,A1HBC0NBQJHT7X,5,"Not exactly like traditional potato chips, but a great substitute"
B0013NUGDE,ADAASOYZ1TOMW,5,Fantastic chips!!!
B0013NUGDE,A1EE6LQS3OPY6R,5,Sweet Potato Popchip Goodness!
B0013NUGDE,A3AIHN7XBD816P,5,Popchips
B0013NUGDE,A2XB5P29LJ8Y6S,5,Addictive!
B0013NUGDE,A2NOW4U7W3F7RI,5,Favorite!
B0013NUGDE,A3IUW081KXD3PE,5,Love the original - not so much the jalapeno or the sweet potato.
B0013NUGDE,A1HLJJ6MKZLR3Z,4,"If you enjoy sweet potatoes, you'll enjoy these"
B0013NUGDE,A1WBEIH7Z37LN9,5,Surprisingly delicious!
B0013NUGDE,A23KDA686N6T4Y,5,popchips are great!
B0013NUGDE,A1V7889Z1SVIVY,5,Best chips ever?  Probably!
B0013NUGDE,AX54G5AL870Q8,5,It's not fried!
B0013NUGDE,A1PI8VBCXXSGC7,4,Gluten free - Munch worthy & Crunchy with a hint of sweetness & salt..Popchips Sweet Potato
B0013NUGDE,A1JFGBFN1W5G6U,5,Delicious and not bad for you
B0013NUGDE,A1B1QMGK8VYG80,4,"Pretty Good, VERY Healthy"
B0013NUGDE,A3N4CUW4UYC9I3,4,Great flavor
B0013NUGDE,A24ZV048V7J0MT,3,So So
B0013NUGDE,A1Y8ZODMDEIYYK,5,Delicious
B0013NUGDE,ATGKNPXJIBE42,4,Great Flavor
B0013NUGDE,A379IB3EYAEL5,5,These are good
B0013NUGDE,A3HQAPXAJV7PRX,5,Where have you been all my life?
B0013NUGDE,A3AZI828WJN1CD,3,Really sweet but sort of tasty
B0013NUGDE,A13MKSASQ6YWL7,3,"I love Popchips, but I don't love this flavor"
B0013NUGDE,A1EDX1UZ64LA7J,5,"I ""yam"" Happy!"
B0013NUGDE,A11L5M4MJP00UW,4,DELICIOUS!
B0013NUGDE,APPJNVNF4BFLB,4,Sweet Potato Popchips
B0013NUGDE,A24N79JNVNFSBV,5,Outstanding!
B0013NUGDE,AQJBTS8BXNJ9N,5,Popchips BBQ Potato Chips
B0013NUGDE,A3M3CXC2I4JW9T,5,Buy them people!
B0013NUGDE,A2OG042EUQ8XG5,5,Wonderful!!!!! ( I purchased them from Amazon.com) Love Amazon
B0013NUGDE,A1LTNRGWZFY4C9,5,Cheddar POPCHIPS are totally Yummy!
B0013NUGDE,A11VK79G41FSU6,4,"We'll never go back to ""baked""!"
B0013NUGDE,A1XEJRNQSZPWAI,3,Chili Lime Flavor Review
B0013NUGDE,A18IZ3RTL9SD4V,4,Soooooo yummy and great texture!
B0013NUGDE,A1DNXL8BIR5R8R,5,Pop these chips...in your mouth!
B0013NUGDE,ASIMCC20UVK58,3,"Popchips 5 Stars, Chili Lime Flavor 3 Stars"
B0013NUGDE,ALL9XFM0Q1N4E,5,A Great Alternative to Regular Chips
B0013NUGDE,A1O3ONM1MJM7EM,5,Reminds me of MUNCHOS
B0013NUGDE,A33ODUX6596NW3,5,OMG! These Are Good
B0013NUGDE,A1ILMDO2212ZZ9,5,Addictive
B0013NUGDE,A2YX27VE2XQHJQ,5,Love Popchips!!
B0013NUGDE,A2L00YZBDOOM8N,5,I had to stop buying
B0013NUGDE,A3A1OA237FOZFK,5,This picky eater loves them!
B0013NUGDE,A3A1OA237FOZFK,5,Love them & I'm a picky eater
B0013NUGDE,A3A1OA237FOZFK,5,From a picky eater - I love these
B0013NUGDE,A1I3WLRL0AD81Y,5,Great Taste
B0013NUGDE,A2DEB8DJ3MYSN2,5,Yum!
B0013NUGDE,AOSV7VXZQ1EI2,5,Great Flavor
B0013NUGDE,A254G2J906B7YD,5,Great diet snack food.
B0013NUGDE,A1ZH9LWMX5UCFJ,5,tasty treat
B0013NUGDE,A1VWY3BJOQZCGC,5,Great Chips with less calories
B0013NUGDE,A2NO1TXXS9T0EE,4,"Great, tons of salt though."
B0013NUGDE,A3HPCRD9RX351S,5,Extraordinary Chips
B0013NUGDE,AOB4R397Z9F5C,5,The Barbecue are my favorite chips!!!
B0013NUGDE,A1MOSL8Z26PB1C,5,Fantastic tasting healthy or not!
B0013NUGDE,A2ZEFDVX4X5TPX,4,always something new and different
B0013NUGDE,A2QB72NT6HE6WA,5,LOVE these chips!
B0013NUGDE,A2HKGQ3OBD6Q23,5,Much better than I thought
B0013NUGDE,A2GSNLOLNOZWMM,4,Excellent Snack
B0013NUGDE,ACM6X1Q9R2K81,5,Amazing snack
B0013NUGDE,AOB4R397Z9F5C,5,The best chips EVER!
B0013NUGDE,AN7TFQ6TWUC9I,5,Yum yum
B0013NUGDE,A1OUB5B4VNFMQD,2,Not Potato Chips
B0013NUGDE,A2HKU4SOT0CWG9,5,Just love them!
B0013NUGDE,A2SPKQTTLENF2A,4,I like thme.
B0013NUGDE,A1LTNRGWZFY4C9,5,BBQ POPCHIP HEAVEN
B0013NUGDE,AVP3I6MPAICQG,5,Healthy yum.
B0013NUGDE,A1LTNRGWZFY4C9,3,TOTALLY LOVE POPCHIPS!
B0013NUGDE,A1LTNRGWZFY4C9,2,Way too much Vinegar for me
B0013NUGDE,A2TCY4Q5S0NO5Z,5,Who said chips have to be fattening to taste great!
B0013NUGDE,A118FLR1Q37TGF,5,Love these CHIPS!!!!!
B0013NUGDE,A3UNPDOS40TSF1,5,I never thought I'd switch from 'chips'
B0013NUGDE,A2JBZHQVQF7MV0,5,Addictive!
B0013NUGDE,AL0MLF4AINGY3,5,These Rock!
B0013NUGDE,A13K3ZLWAWN1EI,4,Very good substitute
B0013NUGDE,A3M798YYM8TSQG,5,Similar to Munchos
B0013NUGDE,AX668BUQRHI7C,4,These are delicious!
B0013NUGDE,A1ONCPHCQIWQN7,5,Pop Chips
B0013NUGDE,A3GGQC9BRC6ABK,5,Amazing Chips!
B0013NUGDE,A1PAGHECG401K1,5,ADDICTIVE
B0013NUGDE,A3QNQQKJTL76H0,5,"super super yummy chips, minus the guilt -- Salt & Pepper"
B0013NUGDE,A350HRB16YUX9P,3,A little bland
B0013NUGDE,A2PSC7LUNIDEAH,5,Somewhere between a rice cakea and potato chip.
B0013NUGDE,A18MBO1U4DPY20,3,"Some People Liked, I disliked."
B0013NUGDE,A1YX6S4I5GG5VK,4,Suprisingly light and tasty
B0013NUGDE,A44OY8EFDM4IP,5,I loved them!
B0013NUGDE,AHRNDSKWH1YBT,4,The crunch has it!
B0013NUGDE,A2YX27VE2XQHJQ,5,Greatest invention since sliced bread!!
B0013NUGDE,AXXWXM6K66YMZ,1,Too strong IMO
B0013NUGDE,A3C40PJ9YXREQ5,3,A nice alternative
B0013NUGDE,A3SMV35531YME,5,Yummy!
B0013NUGDE,A30ELDPP5TCQ8J,5,WAY better than I expected
B0013NUGDE,A2UQIQUOAB47OT,4,Has a sort of mild salty Captain Crunch cereal kind of taste...
B0013NUGDE,A3A90CELVLOUP6,2,Did NOT like the taste of these.
B0013NUGDE,A3NKQ6NPDL9J7Q,1,"TASTE AVERAGE, INSANELY EXPENSIVE"
B0013NUGDE,A1ANPMPOYVPMSB,5,pop chips
B0013NUGDE,A33PLZ7SD5MCG0,4,Love the texture and the flavor
B0013NUGDE,AIW77UMHDBGLU,4,"Love them, BUT NOT ALL FLAVORS"
B0013NUGDE,A3MFU0GVZUVH3K,5,"I still like potato chips, but these are surprisingly delicious! Airy! Crispy!"
B0013NUGDE,A3V1A3C9DTLPME,5,Light and delicious
B0013NUGDE,A1GYEGLX3P2Y7P,4,Great crispy crunch and flavor
B0013NUGDE,A28WXDXJA1P0MC,2,"These definitely taste like ""diet"" chips"
B0013NUGDE,ATDE9JYCPI0L1,4,Satisfies a sweet potato tooth
B0013NUGDE,A2QSBOAAGW1I1H,4,A healthier snack
B0013NUGDE,A2J19U8H5SSFCJ,5,Fabulous Taste - can't eat just one but small warning
B0013NUGDE,A2SZLNSI5KOQJT,4,Great Crunch. OK Flavor. 100 Calories.
B0013NUGDE,A22DN96N5BEEMR,4,Good Choice
B0013NUGDE,ANYAQ3TVKP69E,5,Fantastic Crispy Airy Chips
B001E0T29K,A2Y8JZY1CD2TL4,5,Best non-whey non-soy alternative
B001E0T29K,A1RP1THAL7CUMV,5,Egg Protein Review
B001E0T29K,A2YZJDCTZ6B3SK,5,Great product
B001E0T29K,A1421EDED1JI4I,5,best to digest
B001E0T29K,A1P478YKNZYVXE,5,Superb when you can't take whey or even when you can
B001E0T29K,A3LG62BH88N8GP,4,a tip for improving consistency
B001E0T29K,A1ZWZFD0YEM2WK,5,This is a great alternative to whey
B001E0T29K,A12V99A19RKUAL,4,tasty...but too sweet
B001E0T29K,A2XHKPWCJHMWUN,5,Great value for egg protein
B001E0T29K,A29WOWF7GNCTBR,5,"Low calorie, high protein, great taste"
B001E0T29K,AS3IE5GWHMRSF,3,It's good once you doctor it up a little bit!
B001E0T29K,A2VZZ469ELSFUS,1,What's in this stuff?
B001E0T29K,A16FEH35RTWBPH,5,The Best Protein Out There
B001E0T29K,A1HL5X3G03LK4S,4,"Very good nutritionally, but expensive and clumpy"
B001E0T29K,A2WCAEZ4HT8RTT,1,A Protein Powder to make you Gag.
B001E0T29K,ANVEMCY00LN7W,4,Great Product
B001E0T29K,ARED8V3SHJVGF,5,Best Natural Protein
B001E0T29K,A1YBJU6PHKC6UY,5,"TASTE ACTUALLY GOOD LOL, IM SHCOKED"
B001E0T29K,A3MILDAIBVX6WM,5,Eggcellent Product!
B001E0T29K,AFQ7VHQMXSAMU,5,Its good!
B001E0T29K,A24A0NYZIUPYL2,3,SEEMS TO CONTAIN SOY?
B001E0T29K,A1MGC76MG17JXW,5,excellent product
B001E0T29K,A2T5PAXICCPR9T,3,Egg Protein
B001E0T29K,A1YADD405G4DP6,2,Horrible taste!!
B001E0T29K,A3SP3F4YQYDPZ2,2,Not the best
B001E0T29K,ASWRCSEVQ3GMZ,1,not good
B000HEA95K,A135XHGMBR0OWF,5,Great Healthy Dog Treat
B000HEA95K,A38S389R45ENRR,4,dogs LOVE them
B000HEA95K,ADUKNSH80HM7M,5,my dogs favorite
B001E5E2PO,A1BIPJK03QKFQA,3,Exceptionally mild flavor
B001E5E2PO,A1SYLII0808HD6,5,"Adds Depth, Flair, and Dimension to Your Coffee!"
B001E5E1NM,ANJFB4UTB3YDH,5,Absolutely D-E-L-I-C-I-O-U-S!!!!
B001E5E1NM,A338F6SDG7B0UP,5,Love this ketchup
B001E5E1NM,A1GQSBLU2QXDC9,5,My new favorite ketchup
B001E5E1NM,A3M174IC0VXOS2,4,"CLOSE, BUT NOT QUITE"
B0058EBMGO,A3RR2P5IS3DGPR,5,Delicious nutritious sweet decadent dark chocolate macaroon
B0017I753O,A1YUL9PCJR3JTY,5,Delightful Apple Cinnamon Treat!
B0017I753O,A3O9AD57QU9YSJ,5,so good but healthy
B0017I753O,ACELC7PJJLJGP,5,Great Healthy Snack
B0017I753O,A291HTT117RVS9,5,"Nice, seriously chewy apple goodness"
B0017I753O,A3KJ6JZ8MWERPG,5,Love These Apple Chips
B0017I753O,AJB5P7GVR0MT8,5,14 oz bags @ Costco
B000GZU92I,A2L01339XV496V,5,Delicious!
B000LLM8DU,A1UQBFCERIP7VJ,5,Excellent quality mole poblano
B000LLM8DU,A31BD4RXCON7QO,4,Decent grocery store mole
B004R8J8EK,A3U029B8Z5WGI2,4,Crispy and Yum Yum Yum
B004R8J8EK,A36K8DLXYRUMBR,4,Versatile!  Works just as directed
B004R8J8EK,A2UKE7GIVC7XFW,4,Shake n Bake
B004R8J8EK,A1PW5SQLR0Z6IH,4,Just like I remembered!
B004R8J8EK,AVU1ILDDYW301,3,"Easy, but bread crumbs are less expensive"
B004R8J8EK,A3JLOIXFM75QNV,4,"A quick, simple classic"
B004R8J8EK,A2GK5S3ZF9Y8YO,3,Simple with okay flavor
B004R8J8EK,A23KDA686N6T4Y,4,Shake n Bake newbie
B004R8J8EK,A22VNXHU6IZ5MT,2,"It's okay, but..."
B004R8J8EK,A105S56ODHGJEK,5,A versatile classic
B004R8J8EK,A3FBMSWBJ202SF,5,Easy and yummy
B004R8J8EK,A3OXRFCJI67IMN,5,Very Simple and Fast Way To Make Chicken
B004R8J8EK,A1ER6IYOMM8VCT,2,"OK, BUT WHAT'S THE POINT!?"
B004R8J8EK,A36MS27KAA5S26,5,True American Comfort Food!
B004R8J8EK,A23RZIU0N8K2KR,5,Easy to make (pretty much fool-proof) lol
B004R8J8EK,AY46DEOJJYFTW,5,better then I remembered
B001E96JYC,ANGRTZCX57VD7,5,Great for supper at work
B001E96JYC,A27YQF90LFENAT,3,"""Fresh Mixers"" to ""Lunch Express"" Not Good For Consumers"
B001E96JYC,A3BH49ZKESHDID,4,Quick microwave meal
B001E96JYC,A2O8Z4MX4I8WYT,5,Top 2 of the healthy choice options
B001E96JYC,AVQIRN6E7J7UA,5,"Easy to fix, easy to love"
B001E96JYC,A3CRY1LF4GM6B1,2,Try a different flavor
B004PEGIJY,ARRINXMQMRJQP,5,One of Zevia's best flavors
B004PEGIJY,A1WX42M589VAMQ,5,"I can enjoy soda again this summer! This really is a nice grape flavor soda pop, even for stevia haters (like me)!"
B004PEGIJY,A157NH3OJD4WDG,4,Tastes just like grape soda to me
B004PEGIJY,A1DAFWS98LQD2R,5,My Favorite Zevia Flavor.
B004PEGIJY,A2OEUROGZDTXUJ,5,Really?  No sugar AND all natural?!!
B004PEGIJY,A1Y8ZODMDEIYYK,4,"Good, but not great"
B001EO60EQ,A1080SE9X3ECK0,4,good lime taste
B0016JJEFG,AC4Z1ESFAVGNH,5,British seal of approval
B0016JJEFG,A2A1XYSB692L6J,5,T E A......F I T......F O R.....A.....K I N G....{  : )
B0016JJEFG,ADN8MKY17P5HJ,5,Smooth taste
B000VK2W6O,A9NXTC0HTPSDO,5,Great Treats
B0047E2I5U,A3GGXJD0BMJ2W3,5,Titan Loves his ZiwiPeak Venison!
B0047E2I5U,A7G9M0IE7LABX,5,One of the best dog food out there.
B0047E2I5U,A3GGXJD0BMJ2W3,5,"Yes, it's expensive but..."
B0047E2I5U,A33AQPJYH7UUXR,4,raw fed travel made easier  *BUT*....
B0047E2I5U,A9NXTC0HTPSDO,5,What a great product!
B0047E2I5U,ADXXVGRCGQQUO,5,top quality stuff!!
B0047E2I5U,A1EMMC2NCSXPSW,5,great dog food
B0047E2I5U,A1EMMC2NCSXPSW,5,wonderful dog food
B0047E2I5U,AKACGHPVILE9R,5,Venison Very High Quality Dry & Raw - No Grains
B0047E2I5U,A3GGXJD0BMJ2W3,5,ZiwiPeak Addict
B0047E2I5U,A3FQOT5QV7J5HP,4,Air Dried Venison Formula-Dogs Like It
B0047E2I5U,AVMDL6UUCOO4X,5,8 month Shih Tzu loves VENISON!!!
B00094HGMM,ACYR6O588USK,5,Delicious  Healthy  Drink
B00094HGMM,A2T7GZ74MZI0MN,5,A great healthy alternative to soda pop...
B001SAYGME,A1ZKY8IR5TDNJY,4,White Chocolate Mix
B00474G7KW,AMC2ZGYSSXCX5,5,daughter gobbled this up!
B00474G7KW,A3NUZY4Y6B2GHD,3,Good
B00474G7KW,A313YCOCQ050AX,4,Tasty gluten free fiber
B0021L8XT6,AXVNVV5VH5XZY,4,Made in China....if that matters to you
B0021L8XT6,A3P43C9U5FZVCI,3,DOG SAYS: DELICIOUS -- MOM SAYS: MADE IN CHINA!
B0021L8XT6,A2QQ92LFVVHUJZ,1,Made in China
B0021L8XT6,A1I85Y08VRZ32Q,5,My dogs love these.
B0021L8XT6,A37GFKV81AL1VF,5,My dog loves these treats.
B0021L8XT6,A2EE7H7BR3KDFS,4,pups love these
B0021L8XT6,ASVF01XIOPZAH,5,favorite dog treat
B0021L8XT6,A2UCGE4EQZ0P4A,5,One of our dogs' favorite treats!
B0021L8XT6,AOPVOGZHCJIC,5,Gizmo went crazy over these!!!!!!!!!!!!!!!!
B0021L8XT6,A3094EPI56GKZ6,4,My Dogs Love These!
B0021L8XT6,A38S389R45ENRR,5,bow WOWW!!
B0021L8XT6,ADUKNSH80HM7M,5,my dog's favorite treat
B000N5XCXO,ACYR6O588USK,5,"No Artificial Flavors,Colors or Preservatives"
B0017ODW3U,AW4NC5WV9F42U,5,My favorite bean
B001VJ3HAY,AKZKG2Z7CNV27,1,"False Advertising, Terrible Dog Food!!"
B001VJ3HAY,A1CMD08Z49PGKQ,5,Have used for 5 years
B002BKOM1K,A103EZCS9H8WW1,5,Delicious
B000634IC2,AHIK7BUXFRMT8,5,Our Beloved Cat Enjoys This Food and is Prospering!
B000634IC2,A1Z54EM24Y40LL,3,"Not bad, if you can stand the smell!"
B000634IC2,A250AXLRBVYKB4,4,I devour these food morsels!
B001BOAOQ4,A36WGHR8TO5DKT,5,A Permanent Replacement to Other Candies in our House
B001BOAOQ4,A23W55M32D2AC,4,Delicious but a bit acidic
B001BOAOQ4,A2WLS1TTUUGJYU,5,"Oh, YUMM!!!"
B007NWHPJW,A1IU7S4HCK1XK0,4,"Excellent French roast, good for travel mugs"
B0021L8XTG,A1W2F15YRW36XF,5,Puppy love!
B0021L8XTG,A6YKLUPM4VICA,1,Gross
B0021L8XTG,A6YKLUPM4VICA,1,Do not buy!
B000G0EP78,A3GRN6J64F2C3X,4,A must-have item for your low-carb kitchen
B000G0EP78,A29313797NGT9L,4,4.5 Stars For Sure!
B000G0EP78,A2C8O554YMY2ZL,5,Excellent Item But Shop Around For Better Prices
B000G0EP78,A3RRIP2E45NGRQ,5,Delicious low carb alternative
B000G0EP78,A2K3ELBPTKNTTM,4,ok but not great
B000G0EP78,A2YMCPP3KW9IXU,5,We have to have Carbquik in our home
B000G0EP78,A1CO82667TIX92,5,Amazing!
B000G0EP78,A1MOSL8Z26PB1C,3,Good but way overpriced!
B000G0EP78,A10D02RQH2SRC6,3,B J McClain
B004NRW7TS,A21BPP2B0J8UJ7,1,Terribly Wrong
B0078Y6OX8,A2F7XE4EB2CRY2,5,Real nice coffee!
B0078Y6OX8,A1T1YSCDW0PD25,3,Not my favorite - not even close
B0078Y6OX8,A1BBAWO95SUWAL,1,Bitter after taste...
B0078Y6OX8,A2F7XE4EB2CRY2,4,Just the right amount of flavor ;-)
B0078Y6OX8,A2SJ8E8C032733,5,Found it on Sale
B0078Y6OX8,A2QB72NT6HE6WA,5,WOW!
B0078Y6OX8,A2SZLNSI5KOQJT,5,"Definite Vanilla Flavor. Smooth, Medium Blend Coffee."
B0078Y6OX8,A1T1YSCDW0PD25,4,A good flavored coffee
B0078Y6OX8,A2OGLU2YDBK0LK,5,SWEET TREAT
B0078Y6OX8,A2OGLU2YDBK0LK,3,More Creme Brulee Flavor for me
B0078Y6OX8,A1GYEGLX3P2Y7P,4,Pretty good!
B0078Y6OX8,A3OXHLG6DIBRW8,3,Drinkable Flavored Coffee
B0078Y6OX8,A1IH42TUIZ2XJL,1,Strange Aftertaste-not at all like Creme Brulee
B0078Y6OX8,A2K3J2X8KDY47N,2,bleh
B0078Y6OX8,A13J57AACBVI5I,5,Amazing aroma.
B0078Y6OX8,A13J57AACBVI5I,5,The name says it all.
B0078Y6OX8,A2JE8OS1NN9YDB,5,Yummy French Vanilla K-Cups
B0078Y6OX8,A3PJZ8TU8FDQ1K,5,Rich aroma evokes a confectionery; light roast is delicious
B0078Y6OX8,A2Z4TQN4C4WSSB,5,Wonderful flavor
B0078Y6OX8,A2Z4TQN4C4WSSB,5,Yummy Flavor
B0078Y6OX8,A1MVN7BGX0CYKD,5,"I never drink flavored coffee, but..."
B0078Y6OX8,A2KUUWP4ZZMOBP,5,One of the best flavored K-cups I've tried
B0078Y6OX8,A2SJ8E8C032733,4,Creme Brulee K Cups
B0078Y6OX8,A2TJG4N8LNJW23,4,One of the best k cups we've tried so far!
B0078Y6OX8,A3T4UQRGKU4SPG,2,Looking for and can't find the perfect Carmel and Vanilla blend
B0081XIA1E,A3O8ZBW077S3K6,4,The Paw Toy
B0081XIA1E,A3O8ZBW077S3K6,1,treat wheel
B0081XIA1E,A201LL5EVCEOBG,4,Better for feeding than long term entertainment
B0081XIA1E,A3Q06OYFE777GF,4,Affordable Dog Puzzle!!!
B0081XIA1E,A3Q06OYFE777GF,4,Affordable Fun for your Dog!
B0081XIA1E,A11IDK9L74LPT1,2,Good idea - implemention flawed. Maybe good for small dogs.
B0081XIA1E,ARN85DCNU1YE4,3,Too easy for my dogs
B0081XIA1E,AFPJ42B9RTEZP,5,Cattledog approved!
B0081XIA1E,A4UWWXUT9H0UJ,1,My dogs can't work this.
B0081XIA1E,A18OTGQU8JM7S2,3,So-So
B0081XIA1E,A1RJUXDK64O91A,1,Poorly constructed and designed
B0081XIA1E,A1WQ82GSABUJJJ,5,More important that dog loves more than me.
B0081XIA1E,AFPJ42B9RTEZP,5,Cattledogs love it!
B0081XIA1E,AFPJ42B9RTEZP,2,Too easily tipped
B000FZRYPO,A19SDJ2TSSL8HI,4,Spiked my Blood Glucose but Ultimately It's Worth It
B000FZRYPO,AZ357WNYVF7GO,5,it REALLY is low carb
B000FZRYPO,A29313797NGT9L,4,Acceptable Option
B000FZRYPO,A2NK4A664Q1U7C,5,Fantastic!!!
B002B8XLAK,A26N3GLFUNS4NL,1,I was CHEATED....!!!!!!
B000FMVOLW,A4WD4PJES81BR,5,Awesome bread crumbs
B0001BGU4S,A35W3JQYP0M655,4,Surprisingly Good...
B002XHFG70,A2GR4GDMBC5VWJ,5,This is excellent mango pulp
B000CQ01LA,A25PM9JGHPU8EI,5,Heaven in your mouth
B000CQ01LA,A21Z0377YERLCH,3,Love it!  But don't love the price increase.
B000V8XXWS,A316CV1WH3U5C5,5,Really yummy!
B0064A72UG,A2YM3KILJ1G0YJ,5,EXACTLY what you'd expect
B001P28DHY,A3MH3QGC42XZ1U,5,Smooth and Delicious!
B003JHFK5G,AMQ1MEG334SAP,1,A Big Ripoff!
B000MDCDOG,A1FWFCJU2G7TRA,5,So Yummy!!
B00110JI4M,A21S0K5PU4YO9L,4,good choice for those trying to make the switch to whole wheat
B000EH2QP6,A1XGFW5016CGQI,5,YOUR DOGS WILL LOVE THIS FOOD! IMPRESSIVE INGREDIENTS
B000EH2QP6,A1XGFW5016CGQI,5,Fabulous Dog Food
B000EH2QP6,A23GU7IBYGDYEO,4,Warning this product may contain a doggy stimulant
B000EH2QP6,A6KL17KKN0A5L,5,"My dogs love it, and love the combination beef and fish!"
B000EH2QP6,ANNHLLI73NW4B,2,All but 2 cans in the case were severely damaged
B000EH2QP6,A35R32TA60XD57,2,Disappointing.
B000EH2QP6,A3OIM2L0NQH5AT,1,Salmon Formula
B000EH2QP6,AU51WMW95TTSV,5,Better
B000EH2QP6,A1FD44KM008Z0J,5,Canidae Dog Food
B000EH2QP6,A1LO15609SA1Q3,5,"HIGHLY RECOMMENDED, QUALITY DOG FOOD!!!"
B000EH2QP6,A386OP2O7Z5Y5L,1,"Warning, Pet food recall ,canned food, untrustworthy company"
B000EH2QP6,A5CJ9X24VM8IC,5,"Canidae 12-Pack Canned Dog Food, Chicken and Rice Formula in Chicken Broth, 5-1/2-Ounce Can"
B000EH2QP6,A3CG1XMAQJUXPS,5,Great dog food!
B000EH2QP6,A2NN9LT2WGN8QL,5,Canidae Canned Dog Food
B000EH2QP6,A2IYLMDQGBB4VG,5,Quality dog food
B000EH2QP6,A2LGV83LSQ4XI,4,Puppy likes it!
B000EH2QP6,AD2VQ68K0LIS5,3,excellent ingredients but my dogs don't like it much
B000EH2QP6,A3F0YZJR2DRWN8,5,4.5 stars for this great food
B000EH2QP6,A2F9DCXY4GD3,4,Good food - yum!  Woof.
B000EH2QP6,A1SUC50YNG730H,3,Trouble opening the cans
B000EH2QP6,A1HQJUT8ZR4VAM,2,Dog wont touch it
B000EH2QP6,A2AENC604X3T5X,4,"Quality dog food, but he still can't have it..."
B000EH2QP6,A3EMOP8IWPF77I,4,Superior dog food
B000EH2QP6,A2QKACZB3SVNVO,3,High quality food but...
B000EH2QP6,AI2QEL3OFLB9W,1,BEWARE!  Picture is not what you get!
B00032IFCU,A3VLED8OXFVQ07,5,Simply the best
B002AQP516,A2SS44O400KIZ7,5,Perfect for me
B002AQP516,AOINAOO0NQRGN,5,Fix it up with Spam and REALLY go to town
B002AQP516,A3PD8JD9L4WEII,4,Pretty good and very convenient
B002AQP516,AC57A1QMUXK10,4,Fast and almost like homemade.
B002AQP516,AB094YABX21WQ,4,potatoes
B002AQP516,A31N6KB160O508,3,Disappointing taste
B002AQP516,A2ABJYC17LIYR0,5,Betty Crocker Homestyle Reds 3.3 Ounce Pkgs ( Pack of 8)
B002AQP516,A26X9MU3DBG9XL,4,Not bad....VERY convenient.
B002AQP516,A36WGHR8TO5DKT,4,Surprisingly Good Considering You Only Add Water
B002AQP516,ASBLZT964CTIZ,5,Exactly enough for two people.
B002AQP516,A1XVQ3KHS22E3F,5,RED INSTANT POTATOS
B001EQ4N6Q,A3MZNRSDQ32UUH,5,just delicious
B003WE8KLW,A18UVHCREY2RE2,1,"Taste is okay, squeeze packaging is not recommended"
B004ECVRNO,AMRMK86X3PKXD,5,The Ultimate Condiment
B004ECVRNO,A3MDETK0D5UAIN,1,Pepper overwhelms the mayo taste.
B001TGX88U,A2A8E70X0VXJT0,2,"mediocre taste, hilariously misleading packaging"
B004SKPQWU,AVVOI4D23LP1J,5,My little munchkin loves these!
B0051TPWUI,A1GF6NCSM4Y3C9,5,Great Breakfast flavor!
B0051TPWUI,AM9LRYG6YXV83,5,"Unique product, well executed"
B0051TPWUI,A2RTM25CWIXJFF,5,Great Snack
B0051TPWUI,A21CEM7VBB2LKL,5,Absolutely delicious!
B0051TPWUI,A2I2WFAB7UKF3F,5,Simply the best!
B0051TPWUI,A3HTMUB72A5P79,1,Incorrect information
B0051TPWUI,A2R60HW61H86YB,5,Best snack ever!
B0051TPWUI,A1TMAVN4CEM8U8,5,My 3rd favorite flavor
B0051TPWUI,A7EK88GF8N40F,5,A great little snack
B0051TPWUI,AXEQHTFZZ6LB4,5,Incredible!
B0051TPWUI,A3D165TX35GR0,5,Healthy and delicious!
B0051TPWUI,A2HS6ND7J8IQ0L,2,Not the same as the canned version
B0051TPWUI,AZN88CCKEQN0,3,Nice salt on a very dry nut.
B0051TPWUI,A2TP8VCDYHH3MT,3,"The taste is crunchy,"
B0051TPWUI,A2ILSYQM0CO9SC,2,Too Much Sugar!
B0051TPWUI,A3DZ7YTDAI7NUG,5,Always fresh!
B0051TPWUI,A3GV9YG4LWSDKN,5,Like Snickerdoodle cookies!
B0051TPWUI,A1SQPBEUL9VEDR,4,Delicious and healthy treat!
B0051TPWUI,A18W1DLQGPFLXG,1,You are only getting one container!
B0051TPWUI,A1XWVBI4ZUM9B8,5,Yummy!
B0051TPWUI,A2RNC1NMKN1Y2,5,YUM!!!!
B0051TPWUI,A1C22YQP04YPOV,5,Amazing
B0051TPWUI,A1FII6B4HLS8XR,5,boy these are some tasty nuts !!
B0051TPWUI,A1IKOG44PHFNYS,5,"Should almost be labelled a ""BOLD"" flavor"
B0051TPWUI,A3PNBZ677VZHO1,5,Best almonds ever
B0051TPWUI,A2VPMHJSA5P7QQ,5,If You Like Almonds and You Like Cinnamon You will like these
B0051TPWUI,A34NUFLGSRQYB6,5,Love the new flavor!
B0051TPWUI,A118AULZTIXJXL,5,A heathly snack we all love
B0051TPWUI,A8QZJUJN7RH1G,5,Best Almonds Hands Down
B0051TPWUI,A2NT1F84CD2T4Y,5,Our favorite
B0051TPWUI,A18Z7ICRLVHBBP,5,Yummy in my Tummy :)
B0051TPWUI,A1TMAVN4CEM8U8,5,My favorite flavor bar none
B0051TPWUI,A1TMAVN4CEM8U8,5,"reminds me of the chocolate mint Girl Scout Cookies, but  with less sugar."
B0051TPWUI,A18KXN2MQAPKCO,5,great value
B0051TPWUI,AUMGVFDBLIC86,5,Awesome
B0051TPWUI,A1MV52KBC9HK75,5,Ideal Healthy Snack
B0051TPWUI,A2CNEFGEV07ZQ0,5,"Butter Toffee almonds are sooo good, but hi-carb"
B0051TPWUI,A36Y4XHEHNGZ7B,5,Satisfies My Sweet Tooth in A Healthy Way!
B0051TPWUI,A2DNB8HOGZSHMD,5,luckey
B0051TPWUI,A14Y3S3R0KO9J9,5,Delicious snack
B0051TPWUI,A2JIMWV9718MY6,5,The best almonds on earth!!!
B0051TPWUI,AEUZL4VESZIUR,5,Excellent Low Sugar Sweet Treat
B0051TPWUI,A2D1FG0PPEWPCG,5,Healthy option
B0051TPWUI,A295A61T7442R8,5,LOVE this product!
B0051TPWUI,A2RWEHC6ANT13J,5,Love these nuts!
B0051TPWUI,A3U2XO51OADF0G,5,Love at first bite!
B0051TPWUI,A3094EPI56GKZ6,5,"Perfect Almonds, Great price !"
B0051TPWUI,ALPGZWWZSVRTS,5,Excellent!
B0051TPWUI,A1P2XYD265YE21,5,Healthy Snack
B0051TPWUI,A3QCNV2EMVXLKC,5,Love these
B0051TPWUI,ABK0KJL19GKJ0,1,Too much sugar - big time headache!
B0051TPWUI,A2D1FG0PPEWPCG,5,Best Tasting Almonds
B0051TPWUI,A361PLXEWB9UC1,5,wow  really
B0051TPWUI,A1TMAVN4CEM8U8,5,I prefer the flavored
B0051TPWUI,A1SLAL64ORLT41,5,Cinnamon nom nom noms
B0051TPWUI,AVJ6EC2TFF4UD,5,delish
B0051TPWUI,A21Z0377YERLCH,2,Not a big fan of these
B0051TPWUI,A2XNJJ9TF70P4J,1,Tastes like Pistachios
B0051TPWUI,A3HXME9ZRYK5P,3,NOT as good as the ones in the tins
B0051TPWUI,A38M9ODTWIODV,2,not my favorite
B000LKZB4Y,A241JOG7LGD0VI,5,Great mint.
B000LKZB4Y,A20VMMW9HI4SUL,2,Weak wintergreen flavor
B004SKPQWA,AVVOI4D23LP1J,5,Munchkin Love
B000EH2QPQ,A1XGFW5016CGQI,5,YOUR DOGS WILL LOVE THIS FOOD! IMPRESSIVE INGREDIENTS
B000EH2QPQ,A1XGFW5016CGQI,5,Fabulous Dog Food
B000EH2QPQ,A23GU7IBYGDYEO,4,Warning this product may contain a doggy stimulant
B000EH2QPQ,A6KL17KKN0A5L,5,"My dogs love it, and love the combination beef and fish!"
B000EH2QPQ,ANNHLLI73NW4B,2,All but 2 cans in the case were severely damaged
B000EH2QPQ,A35R32TA60XD57,2,Disappointing.
B000EH2QPQ,A3OIM2L0NQH5AT,1,Salmon Formula
B000EH2QPQ,AU51WMW95TTSV,5,Better
B000EH2QPQ,A1FD44KM008Z0J,5,Canidae Dog Food
B000EH2QPQ,A1LO15609SA1Q3,5,"HIGHLY RECOMMENDED, QUALITY DOG FOOD!!!"
B000EH2QPQ,A386OP2O7Z5Y5L,1,"Warning, Pet food recall ,canned food, untrustworthy company"
B000EH2QPQ,A5CJ9X24VM8IC,5,"Canidae 12-Pack Canned Dog Food, Chicken and Rice Formula in Chicken Broth, 5-1/2-Ounce Can"
B000EH2QPQ,A3CG1XMAQJUXPS,5,Great dog food!
B000EH2QPQ,A2NN9LT2WGN8QL,5,Canidae Canned Dog Food
B000EH2QPQ,A2IYLMDQGBB4VG,5,Quality dog food
B000EH2QPQ,A2LGV83LSQ4XI,4,Puppy likes it!
B000EH2QPQ,AD2VQ68K0LIS5,3,excellent ingredients but my dogs don't like it much
B000EH2QPQ,A3F0YZJR2DRWN8,5,4.5 stars for this great food
B000EH2QPQ,A2F9DCXY4GD3,4,Good food - yum!  Woof.
B000EH2QPQ,A1SUC50YNG730H,3,Trouble opening the cans
B000EH2QPQ,A1HQJUT8ZR4VAM,2,Dog wont touch it
B000EH2QPQ,A2AENC604X3T5X,4,"Quality dog food, but he still can't have it..."
B000EH2QPQ,A3EMOP8IWPF77I,4,Superior dog food
B000EH2QPQ,A2QKACZB3SVNVO,3,High quality food but...
B000EH2QPQ,AI2QEL3OFLB9W,1,BEWARE!  Picture is not what you get!
B0025UOO1Y,A3ENN12GLNTUAF,5,Great for convenience + tasty too!
B005CGUTIA,A33AQPJYH7UUXR,4,"and in not-so-blind taste testing, our consumer picked...."
B005CGUTIA,A2N3BRPS0NS7FF,5,Best of the best catnip!
B005CGUTIA,A2W9B725TZBXOX,5,No lady bugs
B005CGUTIA,A33AQPJYH7UUXR,4,"and in not-so-blind taste testing, our consumer picked....,"
B005CGUTIA,A2W9B725TZBXOX,5,One suggestion...
B005CGUTIA,A2DPYMNI2HCIOI,4,The cats prefer Kong but this will do
B005CGUTIA,AYQQOW0VR0YF5,5,I never argue with Princess Pia!
B005CGUTIA,A1J52MX2YDWSU0,4,Cats loved it - Eight Paws up!
B0002HDLZM,A1R6GSEASGXJGA,5,Yummy and Fresh
B0002DJXRQ,AY54QSGO3KWEM,5,Excellent Sugar-Free Thousand Island Dressing
B0002DJXRQ,A34LILWGBUXLIJ,4,One of their better ones
B0002DJXRQ,AS1FCKNKY95ID,5,great product
B000V1RBSC,A2BXMHV2B0QRCM,5,Had my doubts....but I love pancakes made with this mix!
B000V1RBSC,AVQIRN6E7J7UA,5,Makes easy microwave cornbread
B000V1RBSC,A1GDFWGKJARI4M,5,Great!
B000V1RBSC,A1RRMZKOMZ2M7J,5,RECIPES & INGREDIENTS
B000V1RBSC,A2JQFUFU3ADIV8,2,Doesn't suit our taste!!
B000HDOP06,AMRMK86X3PKXD,5,Actually Taste Like Something!
B000HDOP06,A2BWJE33YXG4L,4,Great Taste From Baked Chips
B0015R9BQG,A3BSVEVBV9RZS2,5,Great Flavor Even fooled meat eaters
B0015R9BQG,A2IKX7H2PLHULP,5,10 grams of protein in 90 calories!
B0015R9BQG,A2XJGCX2KT6FA8,5,I love these!
B0015R9BQG,AN7TFQ6TWUC9I,5,Yum Yum
B0015R9BQG,AE1ZME0QHI8U,4,yea - high protein and vegetarian - but a bit bitter
B0015R9BQG,A1H703P9ALYVM6,1,Slimy and disgusting
B0015R9BQG,A3N5SKXEA0NN57,1,Not as good as it could be (misleading ingredient label also)
B0015R9BQG,A3N5SKXEA0NN57,1,"IF you like this, just try tasty east Soy Jerky"
B0015R9BQG,A3N5SKXEA0NN57,1,Not what it claims or a bit deceptive
B0015R9BQG,APX38OL5RONWA,4,"Good, but a bit too sweet"
B0015R9BQG,A3QOK68RA24N9M,5,Very Convincing Meat Replacement
B0015R9BQG,A2T0LGPLQY2GW,4,Great Tasting Vegan Jerky!
B0015R9BQG,A2W3ABLWMJ84NS,1,I wanted so much to like it!
B0015R9BQG,A3O8Q6J5O5RB6Q,5,Awesome veggie snacki
B0015R9BQG,AWID3YSMRB8EU,5,Try every flavor in singles before buying in bulk.
B0015R9BQG,A3O8Q6J5O5RB6Q,5,Great meatless protein snack
B0015R9BQG,A1CIU572HUUE5A,4,"Very good, but a little bland"
B0015R9BQG,AXQIHSF9KK7CO,5,Vegetarian Staple
B0015R9BQG,A79XDKI3P4VN9,5,Delicious and vegan too!
B0015R9BQG,A2TCY4Q5S0NO5Z,5,Tasty!
B0015R9BQG,AE1ZME0QHI8U,4,ok product really sloooooww shipping
B0015R9BQG,AJ7UVZ40J5S7C,1,Really terrible! Try another flavor. Don't waste your money!
B0015R9BQG,A2Z01X6BIVQYYM,4,Texas Barbecue is the only good one IMHO
B0015R9BQG,A3MD1DYKEGKYQB,3,Not that good.
B0015R9BQG,A2CB6F0TPMCCL2,4,yummy
B0015R9BQG,A1CIU572HUUE5A,5,Fantastic!
B0015R9BQG,A1CIU572HUUE5A,5,Fantastic
B0015R9BQG,A3N4ADZDBUSTZK,5,Primal Spirit Vegan Jerky Texas BBQ
B0015R9BQG,A3N4ADZDBUSTZK,5,Primal Spirit Vegan Jerky
B0015R9BQG,AJ7UVZ40J5S7C,5,Seriously Delish!
B003LTPY08,A1KOCGNDLF2VUR,5,PEGGY
B003LTPY08,A2PJZELNVQXN4W,5,Always Good
B003LTPY08,A1AULJ471YG7X3,5,Great Variety
B003LTPY08,A2TJG4N8LNJW23,4,"Smells one way, tastes another, but thankfully both are pretty good!"
B000EM8KZ6,AQ5DOLCW77FEE,5,"A bit different, and wonderful"
B000EM8KZ6,AT050AMICV57J,5,Szechuan Peppercorns
B000EM8KZ6,ARYSDAZNRXN6G,5,GREAT Product!
B000EM8KZ6,A2CBP9IPSHKYTC,5,Spicy flavorful peppercorns
B006GCMI5Q,A28RREP03HJZGU,5,BEST NO SALT SEASONING I'VE EVER TRIED!
B0075LFKRK,A3QNQQKJTL76H0,5,This stuff is unbelievably delicious!
B000BGZNXW,A2I6FFCUE6KID9,5,Measures each shot accurately.
B000BGZNXW,A1J1V7RZ3WWYFT,5,A+++ awesome pump
B000EVMNNC,A2YB7DLC3FOR7W,5,Just the right amount of tang!
B000EVMNNC,AEMV9IMH665B9,5,I Will Be Back!! Addictive!!
B000EVMNNC,A11OTLEDSW8ZXD,5,Taste like real grapefruit
B000EVMNNC,A33REC3J2JU2EL,5,"In-Your-Face Grapefruit Flavor, Chewy, Not Hard, Store Well"
B0007A0PXA,A23ZYHOZTVFWL0,3,Okay
B0007A0PXA,A3IJIU6311RN1V,3,Yamamotoyama takes mediocre turn
B001ONPN9K,A3NEAETOSXDBOM,5,Our favorite cheese crackers
B001ONPN9K,A31N6KB160O508,5,"Yummy, scrumptious snack cracker"
B001ONPN9K,A3B1360JOYS0GJ,3,Not very flavorful.
B001ONPN9K,A2L6GDFGKYC6GP,4,Love Cheez IT!!
B001ONPN9K,A1Q7A78VSQ5GQ4,5,"Really good crackers. Rate a 5 on taste, 3 on delivery."
B000Y8Y8HY,A1TD2589ZVHZ3S,5,Better than crack!
B003X4MWT2,AIMENKO3TMZ4X,1,TERRIBLE DISAPPOINTMENT
B003X4MWT2,AYBCQ12Z5ZPQG,5,Puhleeeeeeeeeeeez Keep This Stuff Stocked!
B0001KL1XO,A3FM9FBCAXB57H,2,Overpriced and over roasted.
B000NZJXU0,A3P222CN9HAPTF,3,A coating too far
B0058AMY74,A2NO1TXXS9T0EE,4,Hard
B0058AMY74,A1IRN1M05TPOVT,5,Kettle potato chips:  Fully loaded baked potato
B0058AMY74,ARONI7W0W677H,5,"Fresh, Lightly-Spiced, Crunchy Kettle Chips. Good Value, Good Product."
B0058AMY74,A1Y3XPZK9ZADFW,4,glad to find them in 1 oz size
B0058AMY74,A1Y3XPZK9ZADFW,4,"pretty good, could be better"
B0058AMY74,A1ELZC3WXWILX2,5,a slight taste of jalapeno
B0058AMY74,A1X5RAIMX4ZSLJ,5,Best chips ever
B0058AMY74,A1IRN1M05TPOVT,5,Kettle potato chips:  Sweet onion
B0058AMY74,A1S8ELUE383P8E,5,Ridiculously Good
B0058AMY74,A2OEUROGZDTXUJ,5,Delicious!
B0058AMY74,A17V3UVYMI69TE,4,PUCKER UP
B0058AMY74,A22PUBSSNP54L,5,I love these chips.  They are thick and crunchy!
B0058AMY74,A15USNEAJUXOSH,4,Quite good
B0058AMY74,A15USNEAJUXOSH,5,Delicious
B0058AMY74,A2BLJGGWN8GTXQ,5,Salty and vinegary!!!
B0058AMY74,A1FXCNUVQ6FOMC,5,WOW!!!!
B0058AMY74,A926YP1BSD72Y,5,Best gluten-free dairy-free chips
B0058AMY74,A33PLZ7SD5MCG0,4,A unique flavor for fans of Thai food
B0058AMY74,A3EEBE82C3HYRD,3,"Honey Dijon leaves bad aftertaste, NY Cheddar are pretty good"
B0058AMY74,A35JPD8Q492FJC,5,Yowzah!!
B0058AMY74,A391CLP4UMXJQG,4,Very good.
B0058AMY74,AYB4ELCS5AM8P,5,Excellent!
B0058AMY74,A2GOE7ITDGYVE,5,Tangy goodness.
B0058AMY74,A19G8B2QYETD7W,3,Heavy on the Vinegar
B0058AMY74,A3PZ4AXTY9J1DZ,4,"A delicious, crisp chip with good flavor"
B0058AMY74,ACFPHOYVB71V4,5,BEST BUY in BBQ Chips
B0058AMY74,A1H80WDFOR94Q5,5,Love Them!
B0058AMY74,A3Q5YZNYGGUP8W,5,Crunchy and Tasty
B0058AMY74,AKRLMISQPL8QW,5,Convenience at low cost
B0058AMY74,A2MUGFV2TDQ47K,3,An Acquired Taste
B0058AMY74,A1465JH39KR5O5,5,Best deal ever!
B0058AMY74,A1L17QW3R7A519,5,Yum!
B0058AMY74,AOSFLVLMAG0N5,5,Barbeque perfection
B0058AMY74,A2H2Q5RW1K56AI,5,Excellent Thai-flavored chip
B0058AMY74,A13VD7TJDWVOEC,5,Best Kettle Chips!
B0058AMY74,AKKQKYX8ODUAF,5,The Supreme Salt & Vinegar
B0058AMY74,A3RB0YBBYGXBYE,5,Delicious as always!
B0058AMY74,A3492ZW10B65ON,5,OooH Yummy!
B0058AMY74,A2ZEFDVX4X5TPX,4,Not quite the best...
B0058AMY74,A2MMTWKCJET6S,4,want to gaain twenty pounds with no control whatsoever? Buy this!
B0058AMY74,A3RMGIKUWGPZOK,5,One of Their Best Flavors
B0058AMY74,A1E2Y40TTPL8YK,5,Love these chips!
B0058AMY74,A56JFSLUCHI4J,5,Highly addicitive chips
B0058AMY74,A1DW1FK1H3F2TM,5,These are AWESOME!
B0058AMY74,A3PJZ8TU8FDQ1K,5,"One bite and you'll become a ""chippoisseur"""
B0058AMY74,A3PJZ8TU8FDQ1K,5,"Crunchy, salty, sweet...finally, a Superbowl snack that scooores!"
B0058AMY74,AU3VZDTQH0J4M,5,These chips make me weak at the knees
B0058AMY74,A3B0HXAUWCLSZO,5,By far my favorite chips
B0058AMY74,A17UR3NRLARXCH,4,"Good chips, more cheese"
B0058AMY74,A31N6KB160O508,4,Pretty good tasting chip
B0058AMY74,A339FKUBFG0VLX,4,Yummy chips
B0058AMY74,A3MLESXA2VGWJC,4,Best sour cream & onion chip I've had
B0058AMY74,A3UCO7B9HP42BG,5,Great chips
B0058AMY74,A1DOBB5XZ1KMZ5,5,Fabulous!
B0058AMY74,A3I96LKK3S15D0,5,Box-o-Chips
B0058AMY74,A2LS9RBSI8SDZF,5,fantastic!you can not beat this taste and you can not resist to it only one if you are spice lover
B0058AMY74,A324FVIOYCWNSB,4,An addictive potato chip
B0058AMY74,A1RRHET1QIP1YK,5,Great Chip!
B0058AMY74,A12OF4IM7A8YS,5,"Excellent balance of taste, crunchiness, and moisture"
B0058AMY74,AUHS7PQNAHNDI,5,Yum
B0058AMY74,A26ONAQEIUEMV4,5,Very good chips at a great price.
B0058AMY74,AOHRHPJP38LLT,2,70% of the chips in the bag are over cooked
B0058AMY74,A1AXXMJQ3NDIFK,5,Great chips!
B0058AMY74,A31N6KB160O508,4,Not bad but a little hard to get used to
B0058AMY74,A31N6KB160O508,4,Firm quality chip
B0058AMY74,A1WQ3UGXPT15VI,2,Not  Very Creamy or Chivey...
B0058AMY74,A1B05INWIDZ74O,3,Prefer other flavors
B0058AMY74,A1B05INWIDZ74O,5,These will be habit forming!
B0058AMY74,A3TEMXOLE1APPZ,2,Good and tangy
B0058AMY74,A2OAYIM13WIXCH,5,the best chips ever
B0058AMY74,A2BFFXK7TEINBE,5,I do not even like kettle chips and I love these
B0058AMY74,A3N9DN0V2YXAXA,5,You have to love sea salt and vinegar already
B0058AMY74,A2C5BWOM7329UD,5,Addictive
B0058AMY74,APGAA43E3WPN7,5,amazing chips
B0058AMY74,ABR7HU5H1KNE,5,Best Chip Ever
B0058AMY74,AJQD2WWJYOYFQ,4,"Tangy, spicy, and sweet- oh my!"
B0058AMY74,A16YH487W9ZYO0,4,An indulgence with a bite
B0058AMY74,A83YQC1XOU4CS,5,The best I've had
B0058AMY74,A2LGWBIT9WCTVA,5,Excellent chip!
B0058AMY74,A3TX8RH943OLBM,2,salt and vinegar chips
B0058AMY74,A3L4OZ0U0A5UDH,5,Delicious!!
B0058AMY74,A2OEUROGZDTXUJ,4,I like them.
B0058AMY74,A30H2335OM7RD6,5,Love Kettle Chips
B0058AMY74,A2SYKMR242D0X6,5,Best unsalted chips
B0058AMY74,A27YPCR3ZXWVFE,5,So Delicious...Yet my companions wont touch them.
B0058AMY74,A39Y59C6FTC0GL,2,"Love Kettle Chips, but not this flavor!"
B0058AMY74,A3I5AT1101AS3A,1,Maybe the worst chips ever.
B0058AMY74,A22LENLDTGQIU7,1,Surprise 1  It's different...
B0058AMY74,A2ZCD6KO2YY9IZ,5,Tasty
B0058AMY74,A2C18CH1YC6BYT,4,Crisp
B0058AMY74,A2M8JQ3AME7878,3,Vinegar... Not my taste!
B0058AMY74,A3B6TOEXSQVO24,5,spicy thai chips
B0058AMY74,A16S0NQ3MWJXFL,5,"Delicious, what else did you expect?"
B0058AMY74,A1UM73T71CFPSY,5,Great Value
B0058AMY74,A38KP1POQ191WT,1,"I have had better ""Jalapeno Kettle Chips"""
B0058AMY74,A1AVLKAXW55QQA,4,Spicy but good
B0058AMY74,A2DQBXU2LEVWWA,3,boulder salt and malt vinegar chips are way better
B0058AMY74,A4NDPXCYKRCY2,2,POTATO CHIPS
B0058AMY74,A3TK2IOP8UQ087,5,"Lightly Salted, Heavily Delicious!"
B0058AMY74,AYBYYDVV5ABJE,3,Too Much Flavor
B0058AMY74,A3MFU0GVZUVH3K,5,Love at first bite!  Tongue-puckering tang and crunch!
B0058AMY74,A27C44BIRQH3QW,5,The Best Chips...PERIOD!
B0058AMY74,ACYR6O588USK,5,Delicious Extra Crunchy
B0058AMY74,A13SOXNMWXQVNU,5,Chip snob alert!
B0058AMY74,A1MFG9E45RX5OW,5,Best Salt & Vinegar!
B0058AMY74,A2L9028WTVFL1I,5,Gourmet powerful Salt & Vinegar chips!
B0058AMY74,A1BXG0K7UD9CTD,1,They changed the Chips now they taste horrible
B0058AMY74,AY1EF0GOH80EK,5,Do not miss the salt!
B0058AMY74,AWLK6NSSV0YNA,5,Great deal
B0058AMY74,A15U6JW86FB9OV,5,Best Chips out there!!!
B0058AMY74,ALCKGM3XF391,4,"Great price, but not as tangy as I expected."
B0058AMY74,A1LERBW69A3FDS,3,burnt
B0058AMY74,A3CN9CCJUNIPKT,3,"Gaaak!  An ""extreme"" potato chip...!"
B0058AMY74,A3P8OWYR65G9UF,2,Kettle Chips
B0058AMY74,A2EMS62FCYODRS,5,"Absotively, Posilutely Delicious"
B0058AMY74,A18VDAH788BOAC,1,Gone down hill
B0058AMY74,A2NI99G9BANORP,1,completely ripped off
B0058AMY74,A2A1XYSB692L6J,5,C H I P.....C H I P.....H O O R A Y....!!!!!  :  )  ( B A C K Y A R D.....B A R B E C U E )
B0058AMY74,A3RMGIKUWGPZOK,3,Not the Best
B0058AMY74,A2TN9C5E4A0I3F,1,STALE.  Beware buying these on special!
B0058AMY74,A2LN5DDGT21310,4,THESE ARE VERY GOOD
B0058AMY74,A3GJQ3W0T0KWEO,1,USED to be my favorite chips
B0058AMY74,A1PGMT8XLL4FPM,1,"Stale, Rancid Oil Taste, And if You Like Even the Tiniest Bit of Salt Flavor on Your Chips..."
B0058AMY74,A4XCTURC8URLE,1,Disgusting
B0058AMY74,A21D8LH2CD2EIZ,2,"Taste terrible, way too strong"
B0058AMY74,A14SOW889A4TAT,1,Over-fried
B0058AMY74,A6UFSCD6O8JMT,4,No salt Kettle chips.
B0058AMY74,A14HZ5EMD2WCG,3,Not as good as the English sell
B0058AMY74,A3ARC3UIY3Z1KQ,1,VERY DISAPPOINTED
B0058AMY74,A2B5OI74EHGVH1,1,dripping in oil
B0058AMY74,ATZ0P4653KL13,2,Not so good.
B0058AMY74,A2GDBBZMMBX1L,2,Bags O' Salt with chips added.
B0058AMY74,A35KU4XNOVV194,1,Chips
B0058AMY74,A3D7FUBG14QWKX,1,Garbage
B0058AMY74,APA1GLNHF6K9H,1,They're Not Madhouse Munchies!!!
B0058AMY74,A31MZR41SM9JU5,1,Too SOUR!
B0058AMY74,A1RUS8VOWCIC28,1,AWFUL TASTE
B0058AMY74,A10RJEQN64ATXU,5,delicious
B0058AMY74,A2OLJKXJBAYBTY,1,"Kettle has sold out, the chips are horrible now"
B0058AMY74,A3UFRBCC1CSCSJ,1,The bags were damaged with holes and stains.
B0058AMY74,AR7TAEEUDHMUB,1,Kettle Chips Make Great Mouse Food
B0058AMY74,A320QA9HJFUOZO,5,orgasmic
B0058AMY74,A1GBZCL326K4GN,5,A tang that packs a punch!
B0058AMY74,ADS5APY1NKTL4,5,great (hot) new flavor....
B0058AMY74,A3ARZW7S96SESC,1,HORRIBLE I CANT BELIEVE THIS!
B0058AMY74,A2JFHMA59G55MJ,5,Favorite Kettle flavor and a great value!
B0058AMY74,AJWLSDYCSQNBL,1,Kettle Brand Potato Chips - New York Cheddar
B0058AMY74,AG7EF0SVBQOUX,5,My favorite flavor
B0058AMY74,A1FAHUMEJO9S1K,5,So much flavor your farts will smell like sweet onions
B0058AMY74,A3RMGIKUWGPZOK,5,Great Chip!
B0058AMY74,AWM1SL1PYY3A3,5,Awesome and delicious!
B0058AMY74,AW11YEHZRZ4D1,5,The only thing I have ever been addicted too...these chips!
B0058AMY74,AX7K82LNPVATT,5,Good chips
B0058AMY74,A2VQWV1HMW99AS,1,what happened? the recipe has changed
B0058AMY74,A1Q7A78VSQ5GQ4,5,"YUM! If you want a snack, have something REALLY good!"
B0058AMY74,AV51MFS5XJXFP,5,a good buy
B0058AMY74,A20K6K9TZGX7RQ,5,Yoli
B0058AMY74,A2A8KWCE8RKB9T,4,Good chips
B0058AMY74,A27GRVH9ZJGXLT,5,Awesome
B0058AMY74,A2E74M662DXAAR,1,burns the skin off your lips
B0058AMY74,A3JJI4J8XAMK5Y,5,Great chips with very low sodium
B0058AMY74,A1CMTRQCJFV8L3,5,Kettle Chips
B0058AMY74,A2R9GBWL1CDBN1,4,Spicy Thai
B0058AMY74,A3PSJEB2O37G8U,5,smiles
B0058AMY74,A2OEUROGZDTXUJ,5,My favorite Kettle Chip
B0058AMY74,A2933AO5D7O1T6,5,Best salt & vinegar chips out there!
B0058AMY74,A2NO1TXXS9T0EE,5,Amazing Service
B0058AMY74,A2II09GQGWOMTQ,5,Crunchy and spicy.
B0058AMY74,AQQLWCMRNDFGI,4,Pretty tasty and decently spiced. . . .
B0058AMY74,A24ZV048V7J0MT,5,Great Tasting Chips
B0058AMY74,A3L5L1NZIKLSJU,2,"Kettle Chips, Sea Salt"
B0058AMY74,A5U1K1NRQEZW9,3,Good deal but close expiration date!
B0058AMY74,A216YA3CYXIOGI,5,GREAT TASTING CHIPS
B0058AMY74,A20FQULBVVWA8B,5,"Buy These, Eat These, Be Happy!"
B0058AMY74,A1LFB8KRBI9IE2,5,Eating them for years.
B0058AMY74,A2N10M1J3KJZK4,5,These chips will make you fat
B0058AMY74,A3NXBP212KFH5X,5,Like Spice? Get these
B0058AMY74,A3RMGIKUWGPZOK,5,Fantastic
B0058AMY74,A3PM9DMVYG9HDK,5,"Sweet, salty, tangy: the way a snack should be"
B0058AMY74,A2TMSO255FQBBU,5,Some of the best chips anywhere
B0058AMY74,A20ORC60J05BP3,5,the defacto standard for Salt and Vinegar chips
B0058AMY74,AYSEXV27DPQ3E,5,Yummy!
B0058AMY74,AX668BUQRHI7C,4,Delicious!
B0058AMY74,A3MPHBL698EET7,5,"Lightly salted, yet tasty"
B0058AMY74,A1LA5T5SXLGFZQ,5,YUMMY!
B0058AMY74,A2YKWYC3WQJX5J,5,Caution: Kettle Chips are addictive!
B0058AMY74,A1JBB01LAK69LV,4,The chip with a kiss of salt
B0058AMY74,AKMEY1BSHSDG7,5,Crunch. Wow!
B0058AMY74,A2F7GUZ4UMVHFL,5,Great strong flavor
B0058AMY74,A3RO3CGZ9MWA1I,5,yummy for your tummy
B0058AMY74,A37D5847LN3WQ,4,Best Chips Out There!
B0058AMY74,A1GV4HEM6XZC06,5,These chips tasted good
B0058AMY74,ABCXJIXC6Q6EB,5,awesome chips
B0058AMY74,A3MTY0ZE9WYJHL,3,I dont know if...
B0058AMY74,A3E9OJWHMXMYYF,5,Delicious!
B0058AMY74,A2PYL0PSX5MQYQ,2,Kettle Foods Spicy Thai Chips
B0058AMY74,A2J4K5SCKZH38C,1,Expired stock
B0058AMY74,ADS5APY1NKTL4,5,these potato chips are yummy....
B0058AMY74,AKGQ6RM68SQY1,1,ONLY awful because SOMETIMES they are awful
B0058AMY74,A3TA1UJWRJF9NC,4,4 Stars for price and taste
B0058AMY74,A3M174IC0VXOS2,5,"CRISPY, CRUNCHY, AND ROBUST"
B0058AMY74,A2FVD05Z2FYW1P,4,Tangy and delicious snack
B0058AMY74,A3M2VGWFJGRUOH,5,Best Chip
B0058AMY74,A28HKCWJ7YF2AI,3,Not low salt
B0058AMY74,A36QQYEW0AMJEO,5,Best Chips I've Ever Tasted
B0058AMY74,A1IVFBJA9KAI1M,4,Tasty!
B0058AMY74,A16Q0OV7CIPQC0,5,Love the smaller bags!
B0058AMY74,A2OL5WLCNZVD9K,3,Things you need to know
B0058AMY74,A1I29JSIGJNWKH,5,I made a mistake.....
B0058AMY74,A28870VSBU9LDQ,3,Ok but Miss Vickie's Are Better
B0058AMY74,A2Y0FKOY6WE0NQ,3,"Do they have to ""bite back""?"
B0058AMY74,ACJW2YSBG2HA1,4,These chips are awesome if not best but....
B0058AMY74,A1J5HHOPXZ6UNF,4,kettle chips
B0058AMY74,A2W1A5GK4A03ZT,5,GREAT DEAL
B000ST9GCQ,A1ZH9LWMX5UCFJ,4,pretty good for an instant
B000ST9GCQ,A2TXMYYGSZCSZ1,5,Great Tasting!
B000ST9GCQ,A1PI8VBCXXSGC7,4,Great tasting instant coffee....
B000ST9GCQ,A3W4D8XOGLWUN5,4,Tasting Delight
B000ST9GCQ,A3PD8JD9L4WEII,4,Very convenient and good coffee (for instant)
B004MTPJO2,A2Y4S4CNGKF21S,5,Like crack
B0007A0PX0,A3IJIU6311RN1V,5,Delicious  & Pure
B0007A0PX0,A23ZYHOZTVFWL0,3,okay
B004VDH4BU,A1GY0FE07QFFLF,1,Design Flaw in Tuna Pop Top
B00425BQWU,A3BUWPGBC82ZB,2,Reduced to a chokable in 10 minutes
B003CJJKL6,A3I5YPJZMTG1QO,4,"Good, but I like Jacobs Kronung as much for LESS money"
B0026MIT4O,ATJN4KEHJBOC8,5,Yummy bars!  Very happy with them.
B000121BY6,A281NPSIMI1C2R,5,I fell in love in Paris
B000121BY6,A6GMEO3VRY51S,5,Orange delight!
B000F0BXC4,AZ8XMXF7MSJPB,5,GREAT PRODUCT
B000F0BXC4,A371KJHSSQ1TWT,4,Great Angel Hair option for GF pasta
B0007ZNW1W,A1TMNIGFVJ32JL,5,The Only Thing Better Than . . .
B0007ZNW1W,A3GTHBGPYBTB1J,5,Straight from Jamaica
B0007ZNW1W,A54Q23KJDSWWR,5,Conscientious Seller
B0007ZNW1W,AASDC50X3QHYX,5,the.best.coffee.ever
B0007ZNW1W,A2ZPKV563FR4NS,5,Jamaican all the way!
B0007ZNW1W,AHG1X8SCKAVAU,5,"I don't even like coffee, but I LOVE this!"
B0007ZNW1W,A331TXDQ3NFCHG,3,so so
B0007ZNW1W,A22OICJE7B2CE0,2,Jablum leaves me nonplused...
B0007ZNW1W,A9Q0F94C8NMVZ,3,Nothing to write home about
B0007ZNW1W,AMRGQ0SDOOMLQ,3,Nothing special
B0007ZNW1W,AJQZGRNYW75B9,1,I did not like it.
B003ZFVODY,AJ94Y22SUFCGU,5,great stuff
B005HGOIQ4,A2HYHT45PHNIIG,5,A Qualified 5
B005HGOIQ4,A1IU7S4HCK1XK0,5,"Great in Thai recipes or curries, low glycemic though it is sucrose"
B005HGOIQ4,A1QCZQTJNK3MU,5,be aware of teh blonde
B005HGOIQ4,A830NL2LWO3TV,5,The perfect low-glycemic sweetener for baking!
B005HGOIQ4,A2UCZAWAN5QMJQ,5,Love this stuff
B005HGOIQ4,A2L00YZBDOOM8N,5,A real substitue
B005HGOIQ4,A3SWCA2NEHRL0Z,3,Meh.
B001JYVT60,A3NMA7RSO2HMBG,4,Doesn't last long for agressive chewers
B001JYVT60,A2XAKGRUHIE2ZA,4,"Dog really likes, but they go fast."
B000E5ILGQ,A1LZJZIHUPLDV4,5,Vegan Natural Kosher Choice
B000E5ILGQ,A106ZCP7RSXMRU,4,Hearty satisfying and tasty
B000E5ILGQ,A3M3CXC2I4JW9T,2,Wanted to like
B003KV7V1C,A62KCY1O252N1,5,Best store bought jerky i've found
B003KV7V1C,A2NI95Y8UNE85D,5,Heavenly Heat
B003KV7V1C,A37XRRE5STW4IV,3,Good product if eaten quickly.
B003KV7V1C,A7PPSGWM6385B,5,Execellent
B0000TLEEW,A3M174IC0VXOS2,5,JUST LIKE GRANDMOTHER USED TO........
B0000TLEEW,A1UD24NCOCUV97,5,The best fruit jam
B0000TLEEW,A3TSQVDK4TZ1VD,2,little flavor
B001EPQ4HS,A1K82R24ROO2I7,5,Delicious AND decorative!
B003EIWXF0,A28WBCAWHZXTR9,2,Never tasted anything like it in Germany....
B001E5DWWS,A914TQVHI872U,5,Phenomenal baking ingredient...
B001E5DWWS,A2OCDK0BOW6UCY,5,A Baking Essential
B001E5DWWS,A2DR6AFTT4LZ7S,5,Great deal -
B000YSS7EO,A2V9INB3YNERSI,5,HAPPYBELLIES for Happy Tummies!!
B000YSS7EO,A1LYZF2VZCJR51,5,Bellies- The Best cereal!
B000YSS7EO,AGPCDJRRNAA11,1,Toxic Hexane used in extraction of DHA
B000YSS7EO,A3P9MK4EKMA892,5,Great Cereal!
B000YSS7EO,A316PEISP38C8O,2,"Not the best, but okay"
B000YSS7EO,A2BT4NQWOUS5C0,5,Only cereal my son will eat!
B000YSS7EO,A219WUOP4BNUX1,5,The only cereal I would buy for my baby!
B000YSS7EO,AECQLWLETPUFZ,5,Baby enjoys first food
B000YSS7EO,A20P8VC55KPPCT,5,Love the Probiotics!
B000YSS7EO,AEXV0U23G2GTY,5,perfect baby cereal
B000YSS7EO,A2H86U6D8IIPF8,4,Cereal is good
B000YSS7EO,A14PRKDGZDT8JS,5,healthy and they love it
B000YSS7EO,AM188RARFCUSA,5,She loves her Happy Bellies oatmeal
B000YSS7EO,A3NXCL9NJTL3TF,5,Love
B000YSS7EO,A14PRKDGZDT8JS,5,the babies love it
B000YSS7EO,A2H86U6D8IIPF8,4,We love this cereal for our baby
B000YSS7EO,A32TYCJ4JJVCIM,5,Pre and Probiotics Make the Difference!
B000YSS7EO,A58F10T4OE58C,5,DHA and probiotics puts this cereal way above others
B000YSS7EO,API5JLBRT6FIN,2,multigrain version does not appeal to either of my twins
B000YSS7EO,AGPCDJRRNAA11,1,Rice and Oatmeal Cereals - Toxic Hexane
B002WKP6W8,A39H1WPTI8EPUA,2,Healthy treats they will hate
B000XQ6RLM,A3FGVNVERPQUAU,5,High quality dog food!
B001FXLLEK,A2DB720I9XRX7K,5,"Great-tasting, all natural cereal"
B004XG2H6W,A3T0OTH5072YRE,3,True Lemon Lemonade
B004XG2H6W,AR83I6O2R29TP,1,"Bitter, empty taste"
B000NV9CB4,A31BD4RXCON7QO,2,Mehh!
B004ZY4TK4,A4IL0CLL27Q33,1,Buyer beware
B0078DQG00,A34HB1897MDSD9,5,Great Taste
B0055K9Y84,ARRLW107H4HCB,5,Addictive
B001T4ZOK2,A2QSKQYEA493BY,5,Wonderful gold food paint
B001T4ZOK2,AKLT9KJIBWAIV,1,NOT metallic
B001T4ZOK2,A2EN37RUJTLFYL,2,not the same
B001T4ZOK2,A3PJD1PGZXD5TF,5,"Lovely color, great to work with"
B001T4ZOK2,A14UUJMRQ6ULRV,5,Just what I needed
B001T4ZOK2,AYJ33PQ0H8A7P,1,"Is this a joke? If I could give it a 0, I would."
B001T4ZOK2,A1K0TEFCRCKU9B,5,"Blue Pearl Sheen, AmeriColor"
B001T4ZOK2,AUHEZA8AYSXOE,5,Love it
B001T4ZOK2,AKGIHE73N0HJW,5,Love this product works amazing!!!
B003TIWR74,A1P1DYV98MBXM4,4,"Good gum, tastier then you would have thought"
B000MF9SLU,AAF3ECYTDXIA7,4,Giant Chewy Sweet Tarts
B001EO7I38,A1FP5ZLSKR07SU,5,One of the Better Brands of Dolmas
B001EO7I38,AOSV7VXZQ1EI2,5,Wonderful
B001EO7I38,A1O1OQ5VS0OCNI,4,Vine leaves tastes good
B001EO7I38,AREOHWLWVX0A8,4,I am somwhat disappointed by the amount of oil in the product.
B0000TVZJG,A32EOHLFZYXJEP,4,"Cooks quickly, tastes great"
B00283A8MC,A2AM4UJIK0YDUO,5,Back to Nature Granola on the Go Wild Blueberry Walnut with Flax Seed
B000FPGZ3Q,AVVOI4D23LP1J,5,Munchkin Love
B000E671W0,A3FKGKUCI3DG9U,5,A Visit to the Peppermint Room
B000E671W0,A26A64X86VL1R4,5,Refreshing and wholesome!
B000E671W0,A2SZWFJX0783BF,4,Wow is that ever intense!
B000E671W0,A24NDM8VZ4VNU8,5,Wonderful
B000E671W0,AHV9XJHC0DRTC,5,Highly recommended!
B000E671W0,A141TRXBX5YZ7A,5,"a great, simple tea!"
B0036ZF5RE,A3M922QSBYYXR,5,These are awesome!
B0002ML8D4,A2IYLMDQGBB4VG,2,didn't work for my dogs
B0002ML8D4,A3HPCRD9RX351S,5,A Premium Dog Food
B004NDV46E,A3NID9D9WMIV01,4,Pink Lemonade: possibly best flavored Emergen-C yet
B004NDV46E,A33PLZ7SD5MCG0,5,Works better than Airborne
B004NDV46E,A2DR6AFTT4LZ7S,5,Pretty good flavor
B000H2405M,A3JLECMNWC4LDY,5,Great Tasting
B000H2405M,A2X9T0XQCY4VFZ,5,Best Darn Chili
B000H2405M,A2L01339XV496V,5,GREAT PRODUCT!
B005FPDEN0,AE508CW7ON3EP,5,Great Stuff!
B003ULJJN0,A11OTLEDSW8ZXD,5,Aromatic and subtly sweet
B003ULJJN0,A1YUL9PCJR3JTY,5,Exquisite Mint Tea
B003ULJJN0,A22DN96N5BEEMR,5,L'Chaim
B003SC0QBK,A2SS44O400KIZ7,5,Great
B003SC0QBK,A2GEZJHBV92EVR,5,Very good.
B001EO5UT2,A26Z773HTKKWV,5,Love this cake
B001EO5UT2,A3OFZFLLURJNVZ,5,It's a party in my mouth!
B004134HJW,A1Z4LX3Q1YMF84,2,This was a disappointment
B0001IOSEU,A2SCIOHSEBWSGW,1,Very disappointed.
B0001IOSEU,A3DXV839QU4DB0,5,Sooooo Good!
B00024D628,A2TCY4Q5S0NO5Z,5,Love This!
B003ZNXCE0,A1F465XE6126IS,1,This is made in China!
B003ZNXCE0,A3EMO92UYVCHCS,5,Awesome
B003ZNXCE0,A2OXFVELYBRQ1X,1,A Glitch in the system?
B003ZNXCE0,AS5VIFYZBZTSA,5,My dogs love these!
B003ZNXCE0,A2VDMNG4I18Q1E,5,Love that they are not Rawhide
B003ZNXCE0,A3184VVBBF1BB6,1,Made in China!!!
B003ZNXCE0,A24P78ZUJ7F4T0,5,Puppy Love!
B003ZNXCE0,A1ES5M12UW9AHO,5,Big Hit
B003ZNXCE0,A14CEAW83UN2B3,4,My Pup Loves it!!
B003ZNXCE0,A1VOYZC0FJ9VO9,5,Great Doggie Treat!
B000EM8U1U,A3G0JVFI5ZCYOW,5,Excellent Lipton Chai Tea
B000EM8U1U,A1BKJNAWJT2TG2,4,Good chai without any medicinal taste
B000EM8U1U,A2PU80LCKRMC9X,5,A taste of fall...
B0001IOSEA,A3DXV839QU4DB0,5,So good on several meats!  Great marinade.
B000LR7QIG,A32NEDX6UVV8DE,4,Excellent Quality and Value
B000LR7QIG,A10Q5N7CMM9U39,3,"""Malossol""?"
B001NH727I,AAEN2X0G9EACJ,5,High Quali-tea
B000ESNDZW,AP3CV0DST5ZYQ,1,Very disapointing
B002UQCY88,A2MGH3MBXMKD96,3,Quality varies
B002UQCY88,A1RRF0PYT76Z4G,3,good but crushed
B0035AG4XO,A1F7YU6O5RU432,4,Great flavor
B001SITZFY,A3FINMLII6FWSI,5,Jack Link's Hits a Homerun
B001SITZFY,A2JP9E1H0SF392,3,OK not great
B001SITZFY,AJKEHUQEA778F,5,Great beef sticks
B001SITZFY,ALL9XFM0Q1N4E,5,Spicy...mmmm...good!
B000FL552C,A2CLOUNAICQ1M8,5,Full bodied hot chocolate
B000WAFJ0E,A2QDTQVEVVJA5,5,First Mate is the first food to do it right!
B000WAFJ0E,A1OM0YEFH1LMWK,1,Ewww!
B0033HGLTG,A85OCYZA5D7OS,5,Delicious
B0033HGLTG,A1KOCGNDLF2VUR,5,PEGGY
B002ZJQ3L4,A2L632NED7EB5W,5,Best. Jerky. Ever.
B000J36EQC,A26A64X86VL1R4,5,The classic!
B000J36EQC,A26A64X86VL1R4,5,The classic!!
B000GBTLOE,AOPVOGZHCJIC,5,Lammy Bites are awesome!!!!!!!!!!!!!!!!!!!
B000GBTLOE,ADUKNSH80HM7M,3,Smokehouse products are a great buy
B001LFW8F8,AYL9YUOBCDG5I,5,Good Gift for Coffee Fanatics
B001EQ53K6,A281NPSIMI1C2R,3,A Little Sweet but Still Delicious!
B001EQ53K6,A1DC8ZQOCYUZJX,5,Better than Snapple on the go
B001EQ53K6,A2N2O5DQAHQSRK,5,SUMMER THIRST
B001EQ53K6,ACELC7PJJLJGP,5,My favorite Crystal Light flavor
B001EQ53K6,A3DOPYDOS49I3T,5,Really good!
B001EO66D6,A2TN9C5E4A0I3F,3,Edible but not that great of a flavor
B001EO66D6,AJKQOYD9ILG9Y,3,"nothing good, nothing bad"
B001EO66D6,AWZAWKBRY2I4S,4,CHOCOLATE AMAZING
B000GG5IZA,A3LE67UTFF4AQJ,5,"Great herbal tea, great price"
B000GG5IZA,A2VPMHJSA5P7QQ,5,Excellent flavor
B000GG5IZA,A26X9MU3DBG9XL,5,Can't get enough!
B000GG5IZA,A2VMB1J58SUVMC,5,Hope this is helpful
B0040BESXK,A3SWCA2NEHRL0Z,5,"Great value, great product."
B007H13SYA,A2Y4S4CNGKF21S,5,Yum
B003EMQK1Y,A3CW0ZLUO5X2B1,5,Yum! Non-intuitive combination of flavors...
B002XPNF4S,A2CNEFGEV07ZQ0,4,"Good product, good deal"
B002XPNF4S,A3TSQVDK4TZ1VD,1,very mediocre
B003WEFSAI,A2MNB77YGJ3CN0,5,Good drink for peach lovers....
B001E4S7WE,A34A7QEBMYTALW,5,Great As A Meal Replacement
B001E4S7WE,A3K93OWHKHGI9V,3,"Good tasting, but not that filling"
B001E4S7WE,A34VCCL1YO6D0I,4,Pretty Good
B001E4S7WE,A3M174IC0VXOS2,5,AS GOOD AS A SODA FOUNTAIN SHAKE
B001E4S7WE,A250AXLRBVYKB4,5,I Drink This Milkshake!
B001E4S7WE,A18FUHNBP90IB4,4,2  out of  3 people like this product
B001E4S7WE,A2E1EFNIZL2FVA,5,Light on the stomach!
B001E4S7WE,AYGEP8I4BQ3CK,4,"Make My Protein Shaken, Not Stirred"
B001E4S7WE,A2WRWK0ARXOFSZ,3,the taste
B003EHCIMO,A3OXHLG6DIBRW8,4,"Good Tasting Coffee, With A Kick - Recommended!"
B003EHCIMO,A1J1V7RZ3WWYFT,5,Husbands favorite coffee
B003EHCIMO,A2Y8WQ1925QY0U,1,rip off price
B000S67220,A3IQ3RFGLD36E7,5,Almost as good as mine
B004LC6KV6,A1IOGEZUZPII8C,5,Freeze Please !
B000ETC36Q,AFMB9JPLQNWVT,5,Not just for Oriental menues
B0015MYO04,A23N5GILA6AX04,5,Good nuts
B000FD9364,AMQ1MEG334SAP,1,The Spaghetti wasn't the Only Thing Soaked!
B001HTG3IQ,AY12DBB0U420B,5,The Best!
B004AH0MLG,A3091RP0SPZLMN,5,Great Gift!
B000MXTK2Y,AF3BYMPWKWO8F,3,The commonest hing
B000MXTK2Y,A3TBTAX85OYRKP,3,OK would recomend using in capsules as a suplment
B00028HN64,A2LRTX6NJ26P74,5,Loving my dog
B000FDDFUE,A1J2JXJLPXQOPS,4,tasty crackers
B000FDDFUE,AJKEHUQEA778F,2,exp.date
B000FK52B2,A1Z26CP0SA9CV4,5,Easy to use!
B006H32PWU,A3LE67UTFF4AQJ,5,Great way to enjoy in bulk - Cranberry Pomegranate
B006H32PWU,A1UQBFCERIP7VJ,4,Stash Chamomile Tea
B000PWTXE2,A23L4JMO6S1EC1,5,"Fantastic, lightly sweet & a must-have"
B0015D62BW,A135SZUUYGMDGQ,5,My personal favorite flavor
B000BF54MS,A3H6HY5XRNFLZ4,5,"Finally, a good canned chili"
B000BF54MS,A3PECZX773ME74,5,Chili
B000BF54MS,AXQIHSF9KK7CO,5,Vegetarian Staple
B000BF54MS,A3TIACCF9FM8PB,3,too salty
B003U0O0X0,A2E26NXH227J8C,1,Don't be fooled
B003U0O0X0,A36TDUTU6LK1ZL,1,This should be renamed OFF Broadway Rolls-Horrible!!!
B0015MSCT8,A2VUD4SPJO4V33,4,Melt in Your Mouth Delicious!
B000K8ESBE,A1RJ18I5BETWR5,5,Always one in my purse
B001EO69NS,A1L4RDILGM7D9E,5,Delicious yogurt!
B001EO69NS,A2ALR22UJ6QI6R,5,Always the Best
B001EO69NS,A1WOMXOEX90ARI,5,Simply Delicious!!!
B001EO69NS,AFMB9JPLQNWVT,5,Great product
B001EO69NS,AC64J76R8B1M9,3,The yogurt is very tart
B002Q7RMWE,A25A5GLNPB42BH,3,par
B002Q7RMWE,A31LEVBRCI0BQX,3,good for a peony
B002RBTV78,A1KOCGNDLF2VUR,5,PEGGY
B002RBTV78,A1GYX4QONXQIPK,5,Lindt Truffles
B001DST6IK,A2E3WMF9RWW2X2,5,Heafty and beautiful!
B0029NIW60,A8FJHPCMKR28F,3,Fair
B0029NIW60,A96ELROLQRPAE,5,Just what I needed
B0029NIW60,A12TCY12RMA0YE,5,perfect
B0029NIW60,A3SEW1ECTN5D0D,1,Dog loved it Vet hates it
B0075AOEJ6,A1HH1DPK1ASVDN,4,It'll Put Hair on Your Hot Dog!
B000SP1CWW,A1N2L9A6I686G5,5,My Dogs Love This Stuff!
B000SP1CWW,A1N2L9A6I686G5,5,Another Great Tasty Paste
B000SP1CWW,A2M687HYOW9JFW,1,Garbage!
B000SP1CWW,A22J92A80WI059,5,Dogs can't resist it.
B000SP1CWW,A3VY8G2W22S7DV,5,Stuff-n liver paste - great stuff!
B000SP1CWW,A102TGNH1D915Z,4,Not just for puppies...
B000SP1CWW,A2FKNAOSP2965J,2,Only giving this 2 stars for ease of use
B000SP1CWW,A3PPFW1RHMAULY,5,Good Stuff
B000SP1CWW,AILAHGJ0LY6RO,3,It's ok...but Peanut Butter is just as good (and cheaper!)
B000SP1CWW,A102TGNH1D915Z,4,Great distraction
B000SP1CWW,A22J92A80WI059,4,Dogs can't resist it.
B000SP1CWW,A3VY8G2W22S7DV,3,Liver Paste - pretty runny
B005EF0HSG,AOVROBZ8BNTP7,3,Nice but Ordinary
B005EF0HSG,A39XAXOXLQODNC,3,... a little light on actual food
B0015G862M,AJV2QY96IVPVM,5,Great product for traveling with your dog!
B008OV91VQ,A3HPCRD9RX351S,5,Passed the Taste Test
B008OV91VQ,A3HPCRD9RX351S,4,Worthwhile treats
B004QK24C2,A1SYJ0JI4QQGVZ,5,great flavor
B004QK24C2,A3FI3UH5M3VYEP,5,Good flavor!
B000I200NW,A2BIJMB2BITQUM,4,Very nice hot cocoa
B000LKZ94G,A311FRP5Y7Q5D5,5,YUMMY!
B000HDH0J4,AVU1ILDDYW301,1,nasty. .. Nasty. . . NASTY!
B001FA1RYM,A2ETT9SL9AN39O,5,"Love, Love, LOVE this stuff!"
B000I200NC,A2L3A4NG6X7XYD,5,C`est Bon Tea
B0029K68ZK,A24ZV048V7J0MT,4,Have to Hide These
B0029K68ZK,A36WGHR8TO5DKT,4,Good Cold Shipping by Amazon
B0029K68ZK,AZV26LP92E6WU,5,they are a little bit too delicious for me!
B0029K68ZK,AYB4ELCS5AM8P,5,A classic!
B0029K68ZK,ABDCYK04CL6O4,5,M&M's PEANUT CANDY 19.2-OUNCE(PACK OF 4)
B007POT6RM,ASPL0SF3VVEZH,1,ARTIFICIAL Flavors
B007POT6RM,A2H0T0PY5IMEFX,5,Great Stuff
B007POT6RM,A3VYKXHQDICC6,4,Excellent for what it is
B007POT6RM,A2D7X9N3IV3S7B,5,Oatmeal with maple brown sugar ~ not sugar with a little oatmeal
B007POT6RM,A2FTGWMYLP4M8U,5,are you people even reviewing the right thing??
B007POT6RM,A2UQIQUOAB47OT,5,Our favorite
B007POT6RM,A9LAPV8XNKZVZ,4,more please
B007POT6RM,A1TRAEV7QWA5DX,5,Another favorite
B007POT6RM,A2TC8FD170FC2Q,2,I'm just an old-fasioned oatmeal kind of gal
B007POT6RM,A1AJQUA9PEA90X,1,Horrible - why'd they change it?
B007POT6RM,A23PBLHUOR6GNN,5,Great instant oatmeal
B007POT6RM,ANOBZWKE25SBY,3,"Good, but you call that a serving?"
B007POT6RM,A11LNY2OLQSUSV,5,great oatmeal!
B007POT6RM,A2HC9549CZAKNN,4,pretty good
B007POT6RM,A1Q0Q6S0Z0V37Y,5,just what I remember
B007POT6RM,AN0N05A9LIJEQ,5,As good as ever!
B007POT6RM,AAWUXA65NDMYM,2,"Just okay.  Use on road trips, but otherwise make your own."
B007POT6RM,AE2MKYLMTYF21,4,Great product
B007POT6RM,A2VIUUWR7B11KS,4,Very good on a cold morning...
B007POT6RM,A375NF45A1MDWI,4,Nice breakfast
B007POT6RM,A1URMXEEWEQR6V,5,loads of flavor
B007POT6RM,A25HYPL2XKQPZB,5,Delicious comfort food
B007POT6RM,A3W4D8XOGLWUN5,4,Classic & Tasty
B007POT6RM,A224KM22RQ5CD4,4,old classic
B007POT6RM,A2065HBMYDXJ1S,5,Very yummy oatmeal
B007POT6RM,A2J8DE8R94ZB02,4,"Pretty good, not the best"
B007POT6RM,A3GMVCTJTHYG1F,5,Delicious and easy to prepare!
B007POT6RM,A147FUNITGB21I,3,Breakfast in a Hurry
B007POT6RM,AG36DMYKO3HPM,5,Heart Healthy and Tastes GOOD!!!
B007POT6RM,AF3X7J0XC391L,3,Not superior to the competing brands
B007POT6RM,A31YSTICHFYN7O,4,"Not quite as Maple-y as I remember, but still great!"
B007POT6RM,A1FVP6G8W3O8ZA,4,Very sweet - good smell.
B007POT6RM,APVK8GGSSUDCE,3,Typical instant oatmeal
B007POT6RM,A2VYSDQ4Q7B2TC,4,"Slightly artificial flavor, but still eatable."
B007POT6RM,A1F9Z42CFF9IAY,4,"Great taste, seems healthier"
B007POT6RM,AFJFXN42RZ3G2,5,Oatmeal and all of its varieties
B007POT6RM,A1AEPMPA12GUJ7,4,It's a classic; what's not to like?
B007POT6RM,A383XURHVF8ON6,5,The good ol' Classic Recipe that I grew up with
B007POT6RM,A1LG1DKUZXGJ6J,5,Quaker Instant Oatmeal
B007POT6RM,A1ZGXZW37JEZWH,5,a staple in our house
B007POT6RM,A1S1YWNZEJPVAB,4,"Quick, easy, and delicious!"
B007POT6RM,A2UKE7GIVC7XFW,2,Stick to the original
B007POT6RM,A1Q4MNIUESQTBM,5,"Consistent, Quick, Healthy breakfast choice."
B007POT6RM,A3F3B6HY9RJI04,4,"Easy to make, keeps me full, but the taste could be better"
B007POT6RM,A350HRB16YUX9P,3,"Tasty, but I wouldn't call it ""wholesome""."
B007POT6RM,AIREHOF22MIBM,4,Wholesome and convenient.
B007POT6RM,A1YZEKPPMXG1YJ,5,Love these!
B0067EO5Q8,AR3LDOEXJIMAH,5,Kellogg's Raisin Bran Crunch Cereal 24.8-ounce (Pack of 2)
B004NRTVWE,A1ZPY91VE3IDN1,5,"When done, throw into the compost pile"
B008L9O0W6,ANOBZWKE25SBY,5,Tastes like the movies!
B008L9O0W6,A1T2RO4T29TNUL,3,Not so theatre style
B008L9O0W6,A2NXI0NSQBIJZR,1,Unimpressed
B002ZOCEOY,A1B82XCI50PTBJ,5,Great buy @ Amazon
B002ZOCEOY,A1N655X9X7C6QY,5,WONDERFUL COFFEE
B000V9PH4O,AVJJ2D4G5I0Z4,4,Amazingly tasty!  But it has green tea too.
B000V9PH4O,A38Q1ROUWYYUGW,2,white tea with blueberry / pomegranite
B000V9PH4O,A1UN5Q1FKH1ZT7,5,Yummy pick-me-up
B000V9PH4O,A2KUUWP4ZZMOBP,4,"Mild, fruity flavor 3.5 stars"
B000V9PH4O,A361PLXEWB9UC1,1,"sorry hodge-podge, masquerading as white tea"
B000V9PH4O,A3QJQQZTKFV7BJ,1,Tastes good BUT
B0007MUM6S,A2V10DEH7G5AY2,5,This is the best mayo...and all natural ingredients!
B0008IT4LK,A2W3D8MO3DD9CB,1,"Truffle Oil? Well, at least the oil is real."
B000LKV04E,A15AX7PWR2HZE7,5,My Favorite Chocolate
B000RFS57I,A27NTHPTRXB766,5,Great price Amazon
B000RFS57I,A2TN9C5E4A0I3F,1,"Not individually wrapped, not that great and moldy fast!"
B0088JR9PY,AQ5DOLCW77FEE,4,Authentic flavor
B0088JR9PY,A1Z26CP0SA9CV4,5,Phenomenal flavoring
B000CDP2XA,A38QC66S2J40ZA,1,Why so pricey - is the quantity wrong?
B00485BIKY,AWPN47SSWK1JV,1,Poor Quality
B004M0ES98,A39EW9DLVX70B9,4,"As far as I can tell, these are very good split peas"
B004M0ES98,AJLW1DZSHOVGW,5,The Best of the Best
B000YUOY30,A3BLP7LRNCAT2Y,2,A disappointment!
B000YUOY30,A1CNMLLMYNE26K,5,Awesome
B000YUOY30,A26Z773HTKKWV,4,My family loves this
B007OXJMD2,A2C27IQUH9N1Z,5,good deal on K-cups
B007OXJMD2,A30GEP1I3ZJABG,4,"Good, but a little pricey"
B007OXJMD2,A2KMFRF5XD7LEO,5,coffee
B0016FRI8A,A1EA3QWLRO24X8,5,"Finally, an affordable, delicious green tea powder"
B0016FRI8A,A1OAZUFZTEEUEC,5,great alternative to bottled green tea
B0016FRI8A,A3HPZ6BIMNXSZR,4,nice substitute for soda or sugary tea
B0016FRI8A,A1CBNUBPZPWH5D,5,Flavorful and refreshing
B0016FRI8A,A281NPSIMI1C2R,5,Very Reasonably Priced and Delicious
B0016FRI8A,A3I4PCBRENJNG2,4,lots of uses for this green tea...
B0016FRI8A,A10ZN08SMLZL1Y,2,Crushed up leaves!
B0016FRI8A,A3UN7Q9YZX1UPN,5,My Experience
B0016FRI8A,A1USEUYCTA5R4P,5,VERY CONVIENENT!
B0016FRI8A,A6OT2UHMRIXU3,3,Handy but not to tasty
B0016FRI8A,A2VHBEFX94H61R,4,Stash Instant Green Tea
B0016FRI8A,A2DWEZ8PJZR6I9,2,Stash Premium Mint Green Iced Tea Powder
B0016FRI8A,AGXKZFVU0YA4U,1,No Flavor - Not Authentic
B0016FRI8A,A1U15WYNFC412O,5,Good tea
B0016FRI8A,A1OTXOGDLHTYSR,5,Stash Green Tea Powder
B0016FRI8A,APD719S590F2U,5,Love it!
B0016FRI8A,APD719S590F2U,4,For ginger fans
B0016FRI8A,A2IOH181X1SZ3S,5,Great for on the go!  Makes water a little less boring!
B0016FRI8A,A2YQCZEHOJZLQL,5,Great health benefits
B0016FRI8A,A3TG3FPAFO0SWT,5,Good for on the go
B0016FRI8A,A2B0RUYD25KBFB,4,"Good tea taste, not sweet"
B0016FRI8A,A1B9S39FZYBGYQ,5,Tastes GREAT!!
B0016FRI8A,A2NLZ3M0OJV9NX,2,Way too weak for my tastes
B0016FRI8A,A1I6ZQUXVDG1CT,4,"Mild taste, easy to mix, will buy again"
B0016FRI8A,A2JV21UM89AIML,3,Trying this product for the first time
B0016FRI8A,A351W0BCYYUGYW,5,got me off the diet soda
B0016FRI8A,A1CBNUBPZPWH5D,5,Nice Green Iced Tea Beverage
B0016FRI8A,APAOU9269HJRL,5,"YUM....Yum, Yum!!!!"
B0016FRI8A,A1V01GIJQGJ9ID,4,Mom of 5
B0016FRI8A,A7RQ5DNXWAA74,5,Best Instant Green Tea Ever
B0016FRI8A,A3J171NBGIBYAW,2,Not for Me
B0016FRI8A,AMTGH49GWJXP7,5,ice tea
B0016FRI8A,A37BVJZJAMA83S,5,Great tea
B0016FRI8A,A2DFM26VLNVYNY,5,Great tasting and easy to use
B0016FRI8A,A14IWAGB679T86,5,Perfect summer tea
B0016FRI8A,A3GLC45MF00NFF,3,Just had a glass today
B0016FRI8A,AGY5RK3EKTFC9,1,Doesn't have taste...
B0016FRI8A,A2NLZ3M0OJV9NX,2,"Of al the Stash iced teas this is the best, and it is still not all that good"
B0016FRI8A,A2NLZ3M0OJV9NX,2,way too weak for my tastes
B0016FRI8A,A19JPOFY2O1KHD,1,Awful
B0016FRI8A,A2G4IIUA18TVCP,3,Makes great drinks but you have to use a lot!
B0016FRI8A,A1D1SP3AOXDP4H,3,Not bad.  A bit light.
B0016FRI8A,A3EKKE39YN92KZ,5,Great product!
B0016FRI8A,A31Z7ATIAL5KFB,5,First time purchaser!
B0016FRI8A,A3I4PCBRENJNG2,4,quality lightly sweetened green tea powder
B0016FRI8A,A1G12MZXFX1Q1X,5,"not too sweet, not too strong, just right"
B0016FRI8A,A1QCP3UXNAN8FJ,4,Great pick me up on the go - hot or cold!
B0016FRI8A,A1U15WYNFC412O,5,Good stuff
B0016FRI8A,ABMSXYKU0XPC,5,Wonderfully refreshing drink
B0016FRI8A,A2CHB7ZP0AL4FC,5,Easy and tasty for better health
B0016FRI8A,A14U2WTVE7B377,5,Very refreshing!
B0016FRI8A,A15D65M0NGF1T,5,Love it!
B0016FRI8A,AQ5UKHMH36LV9,5,Refreshing addition to water
B0016FRI8A,A34OXX5PQ1XEHB,4,Powdered Green Tea by Stash
B0016FRI8A,AHVF60N50361W,4,Refreshing flavor
B0016FRI8A,A32WSTQB6AVSBM,5,Just as expected
B0016FRI8A,A1R9YRTB6JQFWK,5,Great taste and convenient
B0016FRI8A,AHVF60N50361W,5,Tea
B0016FRI8A,A1CBNUBPZPWH5D,4,Refreshing summer beverage
B0016FRI8A,A32TI3XCI0KS2C,1,waste of money
B0016FRI8A,A1VQKT0EFQ3Q2K,5,Great product - at last!
B0016FRI8A,A12RI7T2PXO4JQ,5,Lightly sweet and cheeper than an Jamba Juice Matcha Shot!
B0016FRI8A,A24NRU0P0TN907,1,Terrible
B0016FRI8A,AFWA3MAM1R45K,1,"Beware, if you have a corn allergy!!"
B0016FRI8A,A2W7ZBU9A8HKR9,5,lightly sweetened green iced tea powder
B0016FRI8A,A2XMLM5S0PC2BR,5,Great Product
B0016FRI8A,A4DULCHGKEA59,1,Not So Much!
B0016FRI8A,A2VDQUOEN5SYKD,4,"Pretty good stuff, with the right sweetener"
B0016FRI8A,A37Y0WULUM9IJ5,2,Don't bother
B0016FRI8A,A37Y0WULUM9IJ5,2,Not worth it!
B0016FRI8A,A37Y0WULUM9IJ5,2,I wouldn't bother.
B0016FRI8A,AHVF60N50361W,4,powdered tea
B0016FRI8A,A1ONZ8JRPLBNUI,2,mona lisa
B0016FRI8A,A28KT7YARLG4JC,1,stash tea powder review
B0016FRI8A,A1MJYKZLAVA021,1,The mint tea I bought
B000LR2PDM,A3F1YQ1AZQ6B72,5,Delicious!  Perfect Morning Cup of Coffee
B00122CN8C,AIBDONB6UWSK2,5,Superb Product!
B0089SPEO2,ATVAXMCSYVATX,5,Great price for great tea
B0089SPEO2,A1DRJBPOAUUYG3,5,Love it
B0089SPEO2,A165ME21JE98VF,1,Disappointing flavor
B0089SPEO2,A165ME21JE98VF,5,Delicious tea!
B0089SPEO2,A1DRJBPOAUUYG3,4,Warm and Yummy
B0089SPEO2,A1JNCUQ9EGC0HV,5,CS Mandarin Orange Spice Herbal Tea kcups
B0089SPEO2,A1UWE64CPO197G,5,Great KCup Tea
B0089SPEO2,A321B5DIQCYBLK,4,My wife loves it...
B001E8HSAM,ADS5APY1NKTL4,5,"A great product in aiding digesting, dental problems, breath...."
B00269YMNE,A85OCYZA5D7OS,5,great coffee
B000FKAYO2,A2XL6TZM34HFV3,4,Best brown rice pasta I've tried
B000FKAYO2,AAWUXA65NDMYM,5,"Better than the ""normal"" pasta I used to eat!"
B000FKAYO2,A1UD24NCOCUV97,5,I cannot tell it is gluten free
B000FKAYO2,A2VBL3JMMB282U,5,Love this Product
B000FKAYO2,A26X7W5UM5QFT4,5,Gluten Free?  You'll love this!
B000FKAYO2,A3VSMSEGHLS0PU,5,Fooled My Friends!
B000FKAYO2,A1AQ2W2R4SOVGN,1,Disappointed
B003EH6P9Q,A1CO82667TIX92,5,"Bold cup, keeps you alert"
B003EH6P9Q,ATNY35C54SQPO,1,Strong and with a kick but....bitter and defective cups
B003EH6P9Q,A6U8GJ9BOMT04,5,love this coffee
B003EH6P9Q,ATNY35C54SQPO,1,Strong and with a kick but....bitter
B003EH6P9Q,A22NU0QZBB0PDK,5,Love it!
B003EH6P9Q,A23NWDV9UVDRA6,5,Revv Pulse- Excellent and bold
B003EH6P9Q,A6U8GJ9BOMT04,5,cant live without it
B003EH6P9Q,A2Y8WQ1925QY0U,1,RIP OFF price
B00401OY6Q,A2QU71VMQM2RE5,5,Hydration addiction
B00401OY6Q,AL0I8X5J1KBDB,5,Tastes good.
B00401OY6Q,AS1FCKNKY95ID,5,Very pleasantly surprised!
B000KOSMWE,A1Z7AFFHBSER9J,1,Smells like the plastic you cook it in!
B000Q86EN8,ARRLW107H4HCB,5,Nice little treat
B00061EOHI,A437V8QIIXBZJ,5,great popcorn
B00061EOHI,AWAB7PKBO3BBT,5,Great tasting microwave popcorn - finally
B00523FCK8,A3N4KW967ZFLKM,5,My humas is so tasty now!
B0002VXZ40,A250AXLRBVYKB4,5,Best Wasabi Peas ever. Tasty and good for you!
B0002VXZ40,A39Q2NUVJF92X8,5,Quaility peas. great price
B0002VXZ40,A30IWWU6QPZ4DM,4,very good but I have 1 complaint
B0002VXZ40,AOLBCKS1DRHOR,5,"Great price, great product"
B000FFVYF0,A1EJUI68G6UXBG,5,Out of this world!
B000FFVYF0,A36M3X57QR2A99,5,Move over Almond Joy and Snickers!
B000FFVYF0,A2G6O9IQ6Y64AD,5,Small slice of heaven
B000FFVYF0,AM53SV4CAQK7C,1,"Great bars, but..."
B000FFVYF0,ADA27F279TGTM,5,Healthy food can taste good.
B000FFVYF0,A1T1YSCDW0PD25,5,Tasty healthy nut bars
B000FFVYF0,AZSZQXY81ZSM3,5,Sinfully delicious yet low carb and gluten free
B000FFVYF0,A3H9DFV0SM9UQ6,3,Extremely crunchy
B000FFVYF0,A13AT07T0J9SVT,5,"slightly sweet, great low carb 'candy' bar!"
B000FFVYF0,AEVITGJT39KQE,5,Best energy bars on the market!
B000FFVYF0,A2B5INK0TSCGU9,5,Delicious & nutritious
B000FFVYF0,A29A5IHL186UT1,5,delicious
B000FFVYF0,AH5O6WI95H45V,5,Like peanut brittle without the candy!
B000FFVYF0,A3E97YLX0GG6PB,4,You've Gotta Like Nuts!
B000FFVYF0,A2KJ6RTHZYFW7Q,5,These bars are the best on the market
B000FFVYF0,A2WHWDH3DEP1SH,5,Excellent bar!
B000FFVYF0,A3O0MD4SUI34EF,5,Great snack bar
B000FFVYF0,A2RYF71E8OI7XG,5,great bars
B000FFVYF0,AQ0VZB92KJYR0,5,Awesome and fantastic
B000FFVYF0,A10PZ8PQJG79EK,5,Badda Bing of Bars
B000FFVYF0,A1OUQU7BBA9GR7,5,KIND Almond & Coconut bars
B000FFVYF0,A3P8IV0210DT5W,4,Bars continue to be kind
B000FFVYF0,A1XHH0ZZ3V31Q,5,KIND Nut Delight Bars
B000FFVYF0,AD8GRLWOEWVXA,5,Great Gluten Free Snack
B000FFVYF0,A3GBQIC33A89DY,5,Very Tasty
B000FFVYF0,A49M8FXUWGWL6,4,Very good snack bar.
B000FFVYF0,A1NCM5O48NXPGF,2,***STALE***
B000FFVYF0,A2EZTM9WY5B5IL,5,Delicious
B000FFVYF0,A2KJ6RTHZYFW7Q,5,"Handy, nutritious, delicious energy/breakfast/candy BAR"
B000FFVYF0,AUXXTFK0B0AB6,5,Great meal-on-the-go!
B000FFVYF0,A15VABZK49EBFA,3,"Love the bar, but a bit expensive"
B000FFVYF0,AAMNKQCRLACQN,5,Great Tasting
B000FFVYF0,A2YVIPKZGIK6W8,3,"Nice taste, but too tough to chew for me."
B000FFVYF0,A2E3815GEPNESF,3,Good but not warehoused well.
B000FFVYF0,A28OM1RWCZ6RPM,5,The Best
B000FFVYF0,A2N4P0XHG72D6A,5,Good for diabetics and gluten sensitivity
B000FFVYF0,A25SDTIJI2EFPG,5,Convenient and taste great
B000FFVYF0,A2TKP7DBZFCMSK,5,Love them!
B000FFVYF0,A3C41LB5UXKN5N,5,Good and good for you!
B000FFVYF0,A1O4QJPB9E2T4G,5,YUMMY!!
B000FFVYF0,A1RKGR4GBD56E7,5,Delicious Crunch
B000FFVYF0,A17G8L50FKC0UV,5,Great
B000FFVYF0,A2U94E760UDYMH,5,Very nutritious and tasty; get it for less on Amazon
B000FFVYF0,AL3XTUU4866TC,5,Yum-O
B000FFVYF0,A1CDHEZSJU8RM7,5,Addicted!
B000FFVYF0,A2023OTNO3QIIW,5,Snack bars don't get any better than this
B000FFVYF0,A276CFPBYBLQNT,5,Great tasting bar
B000FFVYF0,A31QN6L85OFCNR,5,Yummy healthy bar
B000FFVYF0,AGX5A9BYYI1TU,5,Best product in the marketplace.
B000FFVYF0,A2M1A5H8502843,1,Completely inedible
B000FFVYF0,A50PS6PW0AEPC,1,Taste good but...
B000NME632,A2582KMXLK2P06,5,delicious but there is a major problem
B000NME632,A281387UUS2IN5,5,"Great product, well presented."
B000NME632,A11ED8O95W2103,3,They're Monterrey Mints now!
B000NME632,A1HH1DPK1ASVDN,4,"Sweet, yes. Alpine, not so much."
B0007R72HK,A312SLTW5MTAY,5,Worth the Price!
B0011DQSFQ,A25H70DCDW7ZV1,5,"hard to find tea, thanks amazon"
B000F70SO6,AYGJ96W5KQMUJ,3,Sweet and bland
B000F70SO6,AJB5P7GVR0MT8,3,Saved by glucose syrup
B001ACNWY8,AK8LOFYRZJJW0,5,So happy to discover this mix!
B001ACNWY8,AMJJZBOAV8HCC,5,Chebe Bread Mix good GF stuff
B001ACNWY8,A2D293ADQ5HCLF,5,Great all-purpose baking mix
B004TZITTQ,A2QU71VMQM2RE5,5,Love the scent!
B000MPRP4C,AC6LV5D2RKTIR,5,As good as bagged can get
B003OZV53O,AR7TAEEUDHMUB,5,Excellent Berry Flavor!
B003OZV53O,A159699NARVH23,1,16.9 ounces bottles of pure disgust.
B002ZJ3C18,A19XBW5WUDH1Z,1,Contains MSG
B000NU8H0C,A34VCCL1YO6D0I,4,Another Flavor and another thumbs up!
B000NU8H0C,AY12DBB0U420B,5,"Real Fruit Juices With Added Carbonation, But No Added Sugar"
B000NU8H0C,AKMEY1BSHSDG7,5,Nothing else like it!
B000NU8H0C,A1YUL9PCJR3JTY,5,Sweet and Healthy Soda
B00434J154,A19SDJ2TSSL8HI,4,Diabetic Friendly + Tastes GREAT + Versatile for Cooking/Baking
B00434J154,A2C8O554YMY2ZL,5,I Love This Soup!
B00434J154,A15RT5XOD85Q29,5,Great lower carb soup and wonderful sauce
B0026A4Z12,A155WMKLHBXTJ8,3,Just okay
B0001FQV5C,A26HFSVLAGULIM,5,BEST KIND OF OIL WITH THE MOST IMPRESSIVE CREDENTIALS
B0001FQV5C,AHIK7BUXFRMT8,5,The Only Olive Oil We Buy
B0001FQV5C,AI0BCEWRE04G0,5,Does the Job
B0002VXZ4A,A1ENHQLNJ8GG2R,2,Cheap but not very good
B0002VXZ4A,A1MG36E0O8E2QC,5,Tasty and GREAT!!!
B0002VXZ4A,A2NAGIYG83DCOH,5,Great Product at a Good Price
B0002VXZ4A,A19I65RQ81490W,5,Addicting
B0002VXZ4A,A322NZEBADB44C,5,Perfect
B0002VXZ4A,A2U3MPKGI7CEGI,1,Cheap knock offs are not that hot
B000FFVYFA,A1EJUI68G6UXBG,5,Out of this world!
B000FFVYFA,A36M3X57QR2A99,5,Move over Almond Joy and Snickers!
B000FFVYFA,A2G6O9IQ6Y64AD,5,Small slice of heaven
B000FFVYFA,AM53SV4CAQK7C,1,"Great bars, but..."
B000FFVYFA,ADA27F279TGTM,5,Healthy food can taste good.
B000FFVYFA,A1T1YSCDW0PD25,5,Tasty healthy nut bars
B000FFVYFA,AZSZQXY81ZSM3,5,Sinfully delicious yet low carb and gluten free
B000FFVYFA,A3H9DFV0SM9UQ6,3,Extremely crunchy
B000FFVYFA,A13AT07T0J9SVT,5,"slightly sweet, great low carb 'candy' bar!"
B000FFVYFA,AEVITGJT39KQE,5,Best energy bars on the market!
B000FFVYFA,A2B5INK0TSCGU9,5,Delicious & nutritious
B000FFVYFA,A29A5IHL186UT1,5,delicious
B000FFVYFA,AH5O6WI95H45V,5,Like peanut brittle without the candy!
B000FFVYFA,A3E97YLX0GG6PB,4,You've Gotta Like Nuts!
B000FFVYFA,A2KJ6RTHZYFW7Q,5,These bars are the best on the market
B000FFVYFA,A2WHWDH3DEP1SH,5,Excellent bar!
B000FFVYFA,A3O0MD4SUI34EF,5,Great snack bar
B000FFVYFA,A2RYF71E8OI7XG,5,great bars
B000FFVYFA,AQ0VZB92KJYR0,5,Awesome and fantastic
B000FFVYFA,A10PZ8PQJG79EK,5,Badda Bing of Bars
B000FFVYFA,A1OUQU7BBA9GR7,5,KIND Almond & Coconut bars
B000FFVYFA,A3P8IV0210DT5W,4,Bars continue to be kind
B000FFVYFA,A1XHH0ZZ3V31Q,5,KIND Nut Delight Bars
B000FFVYFA,AD8GRLWOEWVXA,5,Great Gluten Free Snack
B000FFVYFA,A3GBQIC33A89DY,5,Very Tasty
B000FFVYFA,A49M8FXUWGWL6,4,Very good snack bar.
B000FFVYFA,A1NCM5O48NXPGF,2,***STALE***
B000FFVYFA,A2EZTM9WY5B5IL,5,Delicious
B000FFVYFA,A2KJ6RTHZYFW7Q,5,"Handy, nutritious, delicious energy/breakfast/candy BAR"
B000FFVYFA,AUXXTFK0B0AB6,5,Great meal-on-the-go!
B000FFVYFA,A15VABZK49EBFA,3,"Love the bar, but a bit expensive"
B000FFVYFA,AAMNKQCRLACQN,5,Great Tasting
B000FFVYFA,A2YVIPKZGIK6W8,3,"Nice taste, but too tough to chew for me."
B000FFVYFA,A2E3815GEPNESF,3,Good but not warehoused well.
B000FFVYFA,A28OM1RWCZ6RPM,5,The Best
B000FFVYFA,A2N4P0XHG72D6A,5,Good for diabetics and gluten sensitivity
B000FFVYFA,A25SDTIJI2EFPG,5,Convenient and taste great
B000FFVYFA,A2TKP7DBZFCMSK,5,Love them!
B000FFVYFA,A3C41LB5UXKN5N,5,Good and good for you!
B000FFVYFA,A1O4QJPB9E2T4G,5,YUMMY!!
B000FFVYFA,A1RKGR4GBD56E7,5,Delicious Crunch
B000FFVYFA,A17G8L50FKC0UV,5,Great
B000FFVYFA,A2U94E760UDYMH,5,Very nutritious and tasty; get it for less on Amazon
B000FFVYFA,AL3XTUU4866TC,5,Yum-O
B000FFVYFA,A1CDHEZSJU8RM7,5,Addicted!
B000FFVYFA,A2023OTNO3QIIW,5,Snack bars don't get any better than this
B000FFVYFA,A276CFPBYBLQNT,5,Great tasting bar
B000FFVYFA,A31QN6L85OFCNR,5,Yummy healthy bar
B000FFVYFA,AGX5A9BYYI1TU,5,Best product in the marketplace.
B000FFVYFA,A2M1A5H8502843,1,Completely inedible
B000FFVYFA,A50PS6PW0AEPC,1,Taste good but...
B000PDY3P0,A2YEZ8Z3BW2SKG,5,Delicious and easy to pop.
B000PDY3P0,A2HMF8ZR67BNZS,3,Popcorn
B000PDY3P0,ALLSZRJL9YBCO,3,Great in theory
B000PDY3P0,A1H6TK4JX6VH0S,4,great taste!
B000PDY3P0,AFJQ74JJ2MFHY,5,This is the real deal
B000PDY3P0,A3OIE7IE9LTPJG,4,Average Popcorn - Nice size bags
B000PDY3P0,A2QDOJFFLFGF18,5,Great Product
B000PDY3P0,A2NXI0NSQBIJZR,4,Good Popcorn With Some Help
B000PDY3P0,A2HMF8ZR67BNZS,5,Popcorn
B000PDY3P0,AIL7KO1U5Y5HZ,5,Who needs to go to the movies?
B000PDY3P0,AO09RWV40IX78,5,Theater Style Popcorn at Home
B000PDY3P0,ASY25YMTIC2A9,3,Varying Freshness Ruins What Could Be Great Popcorn
B000PDY3P0,A3HX13IFJH0TMW,4,Great American Popcorn - As described
B000PDY3P0,A1ILMDO2212ZZ9,3,"Taste good, but very small popped kernels"
B000PDY3P0,A1OJU4I8E96AF0,4,"Great popcorn, a little salty"
B000PDY3P0,A1T2RO4T29TNUL,4,Pretty damn close
B000PDY3P0,A1KJ2VZNTWPIUO,5,I will never buy another box of microwave popcorn
B000PDY3P0,A1YU3SAW0XHQIY,4,Nice flavor - but extremely salty.
B0001GUQ20,A14HZ5EMD2WCG,5,Here's the beef!
B0002VXZ4K,A1ENHQLNJ8GG2R,2,Cheap but not very good
B0002VXZ4K,A1MG36E0O8E2QC,5,Tasty and GREAT!!!
B0002VXZ4K,A2NAGIYG83DCOH,5,Great Product at a Good Price
B0002VXZ4K,A19I65RQ81490W,5,Addicting
B0002VXZ4K,A322NZEBADB44C,5,Perfect
B0002VXZ4K,A2U3MPKGI7CEGI,1,Cheap knock offs are not that hot
B003ZX2PX4,ADQGF68CXJOTX,5,Delicious & Versatile But Only $2.69 each at Trader Joe's
B000GFYRIA,ADUD2B1M768W2,3,pretty good
B000GFYRIA,A2UDUJG17I8S1,5,"Decadent, yet fat free!"
B000GFYRIA,A2KQT4D0OZR569,5,"A great tasting ""dessert tea"""
B000GFYRIA,ABVCQPI1GMONN,5,One of my favorite teas!
B000GFYRIA,ATJN4KEHJBOC8,5,This will be a real help ...
B000GFYRIA,A2D1LPEUCTNT8X,5,Wonderful! When I drink it at work people stop by my office to smell the aroma
B000VZSNS0,A30KCQIU856SEH,5,"Toffee, nut lovers, you will hide and hoard this stuff"
B000X98Z5A,A3H7NPNDMGLOU4,5,Toothsaver
B000GFYRIK,A2UVYN2FO7X43V,5,Best Tea Ever
B000GFYRIK,A1UFLVSJ3IRETQ,5,Tasty!
B000GFYRIK,ADUD2B1M768W2,5,delicious
B000GFYRIU,AC6LV5D2RKTIR,5,"Less a tea, more a remedy"
B000GFYRIU,A3J171NBGIBYAW,5,My Favorite Brand
B000GFYRIU,AFM65NU0UXIGP,5,Extremely delicious
B000GFYRIU,A1AES697PC2IW5,5,Cool Mellow SPEARMINT Black Tea +++
B000GFYRIU,A1UFLVSJ3IRETQ,5,Refreshing minty flavor!
B000GFYRIU,A3FY3H6F4249E0,5,Spearmint Green Leaves Candy
B006G7WC0W,A3IYSIAKYOMKTO,4,Pretty intense
B006G7WC0W,AR3LDOEXJIMAH,3,"Organic Mystic Morning Ground Coffee, 8 Ounce"
B006G7WC0W,A26LD9FQHTM8ZH,5,"Strong, great-tasting"
B001TOWIG0,A2PCDFY0GFI82V,5,Vazer vodka candies
B0045CTYNI,AY12DBB0U420B,5,"Mmmmm, Good!"
B0045CTYNI,A1X2A8LAZLOUO0,1,bag was greasy
B0045CTYNI,A1B82XCI50PTBJ,5,Really great taste
B005VOOQLO,A2II09GQGWOMTQ,3,It tastes like.....
B005VOOQLO,A18YMFFJW974QS,2,Tastes like Medicine
B005VOOQLO,A3OXHLG6DIBRW8,4,Good Engery Shots - Recommended
B000WHPNI0,A2NAZ6EX7YIA7N,1,PLASTIC bottle! Oils absorbe PVCs even at room temperature.
B000WHPNI0,AYNRALJ4X1COS,5,"great value, great quality"
B000WHPNI0,AKMEY1BSHSDG7,5,You SHOULDN'T be using anything else!
B000WHPNI0,A9L6L5H9BPEBO,5,Another Great Multi-Purpose Product
B000WHPNI0,AXQIHSF9KK7CO,5,Must HaveStaple
B000WHPNI0,A36MP37DITBU6F,5,Excellent for all cooking. Smooth flavor with no bitter after taste. My whole family loves it.
B000WHPNI0,A3NF5J6DYJ5SRL,5,Good deal!
B000WHPNI0,A2G9JJ0EI0JVIA,5,Perfect for cooking
B000WHPNI0,A2L01339XV496V,5,Good Product!
B001EQ5F9K,A22CW0ZHY3NJH8,5,The family's favorite cereal
B001EQ5F9K,A3CIHP9FFPE9I3,5,Good cereal
B001EQ5F9K,A1K7AQQFLE1E1O,5,Yum!
B001EQ5F9K,A3MD1DYKEGKYQB,5,My favorite
B001EQ5F9K,A370Z6I5GBWU44,4,A Great cereal for kids and adults
B001EQ5F9K,A2K89R0B20LYHB,4,"Good taste, and good expiration date."
B001EQ5F9K,A1UFLVSJ3IRETQ,5,Awesome cereal at a very reasonable price
B000FDLAZ6,A2YSFKX18XTHED,5,Delicious and So Easy!
B001I8EVZI,A3EUSH8DPW75LR,5,Great coffee when the price is right
B001I8EVZI,A3LVWMBRUQKSLW,5,The only coffee used in my house
B001I8EVZI,A1XEHQJ0UHJ18E,5,Coffee Lover
B001I8EVZI,A1B6O7SAIYG2N0,4,Coffee in bulk
B001I8EVZI,A1J0FXKLB8S6K,5,Great Service and Convenience!
B001I8EVZI,A2YB7DLC3FOR7W,4,Love Folgers; Not the Best Deal Around
B000DZFMEQ,A3BPPXMWA7BF6Q,5,"Its ""Amazing"" because it is amazing!"
B000DZFMEQ,A8CKH8XB33XGN,5,It really IS amazing bread!
B000DZFMEQ,A1OT5GNKX296T2,4,Makes great bagels!
B000DZFMEQ,A19C2AS1H3ZGXY,4,great product
B000DZFMEQ,A2PIH1T5NW71AI,4,Great mix
